/*
MySQL Backup
Database: db_deca
Backup Time: 2022-09-28 16:32:01
*/

SET FOREIGN_KEY_CHECKS=0;
DROP TABLE IF EXISTS `db_deca`.`bodega`;
DROP TABLE IF EXISTS `db_deca`.`categoria`;
DROP TABLE IF EXISTS `db_deca`.`clientes`;
DROP TABLE IF EXISTS `db_deca`.`devolucion`;
DROP TABLE IF EXISTS `db_deca`.`devolucion_detalle`;
DROP TABLE IF EXISTS `db_deca`.`entrada`;
DROP TABLE IF EXISTS `db_deca`.`entrada_detalle`;
DROP TABLE IF EXISTS `db_deca`.`inventario`;
DROP TABLE IF EXISTS `db_deca`.`inventario_detallado`;
DROP TABLE IF EXISTS `db_deca`.`kardex`;
DROP TABLE IF EXISTS `db_deca`.`medidas`;
DROP TABLE IF EXISTS `db_deca`.`modulos`;
DROP TABLE IF EXISTS `db_deca`.`permisos`;
DROP TABLE IF EXISTS `db_deca`.`producto`;
DROP TABLE IF EXISTS `db_deca`.`salida`;
DROP TABLE IF EXISTS `db_deca`.`salida_detalle`;
DROP TABLE IF EXISTS `db_deca`.`usuario`;
DROP FUNCTION IF EXISTS `db_deca`.`edit_inventario`;
CREATE TABLE `bodega` (
  `id_bodega` int(11) NOT NULL AUTO_INCREMENT,
  `id_cliente` int(11) DEFAULT NULL,
  `nombre` varchar(200) DEFAULT NULL,
  `descripcion` text DEFAULT NULL,
  `status` tinyint(11) DEFAULT 1,
  `id_usuario` int(11) DEFAULT NULL,
  `created_at` datetime DEFAULT current_timestamp(),
  `update_at` datetime DEFAULT NULL ON UPDATE current_timestamp(),
  PRIMARY KEY (`id_bodega`) USING BTREE
) ENGINE=InnoDB AUTO_INCREMENT=39 DEFAULT CHARSET=utf8mb4 ROW_FORMAT=DYNAMIC;
CREATE TABLE `categoria` (
  `id_categoria` int(16) NOT NULL AUTO_INCREMENT,
  `nombre` varchar(255) NOT NULL,
  `status` tinyint(11) NOT NULL,
  PRIMARY KEY (`id_categoria`) USING BTREE
) ENGINE=InnoDB AUTO_INCREMENT=4 DEFAULT CHARSET=utf8mb4 ROW_FORMAT=DYNAMIC;
CREATE TABLE `clientes` (
  `id_cliente` int(11) NOT NULL AUTO_INCREMENT,
  `empresa` text DEFAULT NULL,
  `nombre` text DEFAULT NULL,
  `telefono` varchar(40) DEFAULT NULL,
  `direccion` varchar(200) DEFAULT NULL,
  `habilitado` tinyint(11) DEFAULT NULL,
  `id_usuario` int(30) DEFAULT NULL,
  `tipo_documento` varchar(10) DEFAULT NULL,
  `documento` varchar(20) DEFAULT NULL,
  `correo` varchar(100) DEFAULT NULL,
  `created_at` datetime DEFAULT current_timestamp(),
  `update_at` datetime DEFAULT NULL ON UPDATE current_timestamp(),
  PRIMARY KEY (`id_cliente`) USING BTREE
) ENGINE=InnoDB AUTO_INCREMENT=11 DEFAULT CHARSET=utf8mb4 ROW_FORMAT=DYNAMIC;
CREATE TABLE `devolucion` (
  `id_devolucion` int(11) NOT NULL AUTO_INCREMENT,
  `id_cliente` varchar(255) DEFAULT NULL,
  `referencia` varchar(255) DEFAULT NULL,
  `factura` varchar(255) DEFAULT NULL,
  `fecha_de_comprobante` varchar(255) DEFAULT NULL,
  `serie` text DEFAULT NULL,
  `archivo` longtext DEFAULT NULL,
  `tpago` varchar(255) DEFAULT NULL,
  `observacion` varchar(255) DEFAULT NULL,
  `direccion` varchar(255) DEFAULT NULL,
  `id_salida` int(11) DEFAULT NULL,
  `created_at` datetime DEFAULT current_timestamp(),
  PRIMARY KEY (`id_devolucion`) USING BTREE
) ENGINE=InnoDB AUTO_INCREMENT=23 DEFAULT CHARSET=utf8mb4 ROW_FORMAT=DYNAMIC;
CREATE TABLE `devolucion_detalle` (
  `id` int(16) NOT NULL AUTO_INCREMENT,
  `id_serie` text DEFAULT NULL,
  `id_producto` int(11) DEFAULT NULL,
  `cantidad` int(11) DEFAULT NULL,
  `created_at` datetime DEFAULT current_timestamp(),
  `update_at` datetime DEFAULT NULL ON UPDATE current_timestamp(),
  PRIMARY KEY (`id`) USING BTREE
) ENGINE=InnoDB AUTO_INCREMENT=354 DEFAULT CHARSET=utf8mb4 ROW_FORMAT=DYNAMIC;
CREATE TABLE `entrada` (
  `id_entrada` int(11) NOT NULL AUTO_INCREMENT,
  `id_cliente` int(11) DEFAULT NULL,
  `id_bodega` int(11) DEFAULT NULL,
  `referencia` varchar(255) DEFAULT NULL,
  `factura` varchar(255) DEFAULT NULL,
  `tipo_comprobante` tinytext DEFAULT NULL,
  `fecha_de_comprobante` varchar(255) DEFAULT NULL,
  `direccion` varchar(100) DEFAULT NULL,
  `serie` text DEFAULT NULL,
  `archivo` longtext DEFAULT NULL,
  `observacion` varchar(255) DEFAULT NULL,
  `created_at` datetime DEFAULT current_timestamp(),
  PRIMARY KEY (`id_entrada`) USING BTREE
) ENGINE=InnoDB AUTO_INCREMENT=51 DEFAULT CHARSET=utf8mb4 ROW_FORMAT=DYNAMIC;
CREATE TABLE `entrada_detalle` (
  `id` int(16) NOT NULL AUTO_INCREMENT,
  `id_serie` text DEFAULT NULL,
  `id_producto` int(11) DEFAULT NULL,
  `cantidad` int(11) DEFAULT NULL,
  `created_at` datetime DEFAULT current_timestamp(),
  `update_at` datetime DEFAULT NULL ON UPDATE current_timestamp(),
  PRIMARY KEY (`id`) USING BTREE
) ENGINE=InnoDB AUTO_INCREMENT=833 DEFAULT CHARSET=utf8mb4 ROW_FORMAT=DYNAMIC;
CREATE TABLE `inventario` (
  `id_inventario` int(16) NOT NULL AUTO_INCREMENT,
  `id_producto` int(16) NOT NULL,
  `id_usuario` varchar(30) NOT NULL,
  `cantidad` int(11) NOT NULL,
  `status` tinyint(1) DEFAULT 1,
  `created_at` datetime DEFAULT current_timestamp(),
  `update_at` datetime DEFAULT NULL ON UPDATE current_timestamp(),
  PRIMARY KEY (`id_inventario`) USING BTREE
) ENGINE=InnoDB AUTO_INCREMENT=777 DEFAULT CHARSET=utf8mb4 ROW_FORMAT=DYNAMIC;
CREATE TABLE `inventario_detallado` (
  `id_inventario` int(16) NOT NULL AUTO_INCREMENT,
  `id_serie` text NOT NULL,
  `id_producto` int(16) NOT NULL,
  `id_usuario` varchar(30) NOT NULL,
  `cantidad` int(11) NOT NULL,
  `fv` tinyint(1) NOT NULL DEFAULT 0,
  `fecha_ven` date DEFAULT NULL,
  `created_at` datetime DEFAULT current_timestamp(),
  `update_at` datetime DEFAULT NULL ON UPDATE current_timestamp(),
  PRIMARY KEY (`id_inventario`) USING BTREE
) ENGINE=InnoDB AUTO_INCREMENT=833 DEFAULT CHARSET=utf8mb4 ROW_FORMAT=DYNAMIC;
CREATE TABLE `kardex` (
  `idKardex` int(11) DEFAULT NULL,
  `idProducto` int(11) DEFAULT NULL,
  `lote` varchar(100) DEFAULT NULL,
  `idEstado` int(11) DEFAULT NULL,
  `cantidad` double DEFAULT NULL,
  `tipo` varchar(20) DEFAULT NULL,
  `fecha` datetime DEFAULT NULL,
  `usuario` varchar(10) DEFAULT NULL,
  `referencia` varchar(10) DEFAULT NULL,
  `caja` double DEFAULT NULL,
  `balanceDISPONIBLE` double DEFAULT NULL,
  `balanceRENTA` double DEFAULT NULL,
  `balanceAVERIAS` double DEFAULT NULL,
  `balanceNO_CONFORME` double DEFAULT NULL
) ENGINE=InnoDB DEFAULT CHARSET=utf8mb4 ROW_FORMAT=DYNAMIC;
CREATE TABLE `medidas` (
  `idMedida` int(11) DEFAULT NULL,
  `medida` varchar(40) DEFAULT NULL,
  `presentacion` double DEFAULT NULL,
  `fecha` datetime DEFAULT NULL,
  `habilitado` int(11) DEFAULT NULL,
  `usuario` varchar(30) DEFAULT NULL
) ENGINE=InnoDB DEFAULT CHARSET=utf8mb4 ROW_FORMAT=DYNAMIC;
CREATE TABLE `modulos` (
  `id_modulo` int(255) NOT NULL,
  `titulo` varchar(255) NOT NULL,
  `icono` varchar(255) NOT NULL,
  `enlace` varchar(255) NOT NULL,
  `descripcion` text NOT NULL,
  `estado` tinyint(11) NOT NULL DEFAULT 0
) ENGINE=InnoDB DEFAULT CHARSET=latin1 ROW_FORMAT=DYNAMIC;
CREATE TABLE `permisos` (
  `id_permiso` int(11) NOT NULL AUTO_INCREMENT,
  `id_usuario` int(11) NOT NULL,
  `id_modulos` int(11) NOT NULL,
  `view` int(1) NOT NULL DEFAULT 0,
  `insert` int(1) NOT NULL DEFAULT 0,
  `update` int(1) NOT NULL DEFAULT 0,
  `delete` int(1) NOT NULL DEFAULT 0,
  PRIMARY KEY (`id_permiso`) USING BTREE
) ENGINE=InnoDB AUTO_INCREMENT=20 DEFAULT CHARSET=utf8mb4 ROW_FORMAT=DYNAMIC;
CREATE TABLE `producto` (
  `id_producto` int(16) NOT NULL AUTO_INCREMENT,
  `codigo` varchar(20) NOT NULL,
  `codigo_1` varchar(20) DEFAULT NULL,
  `codigo_2` varchar(20) DEFAULT NULL,
  `ean` varchar(20) NOT NULL,
  `nombre` longtext NOT NULL,
  `id_categoria` int(11) NOT NULL,
  `status` tinyint(4) NOT NULL,
  `id_usuario` varchar(30) NOT NULL,
  `estampilla` varchar(10) NOT NULL,
  `umb` varchar(80) NOT NULL,
  `id_bodega` int(16) NOT NULL,
  `created_at` datetime NOT NULL DEFAULT current_timestamp(),
  `update_at` datetime NOT NULL DEFAULT current_timestamp() ON UPDATE current_timestamp(),
  PRIMARY KEY (`id_producto`) USING BTREE
) ENGINE=InnoDB AUTO_INCREMENT=832 DEFAULT CHARSET=utf8mb4 ROW_FORMAT=DYNAMIC;
CREATE TABLE `salida` (
  `id_salida` int(11) NOT NULL AUTO_INCREMENT,
  `id_cliente` varchar(255) DEFAULT NULL,
  `referencia` varchar(255) DEFAULT NULL,
  `factura` varchar(255) DEFAULT NULL,
  `fecha_de_comprobante` varchar(255) DEFAULT NULL,
  `serie` text DEFAULT NULL,
  `archivo` longtext DEFAULT NULL,
  `tpago` varchar(255) DEFAULT NULL,
  `observacion` varchar(255) DEFAULT NULL,
  `direccion` varchar(255) DEFAULT NULL,
  `devolucion` tinyint(11) DEFAULT 0,
  `created_at` datetime DEFAULT current_timestamp(),
  PRIMARY KEY (`id_salida`) USING BTREE
) ENGINE=InnoDB AUTO_INCREMENT=103 DEFAULT CHARSET=utf8mb4 ROW_FORMAT=DYNAMIC;
CREATE TABLE `salida_detalle` (
  `id` int(16) NOT NULL AUTO_INCREMENT,
  `id_serie` text DEFAULT NULL,
  `id_producto` int(11) DEFAULT NULL,
  `cantidad` int(11) DEFAULT NULL,
  `created_at` datetime DEFAULT current_timestamp(),
  `update_at` datetime DEFAULT NULL ON UPDATE current_timestamp(),
  PRIMARY KEY (`id`) USING BTREE
) ENGINE=InnoDB AUTO_INCREMENT=1034 DEFAULT CHARSET=utf8mb4 ROW_FORMAT=DYNAMIC;
CREATE TABLE `usuario` (
  `id_usuario` int(11) DEFAULT NULL,
  `tipo_usuario` varchar(20) DEFAULT NULL,
  `documento` varchar(20) DEFAULT NULL,
  `nombre` varchar(100) DEFAULT NULL,
  `usuario` varchar(30) DEFAULT NULL,
  `contrasena` varchar(30) DEFAULT NULL,
  `habilitado` int(11) DEFAULT NULL,
  `fecha` datetime DEFAULT NULL,
  `usuarioCreador` varchar(30) DEFAULT NULL,
  `devolucionIngreso` int(11) DEFAULT NULL,
  `cambioEstado` int(11) DEFAULT NULL,
  `actualizarArribo` int(11) DEFAULT NULL,
  `devolucionSalida` int(11) DEFAULT NULL,
  `consolidar` int(11) DEFAULT NULL,
  `actualizarSalida` int(11) DEFAULT NULL
) ENGINE=InnoDB DEFAULT CHARSET=utf8mb4 ROW_FORMAT=DYNAMIC;
CREATE DEFINER=`root`@`localhost` FUNCTION `edit_inventario`(EAN int,UND int,SERIE int) RETURNS int(11)
BEGIN
	DECLARE idProducto int;

	RETURN 0;
END;
BEGIN;
LOCK TABLES `db_deca`.`bodega` WRITE;
DELETE FROM `db_deca`.`bodega`;
INSERT INTO `db_deca`.`bodega` (`id_bodega`,`id_cliente`,`nombre`,`descripcion`,`status`,`id_usuario`,`created_at`,`update_at`) VALUES (1, 1, 'MCM', 'BODEGA', 1, 1, '2022-07-08 14:07:52', NULL),(2, 2, 'BIC', 'BODEGA', 1, 1, '2022-07-10 14:03:17', '2022-08-20 10:21:55'),(3, 3, 'J.E. RUEDA', 'BODEGA', 1, 1, '2022-07-19 08:46:59', '2022-07-19 15:18:55'),(4, 2, 'ASAHI PREMIUN BRANDS', 'BODEGA', 1, 1, '2022-08-20 10:23:21', NULL),(5, 2, 'COLGATE Y PALMOLIVE', 'BODEGA', 1, 1, '2022-08-20 10:24:04', NULL),(6, 2, 'COLOMBO', 'BODEGA', 1, 1, '2022-08-20 10:24:26', NULL),(7, 2, 'DIAGEO', 'BODEGA', 1, 1, '2022-08-20 10:24:42', NULL),(8, 2, 'ENALIA', 'BODEGA', 1, 1, '2022-08-20 10:24:58', NULL),(9, 2, 'FROTEX', 'BODEGA', 1, 1, '2022-08-20 10:25:18', NULL),(10, 2, 'GASEOSAS LUX', 'BODEGA', 1, 1, '2022-08-20 10:25:37', '2022-08-20 10:31:10'),(11, 2, 'HENKEL ', 'BODEGA', 1, 1, '2022-08-20 10:26:03', NULL),(12, 2, 'HIMALAYA', 'BODEGA', 1, 1, '2022-08-20 10:26:17', NULL),(13, 2, 'INDUSTRIA DE ALIMENTOS PARA DIETAS ESPECIALES', 'BODEGA', 1, 1, '2022-08-20 10:27:09', '2022-08-20 10:31:17'),(14, 2, 'JOHNSON & JOHNSON', 'BODEGA', 1, 1, '2022-08-20 10:27:28', NULL),(15, 2, 'KELLOGG', 'BODEGA', 1, 1, '2022-08-20 10:27:57', NULL),(16, 2, 'MAYAGUEZ', 'BODEGA', 1, 1, '2022-08-20 10:28:12', NULL),(17, 2, 'OBSEQUIO', 'BODEGA', 1, 1, '2022-08-20 10:28:34', NULL),(18, 2, 'OPERADORA AVICOLA', 'BODEGA', 1, 1, '2022-08-20 10:29:05', NULL),(19, 2, 'ORF', 'BODEGA', 1, 1, '2022-08-20 10:29:19', NULL),(20, 2, 'PANDURATA', 'BODEGA', 1, 1, '2022-08-20 10:29:34', NULL),(21, 2, 'PROMOTORA DE CAFE COLOMBIA', 'BODEGA', 1, 1, '2022-08-20 10:29:50', NULL),(22, 2, 'SIGNIFY', 'BODEGA', 1, 1, '2022-08-20 10:30:09', NULL),(23, 2, 'SINDONI GROUP SRL', 'BODEGA', 1, 1, '2022-08-20 10:30:23', NULL),(24, 2, 'DICERMEX', 'BODEGA', 1, 1, '2022-08-20 14:38:11', NULL),(25, 2, 'INDUSTRIA NACIONAL DE GASEOSAS', 'BODEGA', 1, 1, '2022-08-26 15:19:34', NULL),(26, 6, 'DISLICORES', 'BODEGA', 1, 5, '2022-08-31 15:09:59', NULL),(27, 4, 'NOVILI PRODUCTOS NUEVOS', 'BODEGA', 1, 1, '2022-09-01 10:18:45', NULL),(28, 4, 'NOVILI PRODUCTOS VIEJOS', 'BODEGA', 1, 1, '2022-09-01 10:21:56', NULL),(29, 1, 'DISPORTAL', 'BODEGA', 1, 1, '2022-09-03 09:46:41', NULL),(30, 1, 'DESTILERIA NACIONAL', 'BODEGA', 1, 1, '2022-09-03 11:15:09', '2022-09-03 11:15:18'),(31, 1, 'VINCORTES', 'BODEGA', 1, 1, '2022-09-08 11:05:39', '2022-09-23 11:14:17'),(32, 1, 'COLOMA', 'BODEGA', 1, 1, '2022-09-09 14:43:09', NULL),(33, 9, 'AMERICA LICORES', 'BODEGA', 1, 1, '2022-09-12 14:30:24', NULL),(34, 10, 'SANTA LUCIA', 'BODEGA', 1, 1, '2022-09-15 11:11:40', NULL),(35, 2, 'RB (HEALTH)', 'BODEGA', 1, 1, '2022-09-15 15:20:01', NULL),(36, 1, 'MOSELA', 'BODEGA', 1, 1, '2022-09-20 14:22:31', NULL),(37, 1, 'ASTUTO', 'BODEGA', 1, 1, '2022-09-27 10:36:14', NULL),(38, 1, 'PERNOD', 'BODEGA', 1, 1, '2022-09-28 13:00:27', NULL);
UNLOCK TABLES;
COMMIT;
BEGIN;
LOCK TABLES `db_deca`.`categoria` WRITE;
DELETE FROM `db_deca`.`categoria`;
INSERT INTO `db_deca`.`categoria` (`id_categoria`,`nombre`,`status`) VALUES (1, 'LICOR', 1),(2, 'GENERAL', 1),(3, 'PARA EL HOGAR', 1);
UNLOCK TABLES;
COMMIT;
BEGIN;
LOCK TABLES `db_deca`.`clientes` WRITE;
DELETE FROM `db_deca`.`clientes`;
INSERT INTO `db_deca`.`clientes` (`id_cliente`,`empresa`,`nombre`,`telefono`,`direccion`,`habilitado`,`id_usuario`,`tipo_documento`,`documento`,`correo`,`created_at`,`update_at`) VALUES (1, 'DISMEL LTDA', 'HUMBERTO FRANCO', '(575) 6539900 ', 'Centro Industrial Ternera # 1 Bodega 3B y 2B', 1, 1, 'NIT', '800.089.872-0', 'humberto.franco.m@dismelltda.com ', '2022-07-19 08:38:30', NULL),(2, 'ALTIPAL', 'Francy Baquero Lopez', '571+2948383', NULL, 1, 1, 'NIT', '800.186.960-6', 'francy.baquero@altipal.com.co ', '2022-07-19 08:38:30', NULL),(3, 'J.E. RUEDA', 'Jader Faillage ', '2177588 3133035', 'CL 79A No 8 - 31', 1, 1, 'NIT', '860.508.988 - 3', 'buenvivir.santamarta@buenvivir.com.co ', '2022-07-19 08:38:30', '2022-07-19 08:47:23'),(4, 'NOVILI S.A.', 'Edwar Herrera Cano ', '74 268 68 38 ', 'Carrera 45 No. 6-115 ', 1, 1, 'NIT', '811.023.713-4', ' coordinadorlog@novili.com.co', '2022-07-19 08:38:30', NULL),(5, 'VINAL COLOMBIA SAS', 'Bernardo Macías', '2354401', 'CRA 12 A # 78-53', 1, 1, 'NIT', '900.721.183-8', 'bernardo.macias@madrecolombia.com', '2022-07-19 08:38:30', NULL),(6, 'DISLICORES', 'Eduardo Arjona', '(5) 3773344', 'Calle 110 Nro. 53 -1670 Bg 1 Pque Ind. Rio Norte', 1, 1, 'NIT', '890.916.575-4', 'eduardo.arjona@dislicores.com', '2022-07-19 08:38:30', NULL),(7, 'COLUMBUS NETWORKS DE COLOMBIA SAS', 'Ivan villa', '57-5-3618777 ', 'Calle 29 N° 15-100 L203 C.C. Ocean Mall', 1, 1, 'NIT', '830.078.515-8', 'IVAN.VILLA@cwc.com', '2022-07-19 08:38:30', NULL),(8, 'LOGISTICA Y DISTRIBUCIÓN COLOMBIA SAS', 'Cristian Quisado ', '601-6357550', 'CARRERA 98 25 G 10 BG15 ', 1, 1, 'NIT', ' 901.002.573-6', 'operaciones2@eql.com.co ', '2022-07-19 08:38:30', NULL),(9, 'AMERICA LICORES', 'Rafael Linares', '56612745', 'cartagena colombia', 1, 1, 'NIT', '901211263-4', 'inquicar@gmail.com', '2022-09-12 14:29:54', NULL),(10, 'BODEGA SANTA LUCIA S.A.S', 'SANTA LUCIA', '000', '0', 1, 1, 'NIT', '8001560231', '0', '2022-09-15 11:11:14', NULL);
UNLOCK TABLES;
COMMIT;
BEGIN;
LOCK TABLES `db_deca`.`devolucion` WRITE;
DELETE FROM `db_deca`.`devolucion`;
INSERT INTO `db_deca`.`devolucion` (`id_devolucion`,`id_cliente`,`referencia`,`factura`,`fecha_de_comprobante`,`serie`,`archivo`,`tpago`,`observacion`,`direccion`,`id_salida`,`created_at`) VALUES (1, '2', 'DEVOLUCION ENVI-000692761', ' ENVI-000692761', '2022-08-20', '00000001', 'upload_files/1661608394_2022-08-27_DEVOLUCION.pdf', 'CONTADO', 'N/A', NULL, 0, '2022-08-27 08:53:14'),(2, '2', 'DEVOLUCION ENVI-000691463', 'ENVI-000691463', '2022-08-20', '00000002', 'upload_files/1661618192_2022-08-27_DEVOLUCION.pdf', 'CONTADO', 'N/A', NULL, 0, '2022-08-27 11:36:32'),(3, '2', 'DEVOLUCION ENVI-000691464', 'ENVI-000691464', '2022-08-20', '00000003', 'upload_files/1661621678_2022-08-27_DEVOLUCION.pdf', 'CONTADO', 'N/A', NULL, 0, '2022-08-27 12:34:38'),(4, '2', 'DEVOLUCION ENVI-000692103', 'ENVI-000692103', '2022-08-20', '00000004', 'upload_files/1661792715_2022-08-29_DEVOLUCION.pdf', 'CONTADO', 'N/A', NULL, 0, '2022-08-29 12:05:15'),(5, '2', 'DEVOLUCION ENVI-000692765', 'ENVI-000692765', '2022-08-20', '00000005', 'upload_files/1661808332_2022-08-29_DEVOLUCION.pdf', 'CONTADO', 'N/A', NULL, 0, '2022-08-29 16:25:32'),(6, '2', 'DEVOLUCION ENVI-000693366', 'ENVI-000693366', '2022-08-20', '00000006', 'upload_files/1661866348_2022-08-30_DEVOLUCION.pdf', 'CONTADO', 'N/A', NULL, 0, '2022-08-30 08:32:28'),(7, '2', 'DEVOLUCION ENVI-000693349', 'ENVI-000693349', '2022-08-20', '00000007', 'upload_files/1661869100_2022-08-30_DEVOLUCION.pdf', 'CONTADO', 'N/A', NULL, 0, '2022-08-30 09:18:20'),(8, '2', 'DEVOLUCION ENVI-000693359', 'ENVI-000693359', '2022-08-20', '00000008', 'upload_files/1661869431_2022-08-30_DEVOLUCION.pdf', 'CONTADO', 'N/A', NULL, 0, '2022-08-30 09:23:51'),(9, '2', 'DEVOLUCION ENVI-000692105', 'ENVI-000692105', '2022-08-23', '00000009', 'upload_files/1661888355_2022-08-30_DEVOLUCION.pdf', 'CONTADO', 'N/A', NULL, 0, '2022-08-30 14:39:15'),(10, '2', 'DEVOLUCION ENVI-000694618', 'ENVI-000694618', '2022-08-23', '00000010', 'upload_files/1661888712_2022-08-30_DEVOLUCION.pdf', 'CONTADO', 'N/A', NULL, 0, '2022-08-30 14:45:12'),(11, '2', 'DEVOLUCION MULTIPLE ENVIOS', 'MULTIPLE', '2022-08-23', '00000011', 'upload_files/1661979842_2022-08-31_DEVOLUCION.pdf', 'CONTADO', 'ENVI-000693343\nENVI-000695315\nENVI-000695935\nENVI-000695936', NULL, 0, '2022-08-31 16:04:02'),(12, '2', 'DEVOLUCION MULTIPLE', 'MULTIPLE', '2022-09-24', '00000012', 'upload_files/1662048350_2022-09-01_DEVOLUCION.pdf', 'CONTADO', 'ENVI-000695318\nENVI-000696608', NULL, 0, '2022-09-01 11:05:50'),(13, '4', 'ALMACENES EXITO S.A - CARULLA ARRECIFE', 'FEBL-2306', '2022-08-03', '00000044', '', 'CREDITO', 'N/A', NULL, 44, '2022-09-01 17:36:37'),(14, '4', 'EL MORRO INVERSIONES SAS.', 'FEBG-28332', '2022-08-06', '00000046', '', 'CREDITO', 'DEVOLUCION POR AÑADA', NULL, 46, '2022-09-01 17:44:51'),(15, '4', 'CENCOSUD COLOMBIA SA. JUMBO SANTA MARTA', 'FEBL-2346', '2022-08-16', '00000047', '', 'CREDITO', 'LAS REFERENCIAS DE TRIPACK LIT SE SACAN POR UNIDADES PARA LUEGO REALIZAR LAS TRANSFORMACION.', NULL, 47, '2022-09-02 09:06:37'),(16, '4', 'CENCOSUD COLOMBIA SA. JUMBO SANTA MARTA ', 'FEBL-2348', '2022-08-16', '00000048', '', 'CONTADO', 'N/A', NULL, 48, '2022-09-02 09:18:03'),(17, '4', 'ALMACENES EXITO S.A - CARULLA BELLAVISTA', '7000955', '2022-08-24', '00000054', '', 'CREDITO', 'N/A', NULL, 54, '2022-09-02 10:10:15'),(18, '4', 'CENCOSUD COLOMBIA SA -  JUMBO SANTA MARTA ', 'FEBL-2281', '2022-09-26', '00000056', '', 'CREDITO', 'ORDEN DE COMPRA NO CORRESPONDE A LA TIENDA', NULL, 56, '2022-09-02 10:18:00'),(19, '4', 'ALMACENES EXITOS SA - CARULLA BUENA VISTA', '7000959', '2022-08-30', '00000058', '', 'CREDITO', 'N/A', NULL, 58, '2022-09-02 10:24:18'),(20, '2', 'DEVOLUCION MULTIPLE ', 'MULTIPLE ', '2022-09-29', '00000059', 'upload_files/1662145184_2022-09-02_DEVOLUCION.pdf', 'CONTADO', 'ENVI-000697797\nENVI-000699051\nENVI-000698425', NULL, 0, '2022-09-02 13:59:44'),(21, '2', 'DEVOLUCION', 'MULTIPLE', '2022-09-02', '00000060', 'upload_files/1662394670_2022-09-05_DEVOLUCION.pdf', 'CONTADO', 'ENVI-000698351\nENVI-000699049\nENVI-000700279\nENVI-000701888\nENVI-000694623\nENVI-000700278\nENVI-000699047\nENVI-000699636\nENVI-000701291\nENVI-000701307\nENVI-000701303\n\nFATANTE DE 1 UNIDAD DE 7501014511023	Boligrafo Bic Cristal Dura Negro + x36Un x12 Boligra', NULL, 0, '2022-09-05 11:17:50'),(22, '2', 'DEVOLUCION MULTIPLE', 'MULTIPLE', '2022-08-31', '00000061', '', 'CONTADO', 'ENVI-000700275\nENVI-000699637\nENVI-000697791\nENVI-000699635\nENVI-000695938\nENVI-000698431\nENVI-000696605\nENVI-000697748\nENVI-000698436\n', NULL, 0, '2022-09-11 16:15:10');
UNLOCK TABLES;
COMMIT;
BEGIN;
LOCK TABLES `db_deca`.`devolucion_detalle` WRITE;
DELETE FROM `db_deca`.`devolucion_detalle`;
INSERT INTO `db_deca`.`devolucion_detalle` (`id`,`id_serie`,`id_producto`,`cantidad`,`created_at`,`update_at`) VALUES (1, '00000001', 432, 1, '2022-08-27 08:53:14', '2022-08-27 09:30:04'),(2, '00000001', 89, 1, '2022-08-27 08:53:14', '2022-08-27 09:30:04'),(3, '00000001', 512, 20, '2022-08-27 08:53:14', '2022-08-27 09:30:04'),(4, '00000001', 61, 20, '2022-08-27 08:53:14', '2022-08-27 09:30:04'),(5, '00000001', 65, 18, '2022-08-27 08:53:14', '2022-08-27 09:30:04'),(6, '00000001', 64, 12, '2022-08-27 08:53:14', '2022-08-27 09:30:04'),(7, '00000001', 114, 1, '2022-08-27 08:53:14', '2022-08-27 09:30:04'),(8, '00000001', 115, 10, '2022-08-27 08:53:14', '2022-08-27 09:30:04'),(9, '00000001', 167, 56, '2022-08-27 08:53:14', '2022-08-27 09:30:04'),(10, '00000001', 143, 24, '2022-08-27 08:53:14', '2022-08-27 09:30:04'),(11, '00000001', 513, 32, '2022-08-27 08:53:14', '2022-08-27 09:30:04'),(12, '00000001', 349, 12, '2022-08-27 08:53:14', '2022-08-27 09:30:04'),(13, '00000001', 348, 24, '2022-08-27 08:53:14', '2022-08-27 09:30:04'),(14, '00000001', 207, 32, '2022-08-27 08:53:14', '2022-08-27 09:30:04'),(16, '00000002', 89, 2, '2022-08-27 11:36:32', NULL),(17, '00000002', 83, 7, '2022-08-27 11:36:32', NULL),(18, '00000002', 379, 1, '2022-08-27 11:36:32', NULL),(19, '00000002', 512, 33, '2022-08-27 11:36:32', NULL),(20, '00000002', 62, 5, '2022-08-27 11:36:32', NULL),(21, '00000002', 61, 5, '2022-08-27 11:36:32', NULL),(22, '00000002', 65, 6, '2022-08-27 11:36:32', NULL),(23, '00000002', 64, 18, '2022-08-27 11:36:33', NULL),(24, '00000002', 73, 15, '2022-08-27 11:36:33', NULL),(25, '00000002', 114, 6, '2022-08-27 11:36:33', NULL),(26, '00000002', 115, 170, '2022-08-27 11:36:33', NULL),(27, '00000002', 167, 24, '2022-08-27 11:36:33', NULL),(28, '00000002', 513, 32, '2022-08-27 11:36:33', NULL),(29, '00000002', 208, 16, '2022-08-27 11:36:33', NULL),(30, '00000003', 512, 5, '2022-08-27 12:34:38', NULL),(31, '00000003', 193, 7, '2022-08-27 12:34:38', NULL),(32, '00000003', 194, 2, '2022-08-27 12:34:38', NULL),(33, '00000003', 514, 8, '2022-08-27 12:34:38', NULL),(34, '00000003', 397, 2, '2022-08-27 12:34:38', NULL),(35, '00000003', 393, 2, '2022-08-27 12:34:38', NULL),(36, '00000003', 399, 2, '2022-08-27 12:34:38', NULL),(37, '00000004', 432, 2, '2022-08-29 12:05:15', NULL),(38, '00000004', 88, 1, '2022-08-29 12:05:15', NULL),(39, '00000004', 515, 6, '2022-08-29 12:05:15', NULL),(40, '00000004', 62, 15, '2022-08-29 12:05:15', NULL),(41, '00000004', 61, 15, '2022-08-29 12:05:15', NULL),(42, '00000004', 65, 18, '2022-08-29 12:05:15', NULL),(43, '00000004', 64, 6, '2022-08-29 12:05:15', NULL),(44, '00000004', 73, 49, '2022-08-29 12:05:15', NULL),(45, '00000004', 114, 10, '2022-08-29 12:05:15', NULL),(46, '00000004', 115, 90, '2022-08-29 12:05:15', NULL),(47, '00000004', 108, 12, '2022-08-29 12:05:15', NULL),(48, '00000004', 167, 48, '2022-08-29 12:05:15', NULL),(49, '00000004', 513, 32, '2022-08-29 12:05:15', NULL),(50, '00000004', 208, 16, '2022-08-29 12:05:15', NULL),(51, '00000004', 207, 16, '2022-08-29 12:05:15', NULL),(52, '00000004', 302, 9, '2022-08-29 12:05:16', NULL),(53, '00000004', 180, 12, '2022-08-29 12:05:16', NULL),(54, '00000004', 238, 14, '2022-08-29 12:05:16', NULL),(55, '00000004', 237, 28, '2022-08-29 12:05:16', NULL),(56, '00000004', 236, 14, '2022-08-29 12:05:16', NULL),(57, '00000004', 370, 1, '2022-08-29 12:05:16', NULL),(58, '00000004', 517, 4, '2022-08-29 12:05:16', NULL),(59, '00000005', 41, 2, '2022-08-29 16:25:32', NULL),(60, '00000005', 106, 1, '2022-08-29 16:25:32', NULL),(61, '00000005', 219, 1, '2022-08-29 16:25:32', NULL),(62, '00000005', 59, 25, '2022-08-29 16:25:32', NULL),(63, '00000005', 139, 1, '2022-08-29 16:25:32', NULL),(64, '00000005', 422, 1, '2022-08-29 16:25:32', NULL),(65, '00000006', 114, 1, '2022-08-30 08:32:28', NULL),(66, '00000006', 219, 1, '2022-08-30 08:32:28', NULL),(67, '00000006', 217, 18, '2022-08-30 08:32:28', NULL),(68, '00000006', 207, 16, '2022-08-30 08:32:28', NULL),(69, '00000007', 135, 12, '2022-08-30 09:18:20', NULL),(70, '00000007', 157, 5, '2022-08-30 09:18:20', NULL),(71, '00000007', 518, 90, '2022-08-30 09:18:20', NULL),(72, '00000007', 146, 12, '2022-08-30 09:18:20', NULL),(73, '00000008', 512, 25, '2022-08-30 09:23:51', NULL),(74, '00000008', 61, 5, '2022-08-30 09:23:51', NULL),(75, '00000008', 114, 11, '2022-08-30 09:23:51', NULL),(76, '00000008', 115, 50, '2022-08-30 09:23:51', NULL),(77, '00000008', 142, 2, '2022-08-30 09:23:51', NULL),(78, '00000008', 167, 80, '2022-08-30 09:23:51', NULL),(79, '00000008', 143, 144, '2022-08-30 09:23:51', NULL),(80, '00000008', 513, 32, '2022-08-30 09:23:51', NULL),(81, '00000008', 206, 4, '2022-08-30 09:23:51', NULL),(82, '00000009', 60, 1, '2022-08-30 14:39:15', NULL),(83, '00000009', 397, 3, '2022-08-30 14:39:15', NULL),(84, '00000009', 393, 4, '2022-08-30 14:39:15', NULL),(85, '00000009', 399, 3, '2022-08-30 14:39:15', NULL),(86, '00000010', 432, 12, '2022-08-30 14:45:12', NULL),(87, '00000010', 65, 6, '2022-08-30 14:45:12', NULL),(88, '00000010', 115, 20, '2022-08-30 14:45:12', NULL),(89, '00000010', 194, 6, '2022-08-30 14:45:12', NULL),(90, '00000010', 219, 3, '2022-08-30 14:45:12', NULL),(91, '00000010', 349, 12, '2022-08-30 14:45:12', NULL),(92, '00000010', 60, 25, '2022-08-30 14:45:12', NULL),(93, '00000010', 129, 15, '2022-08-30 14:45:12', NULL),(94, '00000010', 112, 1, '2022-08-30 14:45:12', NULL),(95, '00000011', 303, 1, '2022-08-31 16:04:02', NULL),(96, '00000011', 313, 1, '2022-08-31 16:04:02', NULL),(97, '00000011', 89, 8, '2022-08-31 16:04:02', NULL),(98, '00000011', 82, 3, '2022-08-31 16:04:02', NULL),(99, '00000011', 62, 90, '2022-08-31 16:04:02', NULL),(100, '00000011', 61, 55, '2022-08-31 16:04:02', NULL),(101, '00000011', 65, 42, '2022-08-31 16:04:02', NULL),(102, '00000011', 73, 41, '2022-08-31 16:04:02', NULL),(103, '00000011', 114, 8, '2022-08-31 16:04:02', NULL),(104, '00000011', 115, 190, '2022-08-31 16:04:02', NULL),(105, '00000011', 167, 136, '2022-08-31 16:04:02', NULL),(106, '00000011', 143, 56, '2022-08-31 16:04:02', NULL),(107, '00000011', 111, 2, '2022-08-31 16:04:02', NULL),(108, '00000011', 427, 4, '2022-08-31 16:04:02', NULL),(109, '00000011', 432, 4, '2022-08-31 16:04:02', NULL),(110, '00000011', 88, 3, '2022-08-31 16:04:02', NULL),(111, '00000011', 424, 3, '2022-08-31 16:04:02', NULL),(112, '00000011', 83, 1, '2022-08-31 16:04:02', NULL),(113, '00000011', 95, 5, '2022-08-31 16:04:02', NULL),(114, '00000011', 64, 36, '2022-08-31 16:04:02', NULL),(115, '00000011', 142, 1, '2022-08-31 16:04:02', NULL),(116, '00000011', 38, 18, '2022-08-31 16:04:02', NULL),(117, '00000011', 206, 1, '2022-08-31 16:04:02', NULL),(118, '00000011', 211, 1, '2022-08-31 16:04:02', NULL),(119, '00000011', 387, 18, '2022-08-31 16:04:02', NULL),(120, '00000011', 153, 24, '2022-08-31 16:04:02', NULL),(121, '00000011', 209, 1, '2022-08-31 16:04:02', NULL),(122, '00000011', 210, 18, '2022-08-31 16:04:02', NULL),(123, '00000011', 349, 24, '2022-08-31 16:04:02', NULL),(124, '00000011', 348, 12, '2022-08-31 16:04:02', NULL),(125, '00000011', 208, 32, '2022-08-31 16:04:02', NULL),(126, '00000011', 207, 48, '2022-08-31 16:04:02', NULL),(127, '00000011', 113, 100, '2022-08-31 16:04:02', NULL),(128, '00000011', 110, 1, '2022-08-31 16:04:02', NULL),(129, '00000011', 238, 28, '2022-08-31 16:04:02', NULL),(130, '00000011', 236, 28, '2022-08-31 16:04:02', NULL),(131, '00000011', 166, 4, '2022-08-31 16:04:02', NULL),(132, '00000011', 247, 2, '2022-08-31 16:04:02', NULL),(133, '00000011', 290, 1, '2022-08-31 16:04:02', NULL),(134, '00000011', 240, 4, '2022-08-31 16:04:02', NULL),(135, '00000011', 239, 6, '2022-08-31 16:04:02', NULL),(136, '00000011', 266, 3, '2022-08-31 16:04:02', NULL),(137, '00000011', 271, 3, '2022-08-31 16:04:02', NULL),(138, '00000011', 321, 2, '2022-08-31 16:04:02', NULL),(139, '00000011', 219, 7, '2022-08-31 16:04:02', NULL),(140, '00000011', 216, 18, '2022-08-31 16:04:02', NULL),(141, '00000011', 212, 18, '2022-08-31 16:04:02', NULL),(142, '00000011', 80, 6, '2022-08-31 16:04:02', NULL),(143, '00000011', 139, 1, '2022-08-31 16:04:02', NULL),(144, '00000011', 246, 1, '2022-08-31 16:04:02', NULL),(145, '00000011', 245, 1, '2022-08-31 16:04:02', NULL),(146, '00000012', 173, 48, '2022-09-01 11:05:50', NULL),(147, '00000012', 61, 5, '2022-09-01 11:05:50', NULL),(148, '00000012', 219, 1, '2022-09-01 11:05:50', NULL),(149, '00000012', 65, 18, '2022-09-01 11:05:50', NULL),(150, '00000012', 142, 2, '2022-09-01 11:05:50', NULL),(151, '00000012', 438, 3, '2022-09-01 11:05:50', NULL),(152, '00000012', 206, 3, '2022-09-01 11:05:50', NULL),(153, '00000012', 153, 8, '2022-09-01 11:05:50', NULL),(154, '00000012', 219, 5, '2022-09-01 11:05:50', NULL),(155, '00000012', 161, 8, '2022-09-01 11:05:50', NULL),(156, '00000012', 209, 3, '2022-09-01 11:05:50', NULL),(157, '00000012', 216, 18, '2022-09-01 11:05:50', NULL),(158, '00000012', 145, 1, '2022-09-01 11:05:50', NULL),(159, '00000044', 639, 3, '2022-09-01 17:36:37', NULL),(160, '00000046', 640, 4, '2022-09-01 17:44:51', NULL),(161, '00000047', 642, 8, '2022-09-02 09:06:37', NULL),(162, '00000047', 641, 8, '2022-09-02 09:06:37', NULL),(163, '00000047', 649, 8, '2022-09-02 09:06:37', NULL),(164, '00000048', 649, 8, '2022-09-02 09:18:03', NULL),(165, '00000048', 641, 8, '2022-09-02 09:18:03', NULL),(166, '00000048', 642, 8, '2022-09-02 09:18:03', NULL),(167, '00000054', 560, 6, '2022-09-02 10:10:15', NULL),(168, '00000056', 649, 16, '2022-09-02 10:18:00', NULL),(169, '00000056', 641, 16, '2022-09-02 10:18:00', NULL),(170, '00000056', 642, 16, '2022-09-02 10:18:00', NULL),(171, '00000058', 625, 2, '2022-09-02 10:24:18', NULL),(172, '00000059', 89, 3, '2022-09-02 13:59:44', NULL),(173, '00000059', 512, 8, '2022-09-02 13:59:44', NULL),(174, '00000059', 62, 5, '2022-09-02 13:59:44', NULL),(175, '00000059', 65, 6, '2022-09-02 13:59:44', NULL),(176, '00000059', 73, 3, '2022-09-02 13:59:44', NULL),(177, '00000059', 114, 4, '2022-09-02 13:59:44', NULL),(178, '00000059', 115, 60, '2022-09-02 13:59:44', NULL),(179, '00000059', 219, 4, '2022-09-02 13:59:44', NULL),(180, '00000059', 439, 24, '2022-09-02 13:59:44', NULL),(181, '00000059', 216, 18, '2022-09-02 13:59:44', NULL),(182, '00000059', 59, 25, '2022-09-02 13:59:44', NULL),(183, '00000059', 207, 32, '2022-09-02 13:59:44', NULL),(184, '00000059', 107, 7, '2022-09-02 13:59:44', NULL),(185, '00000059', 110, 1, '2022-09-02 13:59:44', NULL),(186, '00000059', 409, 4, '2022-09-02 13:59:44', NULL),(187, '00000059', 435, 6, '2022-09-02 13:59:44', NULL),(188, '00000059', 44, 3, '2022-09-02 13:59:44', NULL),(189, '00000059', 45, 6, '2022-09-02 13:59:44', NULL),(190, '00000059', 54, 6, '2022-09-02 13:59:44', NULL),(191, '00000059', 52, 3, '2022-09-02 13:59:44', NULL),(192, '00000059', 43, 6, '2022-09-02 13:59:44', NULL),(193, '00000059', 79, 24, '2022-09-02 13:59:44', NULL),(194, '00000059', 180, 24, '2022-09-02 13:59:44', NULL),(195, '00000059', 247, 44, '2022-09-02 13:59:44', NULL),(196, '00000059', 240, 30, '2022-09-02 13:59:44', NULL),(197, '00000059', 239, 30, '2022-09-02 13:59:44', NULL),(198, '00000059', 246, 44, '2022-09-02 13:59:44', NULL),(199, '00000059', 245, 44, '2022-09-02 13:59:44', NULL),(200, '00000059', 183, 24, '2022-09-02 13:59:44', NULL),(201, '00000059', 89, 2, '2022-09-02 13:59:44', NULL),(202, '00000059', 219, 20, '2022-09-02 13:59:44', NULL),(203, '00000059', 493, 2, '2022-09-02 13:59:44', NULL),(204, '00000059', 491, 7, '2022-09-02 13:59:44', NULL),(205, '00000059', 291, 4, '2022-09-02 13:59:44', NULL),(206, '00000059', 289, 3, '2022-09-02 13:59:44', NULL),(207, '00000059', 485, 2, '2022-09-02 13:59:44', NULL),(208, '00000059', 481, 7, '2022-09-02 13:59:44', NULL),(209, '00000059', 300, 4, '2022-09-02 13:59:44', NULL),(210, '00000060', 47, 12, '2022-09-05 11:17:50', NULL),(211, '00000060', 54, 2, '2022-09-05 11:17:51', NULL),(212, '00000060', 59, 1, '2022-09-05 11:17:51', NULL),(213, '00000060', 61, 70, '2022-09-05 11:17:51', NULL),(214, '00000060', 62, 65, '2022-09-05 11:17:51', NULL),(215, '00000060', 64, 60, '2022-09-05 11:17:51', NULL),(216, '00000060', 65, 30, '2022-09-05 11:17:51', NULL),(217, '00000060', 71, 10, '2022-09-05 11:17:51', NULL),(218, '00000060', 72, 2, '2022-09-05 11:17:51', NULL),(219, '00000060', 73, 46, '2022-09-05 11:17:51', NULL),(220, '00000060', 82, 2, '2022-09-05 11:17:51', NULL),(221, '00000060', 83, 10, '2022-09-05 11:17:51', NULL),(222, '00000060', 88, 3, '2022-09-05 11:17:51', NULL),(223, '00000060', 89, 7, '2022-09-05 11:17:51', NULL),(224, '00000060', 95, 1, '2022-09-05 11:17:51', NULL),(225, '00000060', 96, 10, '2022-09-05 11:17:51', NULL),(226, '00000060', 102, 1, '2022-09-05 11:17:51', NULL),(227, '00000060', 108, 12, '2022-09-05 11:17:51', NULL),(228, '00000060', 110, 1, '2022-09-05 11:17:51', NULL),(229, '00000060', 111, 1, '2022-09-05 11:17:51', NULL),(230, '00000060', 114, 46, '2022-09-05 11:17:51', NULL),(231, '00000060', 115, 630, '2022-09-05 11:17:51', NULL),(232, '00000060', 143, 88, '2022-09-05 11:17:51', NULL),(233, '00000060', 146, 15, '2022-09-05 11:17:51', NULL),(234, '00000060', 153, 16, '2022-09-05 11:17:51', NULL),(235, '00000060', 158, 12, '2022-09-05 11:17:51', NULL),(236, '00000060', 167, 152, '2022-09-05 11:17:51', NULL),(237, '00000060', 180, 12, '2022-09-05 11:17:51', NULL),(238, '00000060', 183, 24, '2022-09-05 11:17:51', NULL),(239, '00000060', 192, 1, '2022-09-05 11:17:51', NULL),(240, '00000060', 190, 1, '2022-09-05 11:17:51', NULL),(241, '00000060', 197, 3, '2022-09-05 11:17:51', NULL),(242, '00000060', 204, 108, '2022-09-05 11:17:51', NULL),(243, '00000060', 205, 20, '2022-09-05 11:17:51', NULL),(244, '00000060', 206, 4, '2022-09-05 11:17:51', NULL),(245, '00000060', 207, 32, '2022-09-05 11:17:51', NULL),(246, '00000060', 208, 48, '2022-09-05 11:17:51', NULL),(247, '00000060', 210, 54, '2022-09-05 11:17:51', NULL),(248, '00000060', 513, 32, '2022-09-05 11:17:51', NULL),(249, '00000060', 211, 4, '2022-09-05 11:17:51', NULL),(250, '00000060', 219, 3, '2022-09-05 11:17:51', NULL),(251, '00000060', 227, 5, '2022-09-05 11:17:51', NULL),(252, '00000060', 234, 3, '2022-09-05 11:17:51', NULL),(253, '00000060', 236, 56, '2022-09-05 11:17:51', NULL),(254, '00000060', 237, 42, '2022-09-05 11:17:51', NULL),(255, '00000060', 238, 42, '2022-09-05 11:17:51', NULL),(256, '00000060', 239, 12, '2022-09-05 11:17:51', NULL),(257, '00000060', 240, 12, '2022-09-05 11:17:51', NULL),(258, '00000060', 243, 6, '2022-09-05 11:17:51', NULL),(259, '00000060', 245, 1, '2022-09-05 11:17:51', NULL),(260, '00000060', 248, 6, '2022-09-05 11:17:51', NULL),(261, '00000060', 275, 1, '2022-09-05 11:17:51', NULL),(262, '00000060', 291, 1, '2022-09-05 11:17:51', NULL),(263, '00000060', 485, 1, '2022-09-05 11:17:51', NULL),(264, '00000060', 302, 6, '2022-09-05 11:17:51', NULL),(265, '00000060', 311, 1, '2022-09-05 11:17:51', NULL),(266, '00000060', 314, 3, '2022-09-05 11:17:51', NULL),(267, '00000060', 323, 1, '2022-09-05 11:17:51', NULL),(268, '00000060', 324, 6, '2022-09-05 11:17:51', NULL),(269, '00000060', 332, 3, '2022-09-05 11:17:51', NULL),(270, '00000060', 333, 1, '2022-09-05 11:17:51', NULL),(271, '00000060', 335, 6, '2022-09-05 11:17:51', NULL),(272, '00000060', 338, 4, '2022-09-05 11:17:51', NULL),(273, '00000060', 339, 4, '2022-09-05 11:17:51', NULL),(274, '00000060', 349, 12, '2022-09-05 11:17:51', NULL),(275, '00000060', 350, 12, '2022-09-05 11:17:51', NULL),(276, '00000060', 365, 14, '2022-09-05 11:17:51', NULL),(277, '00000060', 372, 1, '2022-09-05 11:17:51', NULL),(278, '00000060', 387, 1, '2022-09-05 11:17:51', NULL),(279, '00000060', 388, 1, '2022-09-05 11:17:51', NULL),(280, '00000060', 392, 1, '2022-09-05 11:17:51', NULL),(281, '00000060', 393, 1, '2022-09-05 11:17:51', NULL),(282, '00000060', 659, 3, '2022-09-05 11:17:51', NULL),(283, '00000060', 481, 4, '2022-09-05 11:17:51', NULL),(284, '00000060', 398, 1, '2022-09-05 11:17:51', NULL),(285, '00000060', 399, 1, '2022-09-05 11:17:51', NULL),(286, '00000060', 404, 24, '2022-09-05 11:17:51', NULL),(287, '00000060', 409, 4, '2022-09-05 11:17:51', NULL),(288, '00000060', 414, 5, '2022-09-05 11:17:51', NULL),(289, '00000060', 660, 1, '2022-09-05 11:17:51', NULL),(290, '00000060', 426, 1, '2022-09-05 11:17:51', NULL),(291, '00000060', 427, 4, '2022-09-05 11:17:51', NULL),(292, '00000060', 432, 2, '2022-09-05 11:17:51', NULL),(293, '00000060', 438, 6, '2022-09-05 11:17:51', NULL),(294, '00000061', 435, 1, '2022-09-11 16:15:11', NULL),(295, '00000061', 436, 1, '2022-09-11 16:15:11', NULL),(296, '00000061', 59, 2, '2022-09-11 16:15:11', NULL),(297, '00000061', 173, 24, '2022-09-11 16:15:11', NULL),(298, '00000061', 114, 58, '2022-09-11 16:15:11', NULL),(299, '00000061', 217, 18, '2022-09-11 16:15:11', NULL),(300, '00000061', 429, 1, '2022-09-11 16:15:11', NULL),(301, '00000061', 432, 7, '2022-09-11 16:15:11', NULL),(302, '00000061', 45, 1, '2022-09-11 16:15:12', NULL),(303, '00000061', 54, 2, '2022-09-11 16:15:12', NULL),(304, '00000061', 52, 4, '2022-09-11 16:15:12', NULL),(305, '00000061', 83, 20, '2022-09-11 16:15:12', NULL),(306, '00000061', 62, 130, '2022-09-11 16:15:12', NULL),(307, '00000061', 61, 65, '2022-09-11 16:15:12', NULL),(308, '00000061', 65, 108, '2022-09-11 16:15:12', NULL),(309, '00000061', 64, 126, '2022-09-11 16:15:12', NULL),(310, '00000061', 115, 570, '2022-09-11 16:15:12', NULL),(311, '00000061', 167, 400, '2022-09-11 16:15:12', NULL),(312, '00000061', 143, 120, '2022-09-11 16:15:13', NULL),(313, '00000061', 208, 128, '2022-09-11 16:15:13', NULL),(314, '00000061', 207, 48, '2022-09-11 16:15:13', NULL),(315, '00000061', 113, 100, '2022-09-11 16:15:13', NULL),(316, '00000061', 365, 13, '2022-09-11 16:15:13', NULL),(317, '00000061', 63, 10, '2022-09-11 16:15:13', NULL),(318, '00000061', 227, 10, '2022-09-11 16:15:13', NULL),(319, '00000061', 82, 1, '2022-09-11 16:15:13', NULL),(320, '00000061', 95, 3, '2022-09-11 16:15:13', NULL),(321, '00000061', 350, 36, '2022-09-11 16:15:14', NULL),(322, '00000061', 302, 9, '2022-09-11 16:15:14', NULL),(323, '00000061', 323, 3, '2022-09-11 16:15:14', NULL),(324, '00000061', 142, 3, '2022-09-11 16:15:14', NULL),(325, '00000061', 111, 4, '2022-09-11 16:15:14', NULL),(326, '00000061', 71, 20, '2022-09-11 16:15:14', NULL),(327, '00000061', 388, 18, '2022-09-11 16:15:14', NULL),(328, '00000061', 204, 18, '2022-09-11 16:15:14', NULL),(329, '00000061', 38, 18, '2022-09-11 16:15:14', NULL),(330, '00000061', 362, 1, '2022-09-11 16:15:15', NULL),(331, '00000061', 166, 15, '2022-09-11 16:15:15', NULL),(332, '00000061', 409, 1, '2022-09-11 16:15:15', NULL),(333, '00000061', 371, 1, '2022-09-11 16:15:15', NULL),(334, '00000061', 141, 4, '2022-09-11 16:15:15', NULL),(335, '00000061', 70, 15, '2022-09-11 16:15:15', NULL),(336, '00000061', 159, 1, '2022-09-11 16:15:16', NULL),(337, '00000061', 73, 12, '2022-09-11 16:15:16', NULL),(338, '00000061', 102, 1, '2022-09-11 16:15:16', NULL),(339, '00000061', 211, 3, '2022-09-11 16:15:16', NULL),(340, '00000061', 153, 24, '2022-09-11 16:15:16', NULL),(341, '00000061', 349, 12, '2022-09-11 16:15:16', NULL),(342, '00000061', 110, 2, '2022-09-11 16:15:16', NULL),(343, '00000061', 332, 1, '2022-09-11 16:15:16', NULL),(344, '00000061', 152, 9, '2022-09-11 16:15:16', NULL),(345, '00000061', 427, 2, '2022-09-11 16:15:17', NULL),(346, '00000061', 87, 1, '2022-09-11 16:15:17', NULL),(347, '00000061', 226, 30, '2022-09-11 16:15:17', NULL),(348, '00000061', 512, 25, '2022-09-11 16:15:17', NULL),(349, '00000061', 116, 1, '2022-09-11 16:15:17', NULL),(350, '00000061', 282, 1, '2022-09-11 16:15:17', NULL),(351, '00000061', 363, 1, '2022-09-11 16:15:17', NULL),(352, '00000061', 237, 14, '2022-09-11 16:15:17', NULL),(353, '00000061', 236, 14, '2022-09-11 16:15:17', NULL);
UNLOCK TABLES;
COMMIT;
BEGIN;
LOCK TABLES `db_deca`.`entrada` WRITE;
DELETE FROM `db_deca`.`entrada`;
INSERT INTO `db_deca`.`entrada` (`id_entrada`,`id_cliente`,`id_bodega`,`referencia`,`factura`,`tipo_comprobante`,`fecha_de_comprobante`,`direccion`,`serie`,`archivo`,`observacion`,`created_at`) VALUES (1, 3, 3, 'JE RUEDA Y CIA S.A.S', '25-158815', 'FACTURA', '2022-06-06', NULL, '00000001', 'upload_files/1658847172_2022-07-26_ENTRADA.pdf', '7802940049605 - 1 Botella rota + 5 Botellas etiquetas manchadas\n7802940049612 - 11 Botellas etiquetas rasgadas\n7802940049582 - 1 Botella sin corcho\n7802940049629 - 6 Botellas con etiquetas rasgadas', '2022-07-26 00:00:00'),(2, 2, 6, 'invetario inicial', '001', 'FACTURA', '2022-08-19', NULL, '00000002', 'upload_files/1661021965_2022-08-20_ENTRADA.pdf', 'n/a', '2022-08-20 13:59:25'),(3, 2, 8, 'ENALIA ALTIPAL SAS SANTA MARTA', '76-112481', 'TORNAGUIA', '2022-08-20', 'CRA 29 42 37 SECTOR SANTA CRUZ BGA 1A MZ3, SANTA MARTA', '00000003', 'upload_files/1661023107_2022-08-20_ENTRADA.pdf', '7703588001041 - Vino Cariñoso Tinto de Verano 12un x750ml 1 UNIDAD SIN CORCHO', '2022-08-20 14:18:27'),(4, 2, 24, 'DICERMEX ALTIPAL SAS SANTA MARTA', '106F-4259', 'FACTURA', '2022-08-20', NULL, '00000004', 'upload_files/1661025021_2022-08-20_ENTRADA.pdf', 'N/A', '2022-08-20 14:50:21'),(5, 2, 5, 'ALTIPAL SAS SANTA MARTA ', 'CPLM323225', 'FACTURA', '2022-08-20', NULL, '00000005', 'upload_files/1661034806_2022-08-20_ENTRADA.pdf', 'N/A', '2022-08-20 17:33:26'),(7, 2, 15, 'ALTIPAL SAS SANTA MARTA', 'KLCO-142732', 'FACTURA', '2022-08-23', 'CRA 69B No. 19A-47, SANTA MARTA', '00000006', 'upload_files/1661284220_2022-08-23_ENTRADA.pdf', 'N/A', '2022-08-23 14:50:20'),(9, 2, 13, 'ALTIPAL SAS SANTA MARTA', '805958325', 'REMISION', '2022-08-24', 'CRA 29# 42 37 SECTOR SANTA CRUZ DB1A MZ3, SANTA MARTA', '00000007', 'upload_files/1661376551_2022-08-24_ENTRADA.pdf', 'N/A', '2022-08-24 16:29:11'),(10, 2, 12, 'ALTIPAL SAS SANTA MARTA', 'TRASLADO-34982', 'FACTURA', '2022-08-24', 'CR 29 42 37 SECTOR SANTA CRUZ BD 1A MZ3', '00000008', 'upload_files/1661380182_2022-08-24_ENTRADA.pdf', 'N/A', '2022-08-24 17:29:42'),(11, 2, 6, 'ALTIPAL SAS SANTA MARTA', '7911-20323', 'FACTURA', '2022-08-24', 'CRA 29 42 37 SEC SANTA CRUZ BG 1A MZ', '00000009', 'upload_files/1661432887_2022-08-25_ENTRADA.pdf', 'N/A', '2022-08-25 08:08:07'),(12, 2, 6, 'ALTIAPAL SAS SANTA MARTA', '7911-20322', 'FACTURA', '2022-08-24', 'CRA 29 42 37 SEC SANTA CRUZ BG 1A MZ', '00000010', 'upload_files/1661434256_2022-08-25_ENTRADA.pdf', 'N/A', '2022-08-25 08:30:56'),(13, 2, 25, 'ALTIPAL SAS SANTA MARTA', 'MS-1688823', 'FACTURA', '2022-08-26', 'CRA 29 42 37 SEC SANTA CRUZ BG1 MZ3', '00000011', 'upload_files/1661546368_2022-08-26_ENTRADA.pdf', 'N/A', '2022-08-26 15:39:28'),(14, 2, 21, 'ALTIPAL SAS SANTA MARTA ', 'FN4110122479', 'FACTURA', '2022-08-25', 'SANTA MARTA', '00000012', 'upload_files/1661552281_2022-08-26_ENTRADA.pdf', 'COAR-000041040-7707211638277-Café Juan Valdez Liofilizado Ristra x14Dp x10Un x10gr - DEVOLUCION DE 1 CAJA 14 RISTRAS 140 UNIDADES', '2022-08-26 17:18:01'),(15, 6, 26, 'ENTRADA INICIAL DISLICORES ', '000', 'FACTURA', '2022-08-31', 'N/A', '00000013', 'upload_files/1661976880_2022-08-31_ENTRADA.pdf', 'N/A', '2022-08-31 15:14:40'),(16, 4, 27, 'PRIMER INGRESO NOVILI PRODUCTOS NUEVOS', '00001', 'FACTURA', '2022-09-01', 'S/D', '00000014', 'upload_files/1662046598_2022-09-01_ENTRADA.pdf', 'N/A', '2022-09-01 10:36:38'),(17, 2, 28, 'INGRESO PRODUCTOS VIJEOS', '00001', 'FACTURA', '2022-09-01', 'S/D', '00000015', 'upload_files/1662047062_2022-09-01_ENTRADA.pdf', 'N/A', '2022-09-01 10:44:22'),(18, 4, 27, 'NOVILI SANTA MARTA ', '05-109488', 'TORNAGUIA', '2022-08-11', 'SANTA MARTA', '00000016', 'upload_files/1662050311_2022-09-01_ENTRADA.pdf', 'PRODUCTOS RECIBIDO BAJO TORNAGUIA 05-109488', '2022-09-01 11:38:31'),(19, 4, 27, 'NOVILI SANTA MARTA ', '05-109489', 'TORNAGUIA', '2022-08-11', 'SANTA MARTA', '00000017', 'upload_files/1662050890_2022-09-01_ENTRADA.pdf', 'ENTRADA DE MERCANCIA BAJO LA TORNAGUIA N°05-109489', '2022-09-01 11:48:10'),(20, 4, 27, 'NOVILI SANTA MARTA ', '05-110173', 'TORNAGUIA', '2022-08-31', 'SANTA MARTA ', '00000018', 'upload_files/1662051337_2022-09-01_ENTRADA.pdf', 'ENTRADA DE MERCANCIA BAJO LA TORNAGUIA 05-110173', '2022-09-01 11:55:37'),(21, 2, 12, 'ALTIAPAL SAS SANTA MARTA', 'TRASLADO-34715', 'FACTURA', '2022-09-01', 'CR 29# 42 37 SECTOR SANTA CRUZ BD1A MZ3, SANTA MARTA', '00000019', 'upload_files/1662052591_2022-09-01_ENTRADA.pdf', 'N/A', '2022-09-01 12:16:31'),(22, 4, 27, 'SELVA GIN 700 ML ', 'FVS-024', 'REMISION', '2022-05-27', 'NOVILI SANTA MARTA ', '00000020', 'upload_files/1662129696_2022-09-02_ENTRADA.pdf', 'RECIBIDO BAJO TORNAGUIA 13-105586', '2022-09-02 09:41:36'),(23, 1, 29, 'DISMEL LTDA SANTA MARTA', '11-203578', 'TORNAGUIA', '2022-09-02', 'CR 29 42 47 SECTOR SANTA CRUZ', '00000021', 'upload_files/1662220846_2022-09-03_ENTRADA.pdf', 'DEVOLUCION TOTAL DE CODIGO 1705 ERDINGER PIKANTUS BOTE 500 X 12 POR FECHA CORTA ', '2022-09-03 11:00:46'),(24, 1, 30, 'DISMEL LTDA SANTA MARTA', 'FBO-00001261', 'FACTURA', '2022-03-08', 'CR 29 42 - 37 SANTA CRUZ BD 1 MZ3, SANTA MARTA', '00000022', 'upload_files/1662222799_2022-09-03_ENTRADA.pdf', 'N/A', '2022-09-03 11:33:19'),(25, 2, 21, 'ALTIPAL SAS SANTA MARTA', 'FN41110123114', 'FACTURA', '2022-09-07', 'CR 29 42 37 SECTOR SANTA CRUZ DB1A MZ3', '00000023', 'upload_files/1662586999_2022-09-07_ENTRADA.pdf', '7707211635863	Café Juan Valdez Liofilizado Plegladiza x42Un x30 Sobres x1, \nDEVOLUCION DE 41 UNIDADES POR AVERIA CODIGO 41051436', '2022-09-07 16:43:19'),(26, 3, 3, 'JE RUEDA SANTA MARTA ', '25-193731', 'TORNAGUIA', '2022-09-07', 'JE RUEDA SANTA MARTA ', '00000024', 'upload_files/1662587260_2022-09-07_ENTRADA.pdf', 'RECIBO BAJO TORNAGUIA ', '2022-09-07 16:47:40'),(27, 1, 31, 'INVENTARIO INICIAL VINCORTES', '0001', 'FACTURA', '2022-09-08', 'N/A', '00000025', 'upload_files/1662657827_2022-09-08_ENTRADA.pdf', 'N/A', '2022-09-08 12:23:47'),(28, 6, 26, 'TRASLADO DE BODEGA DISLICORES', '010-TEB-00011169', 'FACTURA', '2022-09-09', 'N/A', '00000026', 'upload_files/1662743628_2022-09-09_ENTRADA.pdf', 'N/A', '2022-09-09 12:13:48'),(29, 1, 32, 'INVENTARIO INICIAL COLOMA', 'N/A', 'FACTURA', '2022-09-09', 'N/A', '00000027', 'upload_files/1662756335_2022-09-09_ENTRADA.pdf', 'N/A', '2022-09-09 15:45:35'),(30, 2, 20, 'ALTIPAL SAS SANTA MARTA', '000035178', 'NUTR', '2022-09-12', 'N/A', '00000028', 'upload_files/1662835599_2022-09-10_ENTRADA.pdf', 'COVA-000092056 FALTANTE DE 4 UNIDADES\nCOVA-00002611 FALTANTE DE 2 UNIDADES\nCOVA-000104194 FALTANTE DE 1 UNIDAD\nCOVA-000081946 1 UNIDAD EN AVERIA\nCOVA-000081945 1 UNIDAD EN AVERIA', '2022-09-10 13:46:39'),(31, 9, 33, 'INDUSTRIA QUIMICA CARTAGENA', '13-109100', 'TORNAGUIA', '2022-09-12', 'CRA29 NR 42 -37 SECTOR SANTA CRUZ BG 1A DE LA MZ3', '00000029', 'upload_files/1663013632_2022-09-12_ENTRADA.pdf', 'N/A', '2022-09-12 15:13:52'),(32, 2, 9, 'NUTR-000035178 FROTEX', '000035178', 'NUTR', '2022-09-10', 'N/A', '00000030', 'upload_files/1663103193_2022-09-13_ENTRADA.pdf', 'N/A', '2022-09-13 16:06:33'),(33, 6, 26, 'INGRESO DE DISLICORES CERVESA CLUB COLOMBIA', '01', 'FACTURA', '2022-09-13', 'S/D', '00000031', 'upload_files/1663190730_2022-09-14_ENTRADA.pdf', 'N/A', '2022-09-14 16:25:30'),(34, 6, 26, 'INGRESO DE DISLICORES CERVESA CLUB COLOMBIA', '02', 'FACTURA', '2022-09-13', 'S/D', '00000032', 'upload_files/1663190941_2022-09-14_ENTRADA.pdf', 'N/A', '2022-09-14 16:29:01'),(35, 2, 6, 'ALTIPAL SAS SANTA MARTA', '7911-20682', 'FACTURA', '2022-09-14', 'CR 29 42 37 SEC SANTA CRUZ BG 1A MZ', '00000033', 'upload_files/1663196078_2022-09-14_ENTRADA.pdf', 'DEVOLUCION DE 1 CAJA 7700618020461 X48 UNIDADES POR MALA PRESENTACION', '2022-09-14 17:54:38'),(36, 2, 6, 'ALTIPAL SAS SANTA MARTA', '7911-20559', 'FACTURA', '2022-09-14', 'CR 29 42 37 SEC SANTA CRUZ BG 1A MZ', '00000034', 'upload_files/1663197188_2022-09-14_ENTRADA.pdf', 'DEVOLUCION DE 1 CAJA 7700618020430 X48 UNIDADES POR MALA PRESENTACION\nDEVOLUCION DE 1 CAJA 7700618020454 X48 UNIDADES POR MALA PRESENTACION\nDEVOLUCION DE 1 CAJA 7700618020423 X48 UNIDADES POR MALA PRESENTACION Y 1 CAJA FALTANTE X48 UNIDADES\n', '2022-09-14 18:13:08'),(37, 10, 34, 'BODEGA SANTA LUCIA SAS - TRASLADO IBAGUE-OPL SANTA MARTA', 'NT1-4557', 'FACTURA', '2022-09-15', 'CRA 29 NR 42 - 37 SECTOR SANTA CRUZ BG 1A DE LA MZ 3', '00000035', 'upload_files/1663261624_2022-09-15_ENTRADA.pdf', 'DEVOLUCION DE 1 UNIDAD DEL CODIGO 7707113804886', '2022-09-15 12:07:04'),(38, 2, 35, 'ALTIPAL SAS SANTA MARTA', 'FE43636', 'FACTURA', '2022-09-15', 'CRA 29 42-37 SECTOR SANTA CRUZ, SANTA MARTA', '00000036', 'upload_files/1663274020_2022-09-15_ENTRADA.pdf', 'N° FE43636 PECO-000151523\nDEVOLUCION DE 2 DISPLAY POR (24 UNIDADES) POR MALA PRESENTACION', '2022-09-15 15:33:40'),(39, 2, 13, 'ALTIAPAL SAS SANTA MARTA', 'VITAD/INT/02557', 'FACTURA', '2022-09-15', 'CRA 29 42-37 SECTOR SANTA CRUZ, SANTA MARTA', '00000037', 'upload_files/1663275682_2022-09-15_ENTRADA.pdf', 'N° VITAD/INT/02557 PECO-000151852', '2022-09-15 16:01:22'),(40, 2, 16, 'ALTIAPAL SAS SANTA MARTA', 'MN137511', 'FACTURA', '2022-09-20', 'CR 29 42 37 BODEGA 1A DE LA MZ3', '00000038', 'upload_files/1663709644_2022-09-20_ENTRADA.pdf', 'MN137511\nPECO-000151217', '2022-09-20 16:34:04'),(41, 1, 36, 'INGRESO NUEVA BODEGA MOSELA LTDA', '25-198777', 'TORNAGUIA', '2022-09-20', 'CR 29 42 37 BODEGA 1A DE LA MZ3', '00000039', 'upload_files/1663714066_2022-09-20_ENTRADA.pdf', 'N/A', '2022-09-20 17:47:46'),(42, 2, 7, 'ALTIPAL SAS SANTA MARTA', '20-164934', 'FACTURA', '2022-09-21', 'CR 29 42 37 SECTOR SANTA CRUZ DB 1A MZ3', '00000040', 'upload_files/1663793026_2022-09-21_ENTRADA.pdf', '20-164934\nPECO-000151906', '2022-09-21 15:43:46'),(43, 2, 12, 'ALTIPAL SAS SANTA MARTA', 'TRASLADO-35860', 'FACTURA', '2022-09-22', 'CR 29 42 37 SECTOR SANTA CRUZ BD1A MZ3', '00000041', 'upload_files/1663877828_2022-09-22_ENTRADA.pdf', 'TRASLADO-35860\nPECO-000153241\n14300126 - DEVOLUCION TOTAL POR AVERIA Y FALTANTE DE 3 UNIDADES EN CAJA SELLADA\n14300097 - DEVOLUCION DE 11 UNIDADES POR AVERIA', '2022-09-22 15:17:08'),(44, 2, 12, 'ALTIPAL SAS SANTA MARTA', 'TRASLADO-36128', 'FACTURA', '2022-09-22', 'CR 29 42 37 SECTOR SANTA CRUZ BD1A MZ3', '00000042', 'upload_files/1663879682_2022-09-22_ENTRADA.pdf', '14300123 -DEVOLUCION DE 1 UNIDAD POR AVERIA\n14300100 - DEVOLUCION DE 4 UNIDADES POR AVERIA\n14300095 - DEVOLUCION DE 13 UNIDADES POR AVERIA\n14300047 - DEVOLUCION DE 1 CAJA (144 UNIDADES ) Y DEVOLUCION DE CAJA CODIGO (14300095) POR MERCANCIA TROCADA (144 UN', '2022-09-22 15:48:02'),(45, 2, 15, 'ALTIPAL SAS SANTA MARTA', '35150', 'NUTR', '2022-09-22', 'CR 29 42 37 SECTOR SANTA CRUZ BD1A MZ3', '00000043', 'upload_files/1663881215_2022-09-22_ENTRADA.pdf', 'NUTR-000035150\nSE RECIBEN 2 UNIDADES EN AVERIA COAR-000006484', '2022-09-22 16:13:35'),(46, 2, 5, 'ALTIPAL SAS SANTA MARTA', 'CPLM327792', 'FACTURA', '2022-09-22', 'CR 29 42 37 SECTOR SANTA CRUZ BD1A MZ3', '00000044', 'upload_files/1663885113_2022-09-22_ENTRADA.pdf', 'CPLM327792\nPECO-000151451', '2022-09-22 17:18:33'),(47, 2, 8, 'ALTIPAL SAS SANTA MARTA', '28599', 'FACTURA', '2022-09-22', 'CR 29 42 37 SECTOR SANTA CRUZ BD1A MZ3', '00000045', 'upload_files/1663887886_2022-09-22_ENTRADA.pdf', '7703588003168 - SE RECIBE 1 UNIDAD DESCORCHADA\n7703588001546 - SE RECIBE 1 UNIDAD CON ETIQUETA RASGADA', '2022-09-22 18:04:46'),(48, 2, 6, 'ALTIPAL SAS SANTA MARTA', '7911-20804', 'FACTURA', '2022-09-23', 'CR 29 42 37 SECTOR SANTA CRUZ BG 1A MZ3', '00000046', 'upload_files/1663964352_2022-09-23_ENTRADA.pdf', 'N/A', '2022-09-23 15:19:12'),(49, 2, 21, 'ALTIPAL SAS SANTA MARTA', 'FN4110123880', 'FACTURA', '2022-09-23', 'CR 29 42 37 SECTOR SANTA CRUZ BG 1A MZ3', '00000047', 'upload_files/1663968235_2022-09-23_ENTRADA.pdf', 'N/A', '2022-09-23 16:23:55'),(50, 1, 37, 'INGRESO INICIAL', '5934', 'FACTURA', '2022-09-27', 'S/D', '00000048', 'upload_files/1664300014_2022-09-27_ENTRADA.pdf', 'N/A', '2022-09-27 12:33:34');
UNLOCK TABLES;
COMMIT;
BEGIN;
LOCK TABLES `db_deca`.`entrada_detalle` WRITE;
DELETE FROM `db_deca`.`entrada_detalle`;
INSERT INTO `db_deca`.`entrada_detalle` (`id`,`id_serie`,`id_producto`,`cantidad`,`created_at`,`update_at`) VALUES (1, '00000001', 25, 48, '2022-07-26 00:00:00', NULL),(2, '00000001', 26, 36, '2022-07-26 00:00:00', NULL),(3, '00000001', 27, 36, '2022-07-26 00:00:00', NULL),(4, '00000001', 28, 48, '2022-07-26 00:00:00', NULL),(5, '00000001', 29, 48, '2022-07-26 00:00:00', NULL),(6, '00000001', 30, 72, '2022-07-26 00:00:00', NULL),(7, '00000001', 31, 120, '2022-07-26 00:00:00', NULL),(8, '00000001', 32, 36, '2022-07-26 00:00:00', NULL),(9, '00000001', 33, 36, '2022-07-26 00:00:00', NULL),(10, '00000001', 34, 120, '2022-07-26 00:00:00', NULL),(11, '00000002', 170, 1343, '2022-08-20 13:59:25', NULL),(12, '00000002', 172, 1752, '2022-08-20 13:59:26', NULL),(13, '00000002', 175, 2286, '2022-08-20 13:59:26', NULL),(14, '00000002', 81, 10, '2022-08-20 13:59:26', NULL),(15, '00000002', 82, 370, '2022-08-20 13:59:26', NULL),(16, '00000002', 83, 6627, '2022-08-20 13:59:26', NULL),(17, '00000002', 205, 4500, '2022-08-20 13:59:26', NULL),(18, '00000002', 225, 1440, '2022-08-20 13:59:26', NULL),(19, '00000002', 226, 2085, '2022-08-20 13:59:27', NULL),(20, '00000002', 227, 3670, '2022-08-20 13:59:27', NULL),(21, '00000002', 228, 600, '2022-08-20 13:59:27', NULL),(22, '00000002', 346, 354, '2022-08-20 13:59:27', NULL),(23, '00000002', 347, 1356, '2022-08-20 13:59:27', NULL),(24, '00000002', 350, 23316, '2022-08-20 13:59:27', NULL),(25, '00000002', 372, 71, '2022-08-20 13:59:27', NULL),(26, '00000002', 128, 34, '2022-08-20 13:59:28', NULL),(27, '00000002', 129, 2, '2022-08-20 13:59:28', NULL),(28, '00000002', 130, 21, '2022-08-20 13:59:28', NULL),(29, '00000002', 190, 72, '2022-08-20 13:59:28', NULL),(30, '00000002', 191, 374, '2022-08-20 13:59:28', NULL),(31, '00000002', 192, 69, '2022-08-20 13:59:28', NULL),(32, '00000002', 194, 196, '2022-08-20 13:59:28', NULL),(33, '00000002', 193, 248, '2022-08-20 13:59:29', NULL),(34, '00000002', 195, 210, '2022-08-20 13:59:29', NULL),(35, '00000002', 196, 90, '2022-08-20 13:59:29', NULL),(36, '00000002', 197, 128, '2022-08-20 13:59:29', NULL),(37, '00000002', 212, 216, '2022-08-20 13:59:29', NULL),(38, '00000002', 213, 724, '2022-08-20 13:59:29', NULL),(39, '00000002', 215, 39, '2022-08-20 13:59:29', NULL),(40, '00000002', 214, 12, '2022-08-20 13:59:29', NULL),(41, '00000002', 216, 378, '2022-08-20 13:59:30', NULL),(42, '00000002', 217, 72, '2022-08-20 13:59:30', NULL),(43, '00000002', 218, 72, '2022-08-20 13:59:30', NULL),(44, '00000002', 219, 655, '2022-08-20 13:59:30', NULL),(45, '00000002', 220, 14, '2022-08-20 13:59:30', NULL),(46, '00000002', 221, 20, '2022-08-20 13:59:31', NULL),(47, '00000002', 233, 17, '2022-08-20 13:59:31', NULL),(48, '00000002', 254, 121, '2022-08-20 13:59:31', NULL),(49, '00000002', 283, 104, '2022-08-20 13:59:31', NULL),(50, '00000002', 289, 4, '2022-08-20 13:59:31', NULL),(51, '00000002', 290, 4, '2022-08-20 13:59:31', NULL),(52, '00000002', 291, 4, '2022-08-20 13:59:31', NULL),(53, '00000002', 292, 12, '2022-08-20 13:59:32', NULL),(54, '00000002', 295, 66, '2022-08-20 13:59:32', NULL),(55, '00000002', 298, 145, '2022-08-20 13:59:32', NULL),(56, '00000002', 293, 9, '2022-08-20 13:59:32', NULL),(57, '00000002', 294, 126, '2022-08-20 13:59:32', NULL),(58, '00000002', 296, 9, '2022-08-20 13:59:32', NULL),(59, '00000002', 297, 30, '2022-08-20 13:59:33', NULL),(60, '00000002', 299, 10, '2022-08-20 13:59:33', NULL),(61, '00000002', 300, 68, '2022-08-20 13:59:33', NULL),(62, '00000002', 301, 67, '2022-08-20 13:59:33', NULL),(63, '00000002', 303, 38, '2022-08-20 13:59:33', NULL),(64, '00000002', 304, 48, '2022-08-20 13:59:33', NULL),(65, '00000002', 305, 36, '2022-08-20 13:59:34', NULL),(66, '00000002', 306, 24, '2022-08-20 13:59:34', NULL),(67, '00000002', 307, 42, '2022-08-20 13:59:34', NULL),(68, '00000002', 308, 28, '2022-08-20 13:59:34', NULL),(69, '00000002', 309, 11, '2022-08-20 13:59:34', NULL),(70, '00000002', 310, 59, '2022-08-20 13:59:34', NULL),(71, '00000002', 311, 52, '2022-08-20 13:59:34', NULL),(72, '00000002', 312, 40, '2022-08-20 13:59:35', NULL),(73, '00000002', 313, 17, '2022-08-20 13:59:36', NULL),(74, '00000002', 314, 3, '2022-08-20 13:59:36', NULL),(75, '00000002', 315, 16, '2022-08-20 13:59:36', NULL),(76, '00000002', 316, 43, '2022-08-20 13:59:37', NULL),(77, '00000002', 317, 67, '2022-08-20 13:59:37', NULL),(78, '00000002', 325, 8, '2022-08-20 13:59:37', NULL),(79, '00000002', 326, 8, '2022-08-20 13:59:37', NULL),(80, '00000002', 327, 23, '2022-08-20 13:59:38', NULL),(81, '00000002', 328, 31, '2022-08-20 13:59:38', NULL),(82, '00000002', 329, 18, '2022-08-20 13:59:38', NULL),(83, '00000002', 330, 16, '2022-08-20 13:59:38', NULL),(84, '00000002', 331, 13, '2022-08-20 13:59:38', NULL),(85, '00000002', 332, 4, '2022-08-20 13:59:39', NULL),(86, '00000002', 333, 6, '2022-08-20 13:59:39', NULL),(87, '00000002', 334, 8, '2022-08-20 13:59:39', NULL),(88, '00000002', 335, 6, '2022-08-20 13:59:39', NULL),(89, '00000002', 336, 453, '2022-08-20 13:59:39', NULL),(90, '00000002', 337, 18, '2022-08-20 13:59:40', NULL),(91, '00000002', 339, 5, '2022-08-20 13:59:40', NULL),(92, '00000002', 340, 3, '2022-08-20 13:59:40', NULL),(93, '00000002', 341, 3, '2022-08-20 13:59:40', NULL),(94, '00000002', 342, 5, '2022-08-20 13:59:40', NULL),(95, '00000002', 343, 4, '2022-08-20 13:59:40', NULL),(96, '00000002', 338, 4, '2022-08-20 13:59:41', NULL),(97, '00000002', 390, 8, '2022-08-20 13:59:41', NULL),(98, '00000002', 391, 12, '2022-08-20 13:59:41', NULL),(99, '00000002', 392, 1, '2022-08-20 13:59:41', NULL),(100, '00000002', 393, 5, '2022-08-20 13:59:41', NULL),(101, '00000002', 394, 3, '2022-08-20 13:59:41', NULL),(102, '00000002', 395, 1, '2022-08-20 13:59:41', NULL),(103, '00000002', 396, 1, '2022-08-20 13:59:42', NULL),(104, '00000002', 397, 4, '2022-08-20 13:59:42', NULL),(105, '00000002', 398, 5, '2022-08-20 13:59:42', NULL),(106, '00000002', 399, 3, '2022-08-20 13:59:42', NULL),(107, '00000002', 61, 184, '2022-08-20 13:59:42', NULL),(108, '00000002', 62, 1014, '2022-08-20 13:59:42', NULL),(109, '00000002', 63, 10, '2022-08-20 13:59:42', NULL),(110, '00000002', 64, 930, '2022-08-20 13:59:43', NULL),(111, '00000002', 65, 632, '2022-08-20 13:59:43', NULL),(112, '00000002', 66, 94, '2022-08-20 13:59:43', NULL),(113, '00000002', 67, 114, '2022-08-20 13:59:43', NULL),(114, '00000002', 68, 102, '2022-08-20 13:59:43', NULL),(115, '00000002', 69, 35, '2022-08-20 13:59:43', NULL),(116, '00000002', 70, 257, '2022-08-20 13:59:43', NULL),(117, '00000002', 71, 308, '2022-08-20 13:59:43', NULL),(118, '00000002', 72, 12, '2022-08-20 13:59:44', NULL),(119, '00000002', 234, 50, '2022-08-20 13:59:44', NULL),(120, '00000002', 383, 20, '2022-08-20 13:59:44', NULL),(121, '00000002', 414, 13, '2022-08-20 13:59:44', NULL),(122, '00000002', 75, 157, '2022-08-20 13:59:44', NULL),(123, '00000002', 127, 11, '2022-08-20 13:59:44', NULL),(124, '00000002', 178, 22, '2022-08-20 13:59:45', NULL),(125, '00000002', 187, 12, '2022-08-20 13:59:45', NULL),(126, '00000002', 188, 91, '2022-08-20 13:59:45', NULL),(127, '00000002', 189, 54, '2022-08-20 13:59:45', NULL),(128, '00000002', 256, 57, '2022-08-20 13:59:45', NULL),(129, '00000002', 255, 6, '2022-08-20 13:59:45', NULL),(130, '00000002', 257, 23, '2022-08-20 13:59:45', NULL),(131, '00000002', 259, 12, '2022-08-20 13:59:46', NULL),(132, '00000002', 263, 6, '2022-08-20 13:59:46', NULL),(133, '00000002', 380, 12, '2022-08-20 13:59:46', NULL),(134, '00000002', 381, 6, '2022-08-20 13:59:46', NULL),(135, '00000002', 389, 6, '2022-08-20 13:59:46', NULL),(136, '00000002', 411, 12, '2022-08-20 13:59:46', NULL),(137, '00000002', 412, 3, '2022-08-20 13:59:46', NULL),(138, '00000002', 413, 24, '2022-08-20 13:59:47', NULL),(139, '00000002', 438, 110, '2022-08-20 13:59:47', NULL),(140, '00000002', 439, 66, '2022-08-20 13:59:47', NULL),(141, '00000002', 440, 43, '2022-08-20 13:59:47', NULL),(142, '00000002', 441, 24, '2022-08-20 13:59:47', NULL),(143, '00000002', 442, 52, '2022-08-20 13:59:47', NULL),(144, '00000002', 443, 108, '2022-08-20 13:59:47', NULL),(145, '00000002', 444, 30, '2022-08-20 13:59:47', NULL),(146, '00000002', 445, 10, '2022-08-20 13:59:48', NULL),(147, '00000002', 446, 10, '2022-08-20 13:59:48', NULL),(148, '00000002', 447, 183, '2022-08-20 13:59:48', NULL),(149, '00000002', 448, 133, '2022-08-20 13:59:48', NULL),(150, '00000002', 449, 183, '2022-08-20 13:59:49', NULL),(151, '00000002', 450, 4, '2022-08-20 13:59:49', NULL),(152, '00000002', 451, 35, '2022-08-20 13:59:49', NULL),(153, '00000002', 452, 24, '2022-08-20 13:59:49', NULL),(154, '00000002', 453, 73, '2022-08-20 13:59:49', NULL),(155, '00000002', 454, 65, '2022-08-20 13:59:49', NULL),(156, '00000002', 455, 24, '2022-08-20 13:59:49', NULL),(157, '00000002', 456, 24, '2022-08-20 13:59:49', NULL),(158, '00000002', 457, 31, '2022-08-20 13:59:50', NULL),(159, '00000002', 459, 12, '2022-08-20 13:59:50', NULL),(160, '00000002', 460, 192, '2022-08-20 13:59:50', NULL),(161, '00000002', 461, 6, '2022-08-20 13:59:50', NULL),(162, '00000002', 462, 12, '2022-08-20 13:59:50', NULL),(163, '00000002', 463, 43, '2022-08-20 13:59:50', NULL),(164, '00000002', 464, 48, '2022-08-20 13:59:50', NULL),(165, '00000002', 465, 6, '2022-08-20 13:59:50', NULL),(166, '00000002', 466, 6, '2022-08-20 13:59:51', NULL),(167, '00000002', 467, 20, '2022-08-20 13:59:51', NULL),(168, '00000002', 468, 70, '2022-08-20 13:59:51', NULL),(169, '00000002', 469, 112, '2022-08-20 13:59:51', NULL),(170, '00000002', 470, 188, '2022-08-20 13:59:51', NULL),(171, '00000002', 471, 50, '2022-08-20 13:59:51', NULL),(172, '00000002', 472, 12, '2022-08-20 13:59:51', NULL),(173, '00000002', 473, 70, '2022-08-20 13:59:51', NULL),(174, '00000002', 474, 12, '2022-08-20 13:59:51', NULL),(175, '00000002', 475, 6, '2022-08-20 13:59:52', NULL),(176, '00000002', 40, 572, '2022-08-20 13:59:52', NULL),(177, '00000002', 41, 102, '2022-08-20 13:59:52', NULL),(178, '00000002', 42, 403, '2022-08-20 13:59:52', NULL),(179, '00000002', 423, 178, '2022-08-20 13:59:52', NULL),(180, '00000002', 424, 472, '2022-08-20 13:59:52', NULL),(181, '00000002', 425, 77, '2022-08-20 13:59:52', NULL),(182, '00000002', 426, 71, '2022-08-20 13:59:52', NULL),(183, '00000002', 427, 3095, '2022-08-20 13:59:53', NULL),(184, '00000002', 428, 156, '2022-08-20 13:59:53', NULL),(185, '00000002', 429, 196, '2022-08-20 13:59:53', NULL),(186, '00000002', 430, 47, '2022-08-20 13:59:53', NULL),(187, '00000002', 431, 214, '2022-08-20 13:59:53', NULL),(188, '00000002', 432, 2086, '2022-08-20 13:59:54', NULL),(189, '00000002', 433, 59, '2022-08-20 13:59:54', NULL),(190, '00000002', 434, 140, '2022-08-20 13:59:54', NULL),(191, '00000002', 435, 451, '2022-08-20 13:59:54', NULL),(192, '00000002', 436, 84, '2022-08-20 13:59:54', NULL),(193, '00000002', 437, 32, '2022-08-20 13:59:54', NULL),(194, '00000002', 198, 6, '2022-08-20 13:59:55', NULL),(195, '00000002', 200, 468, '2022-08-20 13:59:55', NULL),(196, '00000002', 201, 72, '2022-08-20 13:59:55', NULL),(197, '00000002', 202, 113, '2022-08-20 13:59:55', NULL),(198, '00000002', 203, 43, '2022-08-20 13:59:55', NULL),(199, '00000002', 222, 9, '2022-08-20 13:59:55', NULL),(200, '00000002', 223, 64, '2022-08-20 13:59:56', NULL),(201, '00000002', 282, 3, '2022-08-20 13:59:56', NULL),(202, '00000002', 302, 168, '2022-08-20 13:59:56', NULL),(203, '00000002', 318, 328, '2022-08-20 13:59:56', NULL),(204, '00000002', 319, 18, '2022-08-20 13:59:56', NULL),(205, '00000002', 320, 45, '2022-08-20 13:59:56', NULL),(206, '00000002', 321, 81, '2022-08-20 13:59:57', NULL),(207, '00000002', 322, 4, '2022-08-20 13:59:57', NULL),(208, '00000002', 323, 127, '2022-08-20 13:59:57', NULL),(209, '00000002', 324, 89, '2022-08-20 13:59:57', NULL),(210, '00000002', 344, 35, '2022-08-20 13:59:57', NULL),(211, '00000002', 379, 14, '2022-08-20 13:59:58', NULL),(212, '00000002', 384, 33, '2022-08-20 13:59:58', NULL),(213, '00000002', 169, 282, '2022-08-20 13:59:58', NULL),(214, '00000002', 173, 240, '2022-08-20 13:59:58', NULL),(215, '00000002', 174, 234, '2022-08-20 13:59:58', NULL),(216, '00000002', 176, 6, '2022-08-20 13:59:58', NULL),(217, '00000002', 177, 168, '2022-08-20 13:59:59', NULL),(218, '00000002', 38, 450, '2022-08-20 13:59:59', NULL),(219, '00000002', 204, 342, '2022-08-20 13:59:59', NULL),(220, '00000002', 206, 91, '2022-08-20 13:59:59', NULL),(221, '00000002', 207, 96, '2022-08-20 14:00:00', NULL),(222, '00000002', 208, 336, '2022-08-20 14:00:00', NULL),(223, '00000002', 209, 43, '2022-08-20 14:00:00', NULL),(224, '00000002', 210, 234, '2022-08-20 14:00:00', NULL),(225, '00000002', 211, 13, '2022-08-20 14:00:00', NULL),(226, '00000002', 387, 1908, '2022-08-20 14:00:00', NULL),(227, '00000002', 388, 108, '2022-08-20 14:00:00', NULL),(228, '00000002', 43, 191, '2022-08-20 14:00:01', NULL),(229, '00000002', 44, 80, '2022-08-20 14:00:01', NULL),(230, '00000002', 45, 219, '2022-08-20 14:00:01', NULL),(231, '00000002', 46, 71, '2022-08-20 14:00:01', NULL),(232, '00000002', 47, 295, '2022-08-20 14:00:01', NULL),(233, '00000002', 48, 6, '2022-08-20 14:00:01', NULL),(234, '00000002', 49, 236, '2022-08-20 14:00:02', NULL),(235, '00000002', 50, 369, '2022-08-20 14:00:02', NULL),(236, '00000002', 51, 24, '2022-08-20 14:00:02', NULL),(237, '00000002', 52, 478, '2022-08-20 14:00:03', NULL),(238, '00000002', 53, 33, '2022-08-20 14:00:03', NULL),(239, '00000002', 54, 540, '2022-08-20 14:00:03', NULL),(240, '00000002', 55, 73, '2022-08-20 14:00:03', NULL),(241, '00000002', 56, 34, '2022-08-20 14:00:03', NULL),(242, '00000002', 57, 14, '2022-08-20 14:00:03', NULL),(243, '00000002', 58, 429, '2022-08-20 14:00:04', NULL),(244, '00000002', 235, 219, '2022-08-20 14:00:04', NULL),(245, '00000002', 264, 25, '2022-08-20 14:00:04', NULL),(246, '00000002', 265, 29, '2022-08-20 14:00:04', NULL),(247, '00000002', 266, 41, '2022-08-20 14:00:04', NULL),(248, '00000002', 267, 17, '2022-08-20 14:00:04', NULL),(249, '00000002', 268, 147, '2022-08-20 14:00:04', NULL),(250, '00000002', 269, 20, '2022-08-20 14:00:05', NULL),(251, '00000002', 270, 30, '2022-08-20 14:00:05', NULL),(252, '00000002', 271, 67, '2022-08-20 14:00:05', NULL),(253, '00000002', 272, 67, '2022-08-20 14:00:05', NULL),(254, '00000002', 273, 220, '2022-08-20 14:00:05', NULL),(255, '00000002', 274, 95, '2022-08-20 14:00:05', NULL),(256, '00000002', 275, 28, '2022-08-20 14:00:06', NULL),(257, '00000002', 276, 145, '2022-08-20 14:00:06', NULL),(258, '00000002', 277, 4, '2022-08-20 14:00:06', NULL),(259, '00000002', 278, 84, '2022-08-20 14:00:06', NULL),(260, '00000002', 279, 106, '2022-08-20 14:00:06', NULL),(261, '00000002', 280, 84, '2022-08-20 14:00:07', NULL),(262, '00000002', 281, 186, '2022-08-20 14:00:07', NULL),(263, '00000002', 354, 60, '2022-08-20 14:00:07', NULL),(264, '00000002', 402, 166, '2022-08-20 14:00:07', NULL),(265, '00000002', 403, 62, '2022-08-20 14:00:07', NULL),(266, '00000002', 404, 114, '2022-08-20 14:00:07', NULL),(267, '00000002', 405, 72, '2022-08-20 14:00:08', NULL),(268, '00000002', 406, 1, '2022-08-20 14:00:08', NULL),(269, '00000002', 407, 72, '2022-08-20 14:00:08', NULL),(270, '00000002', 408, 211, '2022-08-20 14:00:09', NULL),(271, '00000002', 409, 35, '2022-08-20 14:00:09', NULL),(272, '00000002', 410, 148, '2022-08-20 14:00:09', NULL),(273, '00000002', 39, 15, '2022-08-20 14:00:09', NULL),(274, '00000002', 345, 11, '2022-08-20 14:00:09', NULL),(275, '00000002', 351, 25, '2022-08-20 14:00:10', NULL),(276, '00000002', 352, 5, '2022-08-20 14:00:10', NULL),(277, '00000002', 353, 6, '2022-08-20 14:00:10', NULL),(278, '00000002', 185, 23, '2022-08-20 14:00:10', NULL),(279, '00000002', 199, 12, '2022-08-20 14:00:10', NULL),(280, '00000002', 229, 24, '2022-08-20 14:00:11', NULL),(281, '00000002', 230, 36, '2022-08-20 14:00:11', NULL),(282, '00000002', 231, 18, '2022-08-20 14:00:11', NULL),(283, '00000002', 232, 11, '2022-08-20 14:00:11', NULL),(284, '00000002', 284, 60, '2022-08-20 14:00:11', NULL),(285, '00000002', 285, 360, '2022-08-20 14:00:11', NULL),(286, '00000002', 286, 87, '2022-08-20 14:00:11', NULL),(287, '00000002', 287, 81, '2022-08-20 14:00:12', NULL),(288, '00000002', 288, 144, '2022-08-20 14:00:12', NULL),(289, '00000002', 373, 24, '2022-08-20 14:00:12', NULL),(290, '00000002', 374, 35, '2022-08-20 14:00:12', NULL),(291, '00000002', 375, 143, '2022-08-20 14:00:12', NULL),(292, '00000002', 376, 35, '2022-08-20 14:00:12', NULL),(293, '00000002', 377, 215, '2022-08-20 14:00:12', NULL),(294, '00000002', 378, 143, '2022-08-20 14:00:12', NULL),(295, '00000002', 385, 9, '2022-08-20 14:00:13', NULL),(296, '00000002', 386, 24, '2022-08-20 14:00:13', NULL),(297, '00000002', 400, 20, '2022-08-20 14:00:13', NULL),(298, '00000002', 401, 20, '2022-08-20 14:00:13', NULL),(299, '00000002', 415, 399, '2022-08-20 14:00:13', NULL),(300, '00000002', 416, 315, '2022-08-20 14:00:14', NULL),(301, '00000002', 417, 434, '2022-08-20 14:00:14', NULL),(302, '00000002', 418, 168, '2022-08-20 14:00:14', NULL),(303, '00000002', 131, 12, '2022-08-20 14:00:14', NULL),(304, '00000002', 132, 14, '2022-08-20 14:00:14', NULL),(305, '00000002', 133, 68, '2022-08-20 14:00:14', NULL),(306, '00000002', 134, 248, '2022-08-20 14:00:15', NULL),(307, '00000002', 135, 144, '2022-08-20 14:00:15', NULL),(308, '00000002', 136, 24, '2022-08-20 14:00:15', NULL),(309, '00000002', 137, 18, '2022-08-20 14:00:16', NULL),(310, '00000002', 138, 147, '2022-08-20 14:00:16', NULL),(311, '00000002', 139, 93, '2022-08-20 14:00:16', NULL),(312, '00000002', 140, 153, '2022-08-20 14:00:16', NULL),(313, '00000002', 141, 549, '2022-08-20 14:00:16', NULL),(314, '00000002', 142, 12, '2022-08-20 14:00:16', NULL),(315, '00000002', 143, 1624, '2022-08-20 14:00:17', NULL),(316, '00000002', 144, 60, '2022-08-20 14:00:17', NULL),(317, '00000002', 145, 110, '2022-08-20 14:00:17', NULL),(318, '00000002', 146, 27, '2022-08-20 14:00:17', NULL),(319, '00000002', 147, 54, '2022-08-20 14:00:17', NULL),(320, '00000002', 148, 96, '2022-08-20 14:00:17', NULL),(321, '00000002', 149, 108, '2022-08-20 14:00:18', NULL),(322, '00000002', 150, 372, '2022-08-20 14:00:18', NULL),(323, '00000002', 151, 97, '2022-08-20 14:00:18', NULL),(324, '00000002', 152, 712, '2022-08-20 14:00:18', NULL),(325, '00000002', 153, 80, '2022-08-20 14:00:19', NULL),(326, '00000002', 154, 54, '2022-08-20 14:00:19', NULL),(327, '00000002', 155, 36, '2022-08-20 14:00:19', NULL),(328, '00000002', 156, 144, '2022-08-20 14:00:19', NULL),(329, '00000002', 157, 19, '2022-08-20 14:00:19', NULL),(330, '00000002', 158, 109, '2022-08-20 14:00:19', NULL),(331, '00000002', 159, 1, '2022-08-20 14:00:20', NULL),(332, '00000002', 160, 25, '2022-08-20 14:00:20', NULL),(333, '00000002', 161, 64, '2022-08-20 14:00:20', NULL),(334, '00000002', 162, 23, '2022-08-20 14:00:20', NULL),(335, '00000002', 163, 456, '2022-08-20 14:00:20', NULL),(336, '00000002', 164, 450, '2022-08-20 14:00:21', NULL),(337, '00000002', 165, 451, '2022-08-20 14:00:21', NULL),(338, '00000002', 166, 716, '2022-08-20 14:00:21', NULL),(339, '00000002', 167, 8056, '2022-08-20 14:00:21', NULL),(340, '00000002', 168, 108, '2022-08-20 14:00:22', NULL),(341, '00000002', 260, 21, '2022-08-20 14:00:22', NULL),(342, '00000002', 261, 102, '2022-08-20 14:00:22', NULL),(343, '00000002', 262, 7, '2022-08-20 14:00:22', NULL),(344, '00000002', 361, 29, '2022-08-20 14:00:22', NULL),(345, '00000002', 73, 4161, '2022-08-20 14:00:22', NULL),(346, '00000002', 74, 96, '2022-08-20 14:00:23', NULL),(347, '00000002', 76, 50, '2022-08-20 14:00:23', NULL),(348, '00000002', 179, 200, '2022-08-20 14:00:23', NULL),(349, '00000002', 365, 207, '2022-08-20 14:00:23', NULL),(350, '00000002', 366, 100, '2022-08-20 14:00:23', NULL),(351, '00000002', 367, 3, '2022-08-20 14:00:24', NULL),(352, '00000002', 368, 50, '2022-08-20 14:00:24', NULL),(353, '00000002', 369, 250, '2022-08-20 14:00:24', NULL),(354, '00000002', 370, 83, '2022-08-20 14:00:24', NULL),(355, '00000002', 371, 500, '2022-08-20 14:00:24', NULL),(356, '00000002', 364, 48, '2022-08-20 14:00:24', NULL),(357, '00000002', 382, 96, '2022-08-20 14:00:24', NULL),(358, '00000002', 59, 3175, '2022-08-20 14:00:25', NULL),(359, '00000002', 60, 3025, '2022-08-20 14:00:25', NULL),(360, '00000002', 180, 288, '2022-08-20 14:00:25', NULL),(361, '00000002', 181, 73, '2022-08-20 14:00:25', NULL),(362, '00000002', 182, 74, '2022-08-20 14:00:25', NULL),(363, '00000002', 183, 504, '2022-08-20 14:00:26', NULL),(364, '00000002', 184, 74, '2022-08-20 14:00:26', NULL),(365, '00000002', 236, 1344, '2022-08-20 14:00:26', NULL),(366, '00000002', 237, 1008, '2022-08-20 14:00:26', NULL),(367, '00000002', 238, 1050, '2022-08-20 14:00:26', NULL),(368, '00000002', 239, 127, '2022-08-20 14:00:26', NULL),(369, '00000002', 240, 154, '2022-08-20 14:00:26', NULL),(370, '00000002', 241, 66, '2022-08-20 14:00:27', NULL),(371, '00000002', 242, 17, '2022-08-20 14:00:27', NULL),(372, '00000002', 243, 456, '2022-08-20 14:00:27', NULL),(373, '00000002', 244, 16, '2022-08-20 14:00:27', NULL),(374, '00000002', 245, 142, '2022-08-20 14:00:27', NULL),(375, '00000002', 246, 92, '2022-08-20 14:00:28', NULL),(376, '00000002', 247, 132, '2022-08-20 14:00:28', NULL),(377, '00000002', 248, 744, '2022-08-20 14:00:28', NULL),(378, '00000002', 249, 16, '2022-08-20 14:00:28', NULL),(379, '00000002', 250, 16, '2022-08-20 14:00:29', NULL),(380, '00000002', 251, 16, '2022-08-20 14:00:29', NULL),(381, '00000002', 252, 16, '2022-08-20 14:00:29', NULL),(382, '00000002', 253, 16, '2022-08-20 14:00:29', NULL),(383, '00000002', 419, 36, '2022-08-20 14:00:29', NULL),(384, '00000002', 420, 36, '2022-08-20 14:00:30', NULL),(385, '00000002', 421, 84, '2022-08-20 14:00:30', NULL),(386, '00000002', 422, 63, '2022-08-20 14:00:30', NULL),(387, '00000002', 98, 17, '2022-08-20 14:00:30', NULL),(388, '00000002', 99, 5, '2022-08-20 14:00:30', NULL),(389, '00000002', 100, 13, '2022-08-20 14:00:31', NULL),(390, '00000002', 101, 27, '2022-08-20 14:00:31', NULL),(391, '00000002', 102, 43, '2022-08-20 14:00:31', NULL),(392, '00000002', 103, 39, '2022-08-20 14:00:31', NULL),(393, '00000002', 104, 50, '2022-08-20 14:00:31', NULL),(394, '00000002', 105, 21, '2022-08-20 14:00:32', NULL),(395, '00000002', 106, 53, '2022-08-20 14:00:32', NULL),(396, '00000002', 107, 7, '2022-08-20 14:00:32', NULL),(397, '00000002', 108, 1219, '2022-08-20 14:00:32', NULL),(398, '00000002', 109, 9, '2022-08-20 14:00:33', NULL),(399, '00000002', 110, 85, '2022-08-20 14:00:33', NULL),(400, '00000002', 111, 497, '2022-08-20 14:00:33', NULL),(401, '00000002', 112, 99, '2022-08-20 14:00:33', NULL),(402, '00000002', 113, 16100, '2022-08-20 14:00:34', NULL),(403, '00000002', 114, 1184, '2022-08-20 14:00:34', NULL),(404, '00000002', 115, 4350, '2022-08-20 14:00:34', NULL),(405, '00000002', 116, 87, '2022-08-20 14:00:34', NULL),(406, '00000002', 117, 18, '2022-08-20 14:00:34', NULL),(407, '00000002', 118, 23, '2022-08-20 14:00:34', NULL),(408, '00000002', 119, 40, '2022-08-20 14:00:35', NULL),(409, '00000002', 120, 17, '2022-08-20 14:00:35', NULL),(410, '00000002', 121, 36, '2022-08-20 14:00:35', NULL),(411, '00000002', 122, 39, '2022-08-20 14:00:36', NULL),(412, '00000002', 123, 9, '2022-08-20 14:00:36', NULL),(413, '00000002', 124, 16, '2022-08-20 14:00:36', NULL),(414, '00000002', 125, 32, '2022-08-20 14:00:36', NULL),(415, '00000002', 126, 320, '2022-08-20 14:00:36', NULL),(416, '00000002', 90, 80, '2022-08-20 14:00:37', NULL),(417, '00000002', 91, 15, '2022-08-20 14:00:37', NULL),(418, '00000002', 92, 160, '2022-08-20 14:00:37', NULL),(419, '00000002', 93, 194, '2022-08-20 14:00:37', NULL),(420, '00000002', 94, 135, '2022-08-20 14:00:37', NULL),(421, '00000002', 95, 536, '2022-08-20 14:00:38', NULL),(422, '00000002', 96, 578, '2022-08-20 14:00:38', NULL),(423, '00000002', 97, 105, '2022-08-20 14:00:38', NULL),(424, '00000002', 77, 1032, '2022-08-20 14:00:38', NULL),(425, '00000002', 78, 233, '2022-08-20 14:00:39', NULL),(426, '00000002', 79, 140, '2022-08-20 14:00:39', NULL),(427, '00000002', 80, 1290, '2022-08-20 14:00:39', NULL),(428, '00000002', 186, 34, '2022-08-20 14:00:40', NULL),(429, '00000003', 429, 96, '2022-08-20 14:18:27', NULL),(430, '00000003', 436, 60, '2022-08-20 14:18:27', NULL),(431, '00000003', 423, 204, '2022-08-20 14:18:27', NULL),(432, '00000003', 435, 180, '2022-08-20 14:18:27', NULL),(433, '00000003', 426, 48, '2022-08-20 14:18:28', NULL),(434, '00000004', 479, 120, '2022-08-20 14:50:21', NULL),(435, '00000004', 478, 120, '2022-08-20 14:50:21', NULL),(436, '00000004', 477, 120, '2022-08-20 14:50:22', NULL),(437, '00000004', 476, 120, '2022-08-20 14:50:22', NULL),(438, '00000004', 480, 120, '2022-08-20 14:50:22', NULL),(439, '00000005', 481, 112, '2022-08-20 17:33:26', NULL),(440, '00000005', 399, 112, '2022-08-20 17:33:26', NULL),(441, '00000005', 397, 112, '2022-08-20 17:33:26', NULL),(442, '00000005', 393, 112, '2022-08-20 17:33:26', NULL),(443, '00000005', 392, 112, '2022-08-20 17:33:27', NULL),(444, '00000005', 482, 72, '2022-08-20 17:33:27', NULL),(445, '00000005', 192, 72, '2022-08-20 17:33:27', NULL),(446, '00000005', 341, 72, '2022-08-20 17:33:27', NULL),(447, '00000005', 342, 72, '2022-08-20 17:33:28', NULL),(448, '00000005', 340, 72, '2022-08-20 17:33:28', NULL),(449, '00000005', 129, 12, '2022-08-20 17:33:28', NULL),(450, '00000005', 328, 24, '2022-08-20 17:33:28', NULL),(451, '00000005', 398, 24, '2022-08-20 17:33:28', NULL),(452, '00000005', 289, 72, '2022-08-20 17:33:28', NULL),(453, '00000005', 483, 72, '2022-08-20 17:33:28', NULL),(454, '00000005', 221, 36, '2022-08-20 17:33:29', NULL),(455, '00000005', 484, 24, '2022-08-20 17:33:29', NULL),(456, '00000005', 335, 144, '2022-08-20 17:33:29', NULL),(457, '00000005', 334, 24, '2022-08-20 17:33:29', NULL),(458, '00000005', 314, 48, '2022-08-20 17:33:29', NULL),(459, '00000005', 485, 72, '2022-08-20 17:33:30', NULL),(460, '00000005', 486, 72, '2022-08-20 17:33:30', NULL),(461, '00000005', 487, 288, '2022-08-20 17:33:30', NULL),(462, '00000005', 488, 24, '2022-08-20 17:33:30', NULL),(463, '00000005', 308, 24, '2022-08-20 17:33:30', NULL),(464, '00000005', 489, 48, '2022-08-20 17:33:31', NULL),(465, '00000005', 339, 72, '2022-08-20 17:33:31', NULL),(466, '00000005', 490, 24, '2022-08-20 17:33:31', NULL),(467, '00000005', 491, 144, '2022-08-20 17:33:31', NULL),(468, '00000005', 493, 72, '2022-08-20 17:33:31', NULL),(469, '00000005', 291, 144, '2022-08-20 17:33:32', NULL),(470, '00000005', 220, 36, '2022-08-20 17:33:32', NULL),(471, '00000005', 214, 36, '2022-08-20 17:33:32', NULL),(472, '00000005', 338, 72, '2022-08-20 17:33:32', NULL),(473, '00000005', 396, 24, '2022-08-20 17:33:32', NULL),(474, '00000005', 312, 72, '2022-08-20 17:33:32', NULL),(475, '00000005', 327, 72, '2022-08-20 17:33:33', NULL),(476, '00000005', 495, 24, '2022-08-20 17:33:33', NULL),(477, '00000005', 309, 48, '2022-08-20 17:33:33', NULL),(478, '00000006', 496, 400, '2022-08-23 14:50:20', NULL),(485, '00000007', 497, 8, '2022-08-24 16:29:12', NULL),(486, '00000007', 498, 27, '2022-08-24 16:29:12', NULL),(487, '00000007', 499, 27, '2022-08-24 16:29:12', NULL),(488, '00000007', 353, 20, '2022-08-24 16:29:12', NULL),(489, '00000007', 501, 28, '2022-08-24 16:29:12', NULL),(490, '00000007', 502, 28, '2022-08-24 16:29:12', NULL),(491, '00000008', 264, 12, '2022-08-24 17:29:42', NULL),(492, '00000008', 503, 288, '2022-08-24 17:29:43', NULL),(493, '00000008', 280, 72, '2022-08-24 17:29:43', NULL),(494, '00000008', 272, 72, '2022-08-24 17:29:43', NULL),(495, '00000009', 61, 528, '2022-08-25 08:08:07', NULL),(496, '00000009', 65, 384, '2022-08-25 08:08:08', NULL),(497, '00000010', 70, 144, '2022-08-25 08:30:56', NULL),(498, '00000010', 383, 48, '2022-08-25 08:30:56', NULL),(499, '00000011', 504, 60, '2022-08-26 15:39:28', NULL),(500, '00000011', 505, 24, '2022-08-26 15:39:28', NULL),(501, '00000011', 506, 60, '2022-08-26 15:39:28', NULL),(502, '00000011', 507, 36, '2022-08-26 15:39:28', NULL),(503, '00000011', 508, 18, '2022-08-26 15:39:28', NULL),(504, '00000011', 509, 36, '2022-08-26 15:39:28', NULL),(505, '00000011', 510, 24, '2022-08-26 15:39:28', NULL),(506, '00000012', 114, 294, '2022-08-26 17:18:01', NULL),(507, '00000012', 115, 476, '2022-08-26 17:18:01', NULL),(508, '00000012', 108, 16, '2022-08-26 17:18:01', NULL),(509, '00000013', 520, 33120, '2022-08-31 15:14:40', NULL),(510, '00000013', 519, 27382, '2022-08-31 15:14:40', NULL),(511, '00000014', 522, 4, '2022-09-01 10:36:38', NULL),(512, '00000014', 523, 5, '2022-09-01 10:36:38', NULL),(513, '00000014', 524, 6, '2022-09-01 10:36:38', NULL),(514, '00000014', 525, 6, '2022-09-01 10:36:38', NULL),(515, '00000014', 526, 6, '2022-09-01 10:36:38', NULL),(516, '00000014', 527, 6, '2022-09-01 10:36:38', NULL),(517, '00000014', 528, 6, '2022-09-01 10:36:38', NULL),(518, '00000014', 529, 7, '2022-09-01 10:36:38', NULL),(519, '00000014', 530, 8, '2022-09-01 10:36:38', NULL),(520, '00000014', 531, 9, '2022-09-01 10:36:38', NULL),(521, '00000014', 532, 10, '2022-09-01 10:36:38', NULL),(522, '00000014', 533, 10, '2022-09-01 10:36:38', NULL),(523, '00000014', 534, 11, '2022-09-01 10:36:38', NULL),(524, '00000014', 535, 11, '2022-09-01 10:36:38', NULL),(525, '00000014', 536, 12, '2022-09-01 10:36:38', NULL),(526, '00000014', 537, 12, '2022-09-01 10:36:38', NULL),(527, '00000014', 538, 12, '2022-09-01 10:36:38', NULL),(528, '00000014', 539, 12, '2022-09-01 10:36:38', NULL),(529, '00000014', 540, 12, '2022-09-01 10:36:38', NULL),(530, '00000014', 541, 12, '2022-09-01 10:36:38', NULL),(531, '00000014', 542, 12, '2022-09-01 10:36:38', NULL),(532, '00000014', 543, 12, '2022-09-01 10:36:38', NULL),(533, '00000014', 544, 13, '2022-09-01 10:36:38', NULL),(534, '00000014', 545, 13, '2022-09-01 10:36:38', NULL),(535, '00000014', 546, 15, '2022-09-01 10:36:38', NULL),(536, '00000014', 547, 16, '2022-09-01 10:36:38', NULL),(537, '00000014', 548, 16, '2022-09-01 10:36:38', NULL),(538, '00000014', 549, 16, '2022-09-01 10:36:38', NULL),(539, '00000014', 550, 18, '2022-09-01 10:36:38', NULL),(540, '00000014', 551, 18, '2022-09-01 10:36:38', NULL),(541, '00000014', 552, 20, '2022-09-01 10:36:38', NULL),(542, '00000014', 553, 20, '2022-09-01 10:36:38', NULL),(543, '00000014', 554, 20, '2022-09-01 10:36:38', NULL),(544, '00000014', 555, 24, '2022-09-01 10:36:38', NULL),(545, '00000014', 556, 24, '2022-09-01 10:36:38', NULL),(546, '00000014', 557, 24, '2022-09-01 10:36:38', NULL),(547, '00000014', 558, 24, '2022-09-01 10:36:38', NULL),(548, '00000014', 559, 29, '2022-09-01 10:36:38', NULL),(549, '00000014', 560, 36, '2022-09-01 10:36:38', NULL),(550, '00000014', 561, 36, '2022-09-01 10:36:38', NULL),(551, '00000014', 562, 39, '2022-09-01 10:36:38', NULL),(552, '00000014', 563, 120, '2022-09-01 10:36:38', NULL),(553, '00000015', 564, 1, '2022-09-01 10:44:22', NULL),(554, '00000015', 533, 1, '2022-09-01 10:44:22', NULL),(555, '00000015', 543, 1, '2022-09-01 10:44:22', NULL),(556, '00000015', 540, 1, '2022-09-01 10:44:22', NULL),(557, '00000015', 568, 3, '2022-09-01 10:44:22', NULL),(558, '00000015', 569, 3, '2022-09-01 10:44:22', NULL),(559, '00000015', 570, 3, '2022-09-01 10:44:22', NULL),(560, '00000015', 539, 3, '2022-09-01 10:44:22', NULL),(561, '00000015', 572, 3, '2022-09-01 10:44:22', NULL),(562, '00000015', 546, 3, '2022-09-01 10:44:22', NULL),(563, '00000015', 574, 4, '2022-09-01 10:44:22', NULL),(564, '00000015', 542, 4, '2022-09-01 10:44:22', NULL),(565, '00000015', 576, 5, '2022-09-01 10:44:22', NULL),(566, '00000015', 560, 5, '2022-09-01 10:44:22', NULL),(567, '00000015', 550, 5, '2022-09-01 10:44:22', NULL),(568, '00000015', 579, 5, '2022-09-01 10:44:22', NULL),(569, '00000015', 580, 5, '2022-09-01 10:44:22', NULL),(570, '00000015', 548, 5, '2022-09-01 10:44:23', NULL),(571, '00000015', 582, 5, '2022-09-01 10:44:23', NULL),(572, '00000015', 528, 5, '2022-09-01 10:44:23', NULL),(573, '00000015', 584, 6, '2022-09-01 10:44:23', NULL),(574, '00000015', 585, 6, '2022-09-01 10:44:23', NULL),(575, '00000015', 586, 6, '2022-09-01 10:44:23', NULL),(576, '00000015', 551, 6, '2022-09-01 10:44:23', NULL),(577, '00000015', 588, 6, '2022-09-01 10:44:23', NULL),(578, '00000015', 589, 6, '2022-09-01 10:44:23', NULL),(579, '00000015', 590, 6, '2022-09-01 10:44:23', NULL),(580, '00000015', 591, 6, '2022-09-01 10:44:23', NULL),(581, '00000015', 592, 6, '2022-09-01 10:44:23', NULL),(582, '00000015', 593, 6, '2022-09-01 10:44:23', NULL),(583, '00000015', 594, 7, '2022-09-01 10:44:23', NULL),(584, '00000015', 595, 7, '2022-09-01 10:44:23', NULL),(585, '00000015', 525, 7, '2022-09-01 10:44:23', NULL),(586, '00000015', 597, 7, '2022-09-01 10:44:23', NULL),(587, '00000015', 598, 8, '2022-09-01 10:44:23', NULL),(588, '00000015', 599, 8, '2022-09-01 10:44:23', NULL),(589, '00000015', 529, 8, '2022-09-01 10:44:23', NULL),(590, '00000015', 601, 8, '2022-09-01 10:44:23', NULL),(591, '00000015', 602, 9, '2022-09-01 10:44:23', NULL),(592, '00000015', 603, 9, '2022-09-01 10:44:23', NULL),(593, '00000015', 532, 10, '2022-09-01 10:44:23', NULL),(594, '00000015', 605, 10, '2022-09-01 10:44:23', NULL),(595, '00000015', 606, 10, '2022-09-01 10:44:23', NULL),(596, '00000015', 607, 10, '2022-09-01 10:44:23', NULL),(597, '00000015', 608, 10, '2022-09-01 10:44:23', NULL),(598, '00000015', 609, 11, '2022-09-01 10:44:23', NULL),(599, '00000015', 610, 11, '2022-09-01 10:44:23', NULL),(600, '00000015', 611, 12, '2022-09-01 10:44:23', NULL),(601, '00000015', 612, 12, '2022-09-01 10:44:23', NULL),(602, '00000015', 613, 12, '2022-09-01 10:44:23', NULL),(603, '00000015', 535, 12, '2022-09-01 10:44:23', NULL),(604, '00000015', 545, 13, '2022-09-01 10:44:23', NULL),(605, '00000015', 616, 15, '2022-09-01 10:44:23', NULL),(606, '00000015', 541, 15, '2022-09-01 10:44:23', NULL),(607, '00000015', 562, 15, '2022-09-01 10:44:23', NULL),(608, '00000015', 619, 16, '2022-09-01 10:44:23', NULL),(609, '00000015', 620, 16, '2022-09-01 10:44:23', NULL),(610, '00000015', 559, 17, '2022-09-01 10:44:23', NULL),(611, '00000015', 622, 17, '2022-09-01 10:44:23', NULL),(612, '00000015', 623, 17, '2022-09-01 10:44:23', NULL),(613, '00000015', 624, 17, '2022-09-01 10:44:23', NULL),(614, '00000015', 625, 18, '2022-09-01 10:44:23', NULL),(615, '00000015', 626, 18, '2022-09-01 10:44:23', NULL),(616, '00000015', 627, 19, '2022-09-01 10:44:23', NULL),(617, '00000015', 628, 20, '2022-09-01 10:44:23', NULL),(618, '00000015', 629, 22, '2022-09-01 10:44:23', NULL),(619, '00000015', 630, 22, '2022-09-01 10:44:23', NULL),(620, '00000015', 558, 22, '2022-09-01 10:44:23', NULL),(621, '00000015', 632, 23, '2022-09-01 10:44:23', NULL),(622, '00000015', 633, 30, '2022-09-01 10:44:23', NULL),(623, '00000015', 634, 36, '2022-09-01 10:44:23', NULL),(624, '00000015', 635, 38, '2022-09-01 10:44:23', NULL),(625, '00000015', 636, 40, '2022-09-01 10:44:23', NULL),(626, '00000015', 637, 42, '2022-09-01 10:44:23', NULL),(627, '00000015', 638, 42, '2022-09-01 10:44:23', NULL),(628, '00000015', 639, 45, '2022-09-01 10:44:23', NULL),(629, '00000015', 640, 63, '2022-09-01 10:44:23', NULL),(630, '00000015', 641, 656, '2022-09-01 10:44:23', NULL),(631, '00000015', 642, 657, '2022-09-01 10:44:23', NULL),(632, '00000015', 641, 683, '2022-09-01 10:44:23', NULL),(633, '00000016', 646, 12, '2022-09-01 11:38:31', NULL),(634, '00000017', 553, 12, '2022-09-01 11:48:10', NULL),(635, '00000017', 554, 12, '2022-09-01 11:48:10', NULL),(636, '00000018', 644, 12, '2022-09-01 11:55:37', NULL),(637, '00000018', 645, 12, '2022-09-01 11:55:37', NULL),(638, '00000019', 270, 78, '2022-09-01 12:16:31', NULL),(639, '00000019', 269, 12, '2022-09-01 12:16:31', NULL),(640, '00000019', 266, 72, '2022-09-01 12:16:31', NULL),(641, '00000019', 264, 12, '2022-09-01 12:16:31', NULL),(642, '00000019', 281, 144, '2022-09-01 12:16:31', NULL),(643, '00000019', 45, 143, '2022-09-01 12:16:31', '2022-09-01 14:32:03'),(644, '00000019', 53, 285, '2022-09-01 12:16:31', '2022-09-01 14:31:50'),(645, '00000019', 647, 144, '2022-09-01 12:16:31', NULL),(646, '00000019', 503, 144, '2022-09-01 12:16:31', NULL),(647, '00000020', 650, 24, '2022-09-02 09:41:36', NULL),(648, '00000021', 651, 36, '2022-09-03 11:00:46', NULL),(649, '00000021', 652, 48, '2022-09-03 11:00:46', NULL),(650, '00000021', 653, 48, '2022-09-03 11:00:46', NULL),(651, '00000021', 654, 48, '2022-09-03 11:00:46', NULL),(652, '00000021', 655, 24, '2022-09-03 11:00:46', NULL),(653, '00000021', 656, 12, '2022-09-03 11:00:46', NULL),(654, '00000021', 657, 200, '2022-09-03 11:00:46', NULL),(655, '00000022', 658, 120, '2022-09-03 11:33:19', NULL),(656, '00000023', 114, 1596, '2022-09-07 16:43:19', NULL),(657, '00000023', 115, 574, '2022-09-07 16:43:19', NULL),(658, '00000023', 126, 64, '2022-09-07 16:43:19', NULL),(659, '00000024', 664, 60, '2022-09-07 16:47:40', NULL),(660, '00000025', 665, 136, '2022-09-08 12:23:47', NULL),(661, '00000025', 666, 1, '2022-09-08 12:23:47', NULL),(662, '00000025', 667, 40, '2022-09-08 12:23:47', NULL),(663, '00000025', 668, 284, '2022-09-08 12:23:47', NULL),(664, '00000025', 669, 88, '2022-09-08 12:23:47', NULL),(665, '00000025', 670, 9, '2022-09-08 12:23:47', NULL),(666, '00000025', 671, 51, '2022-09-08 12:23:47', NULL),(667, '00000025', 672, 144, '2022-09-08 12:23:47', NULL),(668, '00000025', 673, 191, '2022-09-08 12:23:47', NULL),(669, '00000025', 674, 12, '2022-09-08 12:23:47', NULL),(670, '00000025', 675, 40, '2022-09-08 12:23:47', NULL),(671, '00000025', 676, 10, '2022-09-08 12:23:47', NULL),(672, '00000025', 677, 180, '2022-09-08 12:23:47', NULL),(673, '00000025', 678, 6, '2022-09-08 12:23:47', NULL),(674, '00000025', 679, 11, '2022-09-08 12:23:47', NULL),(675, '00000025', 680, 19, '2022-09-08 12:23:47', NULL),(676, '00000025', 681, 120, '2022-09-08 12:23:47', NULL),(677, '00000025', 682, 49, '2022-09-08 12:23:47', NULL),(678, '00000025', 683, 52, '2022-09-08 12:23:47', NULL),(679, '00000025', 684, 240, '2022-09-08 12:23:47', NULL),(680, '00000025', 685, 339, '2022-09-08 12:23:47', NULL),(681, '00000025', 686, 461, '2022-09-08 12:23:47', NULL),(682, '00000025', 687, 6, '2022-09-08 12:23:47', NULL),(683, '00000025', 688, 46, '2022-09-08 12:23:47', NULL),(684, '00000025', 689, 44, '2022-09-08 12:23:47', NULL),(685, '00000025', 690, 4, '2022-09-08 12:23:47', NULL),(686, '00000026', 693, 2496, '2022-09-09 12:13:48', NULL),(687, '00000027', 694, 8, '2022-09-09 15:45:35', NULL),(688, '00000027', 695, 58, '2022-09-09 15:45:35', NULL),(689, '00000027', 696, 31, '2022-09-09 15:45:35', NULL),(690, '00000027', 697, 18, '2022-09-09 15:45:35', NULL),(691, '00000027', 699, 11, '2022-09-09 15:45:35', NULL),(692, '00000027', 700, 145, '2022-09-09 15:45:35', NULL),(693, '00000027', 701, 26, '2022-09-09 15:45:35', NULL),(694, '00000027', 702, 48, '2022-09-09 15:45:35', NULL),(695, '00000027', 703, 37, '2022-09-09 15:45:35', NULL),(696, '00000027', 704, 7, '2022-09-09 15:45:35', NULL),(697, '00000027', 705, 16, '2022-09-09 15:45:35', NULL),(698, '00000027', 706, 2, '2022-09-09 15:45:35', NULL),(699, '00000027', 707, 144, '2022-09-09 15:45:35', NULL),(700, '00000027', 708, 155, '2022-09-09 15:45:35', NULL),(701, '00000027', 709, 2, '2022-09-09 15:45:35', NULL),(702, '00000027', 710, 132, '2022-09-09 15:45:35', NULL),(703, '00000027', 711, 13, '2022-09-09 15:45:35', NULL),(704, '00000027', 712, 144, '2022-09-09 15:45:35', NULL),(705, '00000027', 713, 48, '2022-09-09 15:45:35', NULL),(706, '00000027', 714, 12, '2022-09-09 15:45:35', NULL),(707, '00000027', 715, 9, '2022-09-09 15:45:35', NULL),(708, '00000027', 716, 2, '2022-09-09 15:45:35', NULL),(709, '00000027', 717, 7, '2022-09-09 15:45:35', NULL),(710, '00000027', 718, 36, '2022-09-09 15:45:35', NULL),(711, '00000027', 719, 6, '2022-09-09 15:45:35', NULL),(712, '00000027', 720, 1, '2022-09-09 15:45:35', NULL),(713, '00000027', 721, 1, '2022-09-09 15:45:35', NULL),(714, '00000027', 722, 4, '2022-09-09 15:45:35', NULL),(715, '00000027', 723, 4, '2022-09-09 15:45:35', NULL),(716, '00000027', 724, 1, '2022-09-09 15:45:35', NULL),(717, '00000027', 725, 3, '2022-09-09 15:45:35', NULL),(718, '00000027', 726, 38, '2022-09-09 15:45:35', NULL),(719, '00000027', 727, 7, '2022-09-09 15:45:35', NULL),(720, '00000027', 728, 2, '2022-09-09 15:45:35', NULL),(721, '00000027', 729, 15, '2022-09-09 15:45:35', NULL),(722, '00000028', 730, 4, '2022-09-10 13:46:39', NULL),(723, '00000028', 78, 168, '2022-09-10 13:46:39', NULL),(724, '00000028', 79, 72, '2022-09-10 13:46:39', NULL),(725, '00000028', 77, 288, '2022-09-10 13:46:39', NULL),(726, '00000028', 349, 1440, '2022-09-10 13:46:39', NULL),(727, '00000028', 87, 214, '2022-09-10 13:46:39', NULL),(728, '00000028', 731, 599, '2022-09-10 13:46:39', NULL),(729, '00000028', 180, 576, '2022-09-10 13:46:39', NULL),(730, '00000028', 181, 160, '2022-09-10 13:46:39', NULL),(731, '00000028', 182, 160, '2022-09-10 13:46:39', NULL),(732, '00000028', 183, 576, '2022-09-10 13:46:39', NULL),(733, '00000028', 184, 160, '2022-09-10 13:46:39', NULL),(734, '00000028', 243, 864, '2022-09-10 13:46:39', NULL),(735, '00000028', 248, 576, '2022-09-10 13:46:39', NULL),(736, '00000029', 733, 120, '2022-09-12 15:13:52', NULL),(737, '00000029', 732, 48, '2022-09-12 15:13:52', NULL),(738, '00000029', 734, 48, '2022-09-12 15:13:52', NULL),(739, '00000029', 735, 18, '2022-09-12 15:13:52', NULL),(740, '00000029', 736, 120, '2022-09-12 15:13:52', NULL),(741, '00000029', 737, 120, '2022-09-12 15:13:52', NULL),(742, '00000029', 738, 48, '2022-09-12 15:13:52', NULL),(743, '00000030', 201, 144, '2022-09-13 16:06:33', NULL),(744, '00000030', 321, 96, '2022-09-13 16:06:33', NULL),(745, '00000030', 322, 60, '2022-09-13 16:06:33', NULL),(746, '00000030', 517, 336, '2022-09-13 16:06:33', NULL),(747, '00000030', 223, 12, '2022-09-13 16:06:33', NULL),(748, '00000030', 319, 72, '2022-09-13 16:06:33', NULL),(749, '00000030', 515, 54, '2022-09-13 16:06:33', NULL),(750, '00000030', 302, 96, '2022-09-13 16:06:33', NULL),(751, '00000030', 739, 24, '2022-09-13 16:06:33', NULL),(752, '00000031', 740, 1500, '2022-09-14 16:25:30', NULL),(753, '00000032', 740, 9000, '2022-09-14 16:29:01', NULL),(754, '00000033', 64, 912, '2022-09-14 17:54:38', NULL),(755, '00000034', 61, 1392, '2022-09-14 18:13:08', NULL),(756, '00000034', 62, 1200, '2022-09-14 18:13:08', NULL),(757, '00000034', 65, 1152, '2022-09-14 18:13:08', NULL),(758, '00000035', 741, 120, '2022-09-15 12:07:04', NULL),(759, '00000035', 744, 60, '2022-09-15 12:07:04', NULL),(760, '00000035', 749, 36, '2022-09-15 12:07:04', NULL),(761, '00000035', 743, 30, '2022-09-15 12:07:04', NULL),(762, '00000035', 747, 30, '2022-09-15 12:07:04', NULL),(763, '00000035', 746, 48, '2022-09-15 12:07:04', NULL),(764, '00000035', 748, 60, '2022-09-15 12:07:04', NULL),(765, '00000035', 742, 59, '2022-09-15 12:07:04', NULL),(766, '00000035', 745, 180, '2022-09-15 12:07:04', NULL),(767, '00000036', 750, 10, '2022-09-15 15:33:40', NULL),(768, '00000037', 498, 45, '2022-09-15 16:01:22', NULL),(769, '00000037', 499, 45, '2022-09-15 16:01:22', NULL),(770, '00000038', 518, 500, '2022-09-20 16:34:04', NULL),(771, '00000038', 73, 575, '2022-09-20 16:34:04', NULL),(772, '00000038', 512, 7000, '2022-09-20 16:34:04', NULL),(773, '00000039', 752, 396, '2022-09-20 17:47:46', NULL),(774, '00000039', 753, 18, '2022-09-20 17:47:46', NULL),(775, '00000039', 754, 12, '2022-09-20 17:47:46', NULL),(776, '00000039', 755, 48, '2022-09-20 17:47:46', NULL),(777, '00000039', 756, 42, '2022-09-20 17:47:46', NULL),(778, '00000039', 757, 24, '2022-09-20 17:47:46', NULL),(779, '00000039', 758, 32, '2022-09-20 17:47:46', NULL),(780, '00000039', 759, 24, '2022-09-20 17:47:46', NULL),(781, '00000039', 760, 54, '2022-09-20 17:47:46', NULL),(782, '00000039', 761, 6, '2022-09-20 17:47:46', NULL),(783, '00000039', 762, 54, '2022-09-20 17:47:46', NULL),(784, '00000039', 763, 1536, '2022-09-20 17:47:46', NULL),(785, '00000040', 438, 240, '2022-09-21 15:43:46', NULL),(786, '00000040', 764, 120, '2022-09-21 15:43:46', NULL),(787, '00000040', 765, 240, '2022-09-21 15:43:46', NULL),(788, '00000040', 439, 24, '2022-09-21 15:43:46', NULL),(789, '00000041', 53, 144, '2022-09-22 15:17:08', '2022-09-26 11:46:15'),(790, '00000041', 54, 421, '2022-09-22 15:17:08', '2022-09-26 11:46:13'),(791, '00000042', 270, 18, '2022-09-22 15:48:02', NULL),(792, '00000042', 269, 12, '2022-09-22 15:48:02', NULL),(793, '00000042', 273, 144, '2022-09-22 15:48:02', NULL),(794, '00000042', 44, 144, '2022-09-22 15:48:02', NULL),(795, '00000042', 45, 288, '2022-09-22 15:48:02', NULL),(796, '00000042', 43, 143, '2022-09-22 15:48:02', NULL),(797, '00000042', 58, 140, '2022-09-22 15:48:02', NULL),(798, '00000042', 52, 144, '2022-09-22 15:48:02', NULL),(799, '00000042', 53, 131, '2022-09-22 15:48:02', NULL),(800, '00000042', 50, 144, '2022-09-22 15:48:02', NULL),(801, '00000042', 280, 72, '2022-09-22 15:48:02', NULL),(802, '00000042', 407, 144, '2022-09-22 15:48:02', NULL),(803, '00000043', 236, 1344, '2022-09-22 16:13:35', NULL),(804, '00000043', 355, 420, '2022-09-22 16:13:35', NULL),(805, '00000043', 356, 492, '2022-09-22 16:13:35', NULL),(806, '00000043', 357, 72, '2022-09-22 16:13:35', NULL),(807, '00000043', 359, 28, '2022-09-22 16:13:35', NULL),(808, '00000043', 360, 56, '2022-09-22 16:13:35', NULL),(809, '00000044', 289, 72, '2022-09-22 17:18:33', NULL),(810, '00000044', 291, 72, '2022-09-22 17:18:33', NULL),(811, '00000044', 493, 72, '2022-09-22 17:18:33', NULL),(812, '00000044', 491, 72, '2022-09-22 17:18:33', NULL),(813, '00000044', 290, 72, '2022-09-22 17:18:33', NULL),(814, '00000044', 766, 72, '2022-09-22 17:18:33', NULL),(815, '00000044', 767, 72, '2022-09-22 17:18:33', NULL),(816, '00000044', 768, 72, '2022-09-22 17:18:33', NULL),(817, '00000045', 432, 2460, '2022-09-22 18:04:46', '2022-09-23 14:54:30'),(818, '00000045', 429, 360, '2022-09-22 18:04:46', NULL),(819, '00000045', 425, 48, '2022-09-22 18:04:46', NULL),(820, '00000045', 434, 72, '2022-09-22 18:04:46', NULL),(821, '00000045', 436, 228, '2022-09-22 18:04:46', NULL),(822, '00000045', 424, 288, '2022-09-22 18:04:46', NULL),(823, '00000045', 423, 120, '2022-09-22 18:04:46', NULL),(824, '00000045', 435, 540, '2022-09-22 18:04:46', NULL),(825, '00000045', 428, 96, '2022-09-22 18:04:46', NULL),(826, '00000045', 426, 120, '2022-09-22 18:04:46', NULL),(827, '00000045', 431, 84, '2022-09-22 18:04:46', NULL),(828, '00000045', 430, 12, '2022-09-22 18:04:46', NULL),(829, '00000046', 71, 384, '2022-09-23 15:19:12', NULL),(830, '00000047', 115, 6020, '2022-09-23 16:23:55', NULL),(831, '00000047', 126, 64, '2022-09-23 16:23:55', NULL),(832, '00000048', 778, 120, '2022-09-27 12:33:34', NULL);
UNLOCK TABLES;
COMMIT;
BEGIN;
LOCK TABLES `db_deca`.`inventario` WRITE;
DELETE FROM `db_deca`.`inventario`;
INSERT INTO `db_deca`.`inventario` (`id_inventario`,`id_producto`,`id_usuario`,`cantidad`,`status`,`created_at`,`update_at`) VALUES (1, 25, '1', 30, 1, '2022-07-26 09:52:52', '2022-09-06 09:40:10'),(2, 26, '1', 23, 1, '2022-07-26 09:52:52', '2022-09-06 09:40:10'),(3, 27, '1', 21, 1, '2022-07-26 09:52:53', '2022-08-31 16:14:12'),(4, 28, '1', 21, 1, '2022-07-26 09:52:53', '2022-09-06 09:40:10'),(5, 29, '1', 34, 1, '2022-07-26 09:52:53', '2022-09-06 09:40:10'),(6, 30, '1', 0, 1, '2022-07-26 09:52:53', '2022-08-10 09:32:56'),(7, 31, '1', 13, 1, '2022-07-26 09:52:53', '2022-08-19 09:15:50'),(8, 32, '1', 7, 1, '2022-07-26 09:52:53', '2022-08-10 09:22:22'),(9, 33, '1', 0, 1, '2022-07-26 09:52:53', '2022-08-27 09:03:40'),(10, 34, '1', 62, 1, '2022-07-26 09:52:53', '2022-08-19 09:20:40'),(11, 170, '1', 1270, 1, '2022-08-20 13:59:25', '2022-09-23 14:04:57'),(12, 172, '1', 1584, 1, '2022-08-20 13:59:26', '2022-09-23 14:04:57'),(13, 175, '1', 2214, 1, '2022-08-20 13:59:26', '2022-09-23 14:04:57'),(14, 81, '1', 10, 1, '2022-08-20 13:59:26', '2022-09-23 14:04:57'),(15, 82, '1', 70, 1, '2022-08-20 13:59:26', '2022-09-23 14:04:58'),(16, 83, '1', 5325, 1, '2022-08-20 13:59:26', '2022-09-23 14:04:58'),(17, 205, '1', 4340, 1, '2022-08-20 13:59:26', '2022-09-23 14:04:57'),(18, 225, '1', 1428, 1, '2022-08-20 13:59:27', '2022-09-23 14:04:57'),(19, 226, '1', 1200, 1, '2022-08-20 13:59:27', '2022-09-23 17:11:11'),(20, 227, '1', 3580, 1, '2022-08-20 13:59:27', '2022-09-23 14:04:57'),(21, 228, '1', 575, 1, '2022-08-20 13:59:27', '2022-09-23 14:04:57'),(22, 346, '1', 318, 1, '2022-08-20 13:59:27', '2022-09-23 14:04:58'),(23, 347, '1', 1332, 1, '2022-08-20 13:59:27', '2022-09-23 14:04:58'),(24, 350, '1', 22932, 1, '2022-08-20 13:59:27', '2022-09-23 14:04:57'),(25, 372, '1', 69, 1, '2022-08-20 13:59:28', '2022-09-23 14:04:57'),(26, 128, '1', 34, 1, '2022-08-20 13:59:28', '2022-09-23 14:04:57'),(27, 129, '1', 149, 1, '2022-08-20 13:59:28', '2022-09-23 14:04:57'),(28, 130, '1', 21, 1, '2022-08-20 13:59:28', '2022-09-23 14:04:57'),(29, 190, '1', 72, 1, '2022-08-20 13:59:28', '2022-09-23 14:04:57'),(30, 191, '1', 371, 1, '2022-08-20 13:59:28', '2022-09-23 14:04:57'),(31, 192, '1', 137, 1, '2022-08-20 13:59:28', '2022-09-23 14:04:57'),(32, 194, '1', 202, 1, '2022-08-20 13:59:28', '2022-09-23 14:04:57'),(33, 193, '1', 239, 1, '2022-08-20 13:59:29', '2022-09-23 17:05:11'),(34, 195, '1', 210, 1, '2022-08-20 13:59:29', '2022-09-23 14:04:57'),(35, 196, '1', 90, 1, '2022-08-20 13:59:29', '2022-09-23 14:04:57'),(36, 197, '1', 110, 1, '2022-08-20 13:59:29', '2022-09-23 14:04:57'),(37, 212, '1', 216, 1, '2022-08-20 13:59:29', '2022-09-23 14:04:57'),(38, 213, '1', 712, 1, '2022-08-20 13:59:29', '2022-09-23 14:04:57'),(39, 215, '1', 39, 1, '2022-08-20 13:59:29', '2022-09-23 14:04:57'),(40, 214, '1', 48, 1, '2022-08-20 13:59:30', '2022-09-23 14:04:57'),(41, 216, '1', 360, 1, '2022-08-20 13:59:30', '2022-09-23 14:04:57'),(42, 217, '1', 90, 1, '2022-08-20 13:59:30', '2022-09-23 17:05:11'),(43, 218, '1', 504, 1, '2022-08-20 13:59:30', '2022-09-23 14:04:57'),(44, 219, '1', 636, 1, '2022-08-20 13:59:30', '2022-09-23 14:04:57'),(45, 220, '1', 50, 1, '2022-08-20 13:59:30', '2022-09-23 14:04:57'),(46, 221, '1', 56, 1, '2022-08-20 13:59:31', '2022-09-23 14:04:57'),(47, 233, '1', 17, 1, '2022-08-20 13:59:31', '2022-09-23 14:04:57'),(48, 254, '1', 121, 1, '2022-08-20 13:59:31', '2022-09-23 14:04:57'),(49, 283, '1', 102, 1, '2022-08-20 13:59:31', '2022-09-23 14:04:57'),(50, 289, '1', 94, 1, '2022-08-20 13:59:31', '2022-09-23 14:48:36'),(51, 290, '1', 76, 1, '2022-08-20 13:59:31', '2022-09-23 14:49:52'),(52, 291, '1', 112, 1, '2022-08-20 13:59:32', '2022-09-23 14:48:55'),(53, 292, '1', 12, 1, '2022-08-20 13:59:32', '2022-09-23 14:04:57'),(54, 295, '1', 66, 1, '2022-08-20 13:59:32', '2022-09-23 14:04:57'),(55, 298, '1', 145, 1, '2022-08-20 13:59:32', '2022-09-23 14:04:57'),(56, 293, '1', 7, 1, '2022-08-20 13:59:32', '2022-09-23 14:04:57'),(57, 294, '1', 126, 1, '2022-08-20 13:59:32', '2022-09-23 14:04:57'),(58, 296, '1', 9, 1, '2022-08-20 13:59:32', '2022-09-23 14:04:57'),(59, 297, '1', 30, 1, '2022-08-20 13:59:33', '2022-09-23 14:04:57'),(60, 299, '1', 10, 1, '2022-08-20 13:59:33', '2022-09-23 14:04:57'),(61, 300, '1', 44, 1, '2022-08-20 13:59:33', '2022-09-23 14:04:57'),(62, 301, '1', 62, 1, '2022-08-20 13:59:33', '2022-09-23 14:04:57'),(63, 303, '1', 40, 1, '2022-08-20 13:59:33', '2022-09-23 14:04:57'),(64, 304, '1', 48, 1, '2022-08-20 13:59:34', '2022-09-23 14:04:57'),(65, 305, '1', 36, 1, '2022-08-20 13:59:34', '2022-09-23 14:04:57'),(66, 306, '1', 24, 1, '2022-08-20 13:59:34', '2022-09-23 14:04:57'),(67, 307, '1', 42, 1, '2022-08-20 13:59:34', '2022-09-23 14:04:57'),(68, 308, '1', 52, 1, '2022-08-20 13:59:34', '2022-09-23 14:04:57'),(69, 309, '1', 59, 1, '2022-08-20 13:59:34', '2022-09-23 14:04:57'),(70, 310, '1', 57, 1, '2022-08-20 13:59:34', '2022-09-23 14:04:57'),(71, 311, '1', 52, 1, '2022-08-20 13:59:35', '2022-09-23 14:04:57'),(72, 312, '1', 112, 1, '2022-08-20 13:59:35', '2022-09-23 14:04:57'),(73, 313, '1', 18, 1, '2022-08-20 13:59:36', '2022-09-23 14:04:57'),(74, 314, '1', 0, 1, '2022-08-20 13:59:36', '2022-09-23 08:27:22'),(75, 315, '1', 16, 1, '2022-08-20 13:59:37', '2022-09-23 14:04:57'),(76, 316, '1', 43, 1, '2022-08-20 13:59:37', '2022-09-23 14:04:57'),(77, 317, '1', 65, 1, '2022-08-20 13:59:37', '2022-09-23 14:04:57'),(78, 325, '1', 8, 1, '2022-08-20 13:59:37', '2022-09-23 14:04:57'),(79, 326, '1', 8, 1, '2022-08-20 13:59:38', '2022-09-23 14:04:57'),(80, 327, '1', 95, 1, '2022-08-20 13:59:38', '2022-09-23 14:04:57'),(81, 328, '1', 55, 1, '2022-08-20 13:59:38', '2022-09-23 14:04:57'),(82, 329, '1', 18, 1, '2022-08-20 13:59:38', '2022-09-23 14:04:57'),(83, 330, '1', 16, 1, '2022-08-20 13:59:38', '2022-09-23 14:04:57'),(84, 331, '1', 11, 1, '2022-08-20 13:59:39', '2022-09-23 14:04:57'),(85, 332, '1', 4, 1, '2022-08-20 13:59:39', '2022-09-23 14:04:57'),(86, 333, '1', 6, 1, '2022-08-20 13:59:39', '2022-09-23 14:04:57'),(87, 334, '1', 32, 1, '2022-08-20 13:59:39', '2022-09-23 14:04:57'),(88, 335, '1', 127, 1, '2022-08-20 13:59:39', '2022-09-23 14:04:57'),(89, 336, '1', 453, 1, '2022-08-20 13:59:40', '2022-09-23 14:04:57'),(90, 337, '1', 18, 1, '2022-08-20 13:59:40', '2022-09-23 14:04:57'),(91, 339, '1', 50, 1, '2022-08-20 13:59:40', '2022-09-23 14:04:57'),(92, 340, '1', 64, 1, '2022-08-20 13:59:40', '2022-09-23 14:04:57'),(93, 341, '1', 68, 1, '2022-08-20 13:59:40', '2022-09-23 14:04:57'),(94, 342, '1', 133, 1, '2022-08-20 13:59:40', '2022-09-23 14:04:57'),(95, 343, '1', 0, 1, '2022-08-20 13:59:41', '2022-09-23 08:27:22'),(96, 338, '1', 50, 1, '2022-08-20 13:59:41', '2022-09-23 14:04:57'),(97, 390, '1', 8, 1, '2022-08-20 13:59:41', '2022-09-23 14:04:57'),(98, 391, '1', 12, 1, '2022-08-20 13:59:41', '2022-09-23 14:04:57'),(99, 392, '1', 90, 1, '2022-08-20 13:59:41', '2022-09-23 17:05:11'),(100, 393, '1', 110, 1, '2022-08-20 13:59:41', '2022-09-23 17:05:11'),(101, 394, '1', 3, 1, '2022-08-20 13:59:41', '2022-09-23 14:04:57'),(102, 395, '1', 1, 1, '2022-08-20 13:59:42', '2022-09-23 14:04:57'),(103, 396, '1', 20, 1, '2022-08-20 13:59:42', '2022-09-23 17:05:11'),(104, 397, '1', 80, 1, '2022-08-20 13:59:42', '2022-09-23 17:05:11'),(105, 398, '1', 18, 1, '2022-08-20 13:59:42', '2022-09-23 17:05:11'),(106, 399, '1', 70, 1, '2022-08-20 13:59:42', '2022-09-23 17:05:11'),(107, 61, '1', 1257, 1, '2022-08-20 13:59:42', '2022-09-23 16:53:58'),(108, 62, '1', 1031, 1, '2022-08-20 13:59:42', '2022-09-23 16:53:58'),(109, 63, '1', 2, 1, '2022-08-20 13:59:43', '2022-09-23 14:04:57'),(110, 64, '1', 1199, 1, '2022-08-20 13:59:43', '2022-09-23 16:53:58'),(111, 65, '1', 1353, 1, '2022-08-20 13:59:43', '2022-09-23 16:53:58'),(112, 66, '1', 54, 1, '2022-08-20 13:59:43', '2022-09-23 14:04:57'),(113, 67, '1', 68, 1, '2022-08-20 13:59:43', '2022-09-23 14:04:57'),(114, 68, '1', 101, 1, '2022-08-20 13:59:43', '2022-09-23 14:04:57'),(115, 69, '1', 35, 1, '2022-08-20 13:59:43', '2022-09-23 14:04:57'),(116, 70, '1', 262, 1, '2022-08-20 13:59:43', '2022-09-23 14:04:57'),(117, 71, '1', 384, 1, '2022-08-20 13:59:44', '2022-09-23 15:19:12'),(118, 72, '1', 6, 1, '2022-08-20 13:59:44', '2022-09-23 14:04:57'),(119, 234, '1', 41, 1, '2022-08-20 13:59:44', '2022-09-23 16:53:58'),(120, 383, '1', 68, 1, '2022-08-20 13:59:44', '2022-09-23 14:04:57'),(121, 414, '1', 8, 1, '2022-08-20 13:59:44', '2022-09-23 14:04:57'),(122, 75, '1', 0, 1, '2022-08-20 13:59:44', '2022-09-23 08:27:22'),(123, 127, '1', 11, 1, '2022-08-20 13:59:45', '2022-09-23 14:04:58'),(124, 178, '1', 22, 1, '2022-08-20 13:59:45', '2022-09-23 14:04:58'),(125, 187, '1', 0, 1, '2022-08-20 13:59:45', '2022-09-23 08:27:22'),(126, 188, '1', 91, 1, '2022-08-20 13:59:45', '2022-09-23 14:04:57'),(127, 189, '1', 54, 1, '2022-08-20 13:59:45', '2022-09-23 14:04:57'),(128, 256, '1', 57, 1, '2022-08-20 13:59:45', '2022-09-23 14:04:57'),(129, 255, '1', 0, 1, '2022-08-20 13:59:45', '2022-09-23 08:27:22'),(130, 257, '1', 23, 1, '2022-08-20 13:59:46', '2022-09-23 14:04:57'),(131, 259, '1', 0, 1, '2022-08-20 13:59:46', '2022-09-23 08:27:22'),(132, 263, '1', 6, 1, '2022-08-20 13:59:46', '2022-09-23 14:04:58'),(133, 380, '1', 6, 1, '2022-08-20 13:59:46', '2022-09-23 14:04:57'),(134, 381, '1', 0, 1, '2022-08-20 13:59:46', '2022-09-23 08:27:22'),(135, 389, '1', 6, 1, '2022-08-20 13:59:46', '2022-09-23 14:04:58'),(136, 411, '1', 12, 1, '2022-08-20 13:59:46', '2022-09-23 14:04:57'),(137, 412, '1', 3, 1, '2022-08-20 13:59:46', '2022-09-23 14:04:57'),(138, 413, '1', 24, 1, '2022-08-20 13:59:47', '2022-09-23 14:04:57'),(139, 438, '1', 334, 1, '2022-08-20 13:59:47', '2022-09-23 14:04:57'),(140, 439, '1', 62, 1, '2022-08-20 13:59:47', '2022-09-23 14:04:57'),(141, 440, '1', 43, 1, '2022-08-20 13:59:47', '2022-09-23 14:04:57'),(142, 441, '1', 24, 1, '2022-08-20 13:59:47', '2022-09-23 14:04:57'),(143, 442, '1', 50, 1, '2022-08-20 13:59:47', '2022-09-23 14:04:57'),(144, 443, '1', 106, 1, '2022-08-20 13:59:47', '2022-09-23 14:04:57'),(145, 444, '1', 30, 1, '2022-08-20 13:59:48', '2022-09-23 14:04:57'),(146, 445, '1', 10, 1, '2022-08-20 13:59:48', '2022-09-23 14:04:57'),(147, 446, '1', 10, 1, '2022-08-20 13:59:48', '2022-09-23 14:04:57'),(148, 447, '1', 181, 1, '2022-08-20 13:59:48', '2022-09-23 14:04:57'),(149, 448, '1', 131, 1, '2022-08-20 13:59:48', '2022-09-23 14:04:57'),(150, 449, '1', 183, 1, '2022-08-20 13:59:49', '2022-09-23 14:04:57'),(151, 450, '1', 4, 1, '2022-08-20 13:59:49', '2022-09-23 14:04:57'),(152, 451, '1', 35, 1, '2022-08-20 13:59:49', '2022-09-23 14:04:57'),(153, 452, '1', 24, 1, '2022-08-20 13:59:49', '2022-09-23 14:04:57'),(154, 453, '1', 71, 1, '2022-08-20 13:59:49', '2022-09-23 14:04:57'),(155, 454, '1', 63, 1, '2022-08-20 13:59:49', '2022-09-23 14:04:57'),(156, 455, '1', 24, 1, '2022-08-20 13:59:49', '2022-09-23 14:04:57'),(157, 456, '1', 24, 1, '2022-08-20 13:59:50', '2022-09-23 14:04:57'),(158, 457, '1', 31, 1, '2022-08-20 13:59:50', '2022-09-23 14:04:57'),(159, 459, '1', 0, 1, '2022-08-20 13:59:50', '2022-09-23 08:27:22'),(160, 460, '1', 192, 1, '2022-08-20 13:59:50', '2022-09-23 14:04:57'),(161, 461, '1', 0, 1, '2022-08-20 13:59:50', '2022-09-23 08:27:22'),(162, 462, '1', 0, 1, '2022-08-20 13:59:50', '2022-09-23 08:27:22'),(163, 463, '1', 43, 1, '2022-08-20 13:59:50', '2022-09-23 14:04:57'),(164, 464, '1', 48, 1, '2022-08-20 13:59:50', '2022-09-23 14:04:57'),(165, 465, '1', 0, 1, '2022-08-20 13:59:50', '2022-09-23 08:27:22'),(166, 466, '1', 0, 1, '2022-08-20 13:59:51', '2022-09-23 08:27:22'),(167, 467, '1', 12, 1, '2022-08-20 13:59:51', '2022-09-23 14:04:57'),(168, 468, '1', 64, 1, '2022-08-20 13:59:51', '2022-09-23 14:04:57'),(169, 469, '1', 112, 1, '2022-08-20 13:59:51', '2022-09-23 14:04:57'),(170, 470, '1', 186, 1, '2022-08-20 13:59:51', '2022-09-23 14:04:57'),(171, 471, '1', 50, 1, '2022-08-20 13:59:51', '2022-09-23 14:04:57'),(172, 472, '1', 12, 1, '2022-08-20 13:59:51', '2022-09-23 14:04:57'),(173, 473, '1', 70, 1, '2022-08-20 13:59:51', '2022-09-23 14:04:57'),(174, 474, '1', 12, 1, '2022-08-20 13:59:51', '2022-09-23 14:04:57'),(175, 475, '1', 0, 1, '2022-08-20 13:59:52', '2022-09-23 08:27:22'),(176, 40, '1', 548, 1, '2022-08-20 13:59:52', '2022-09-23 14:04:57'),(177, 41, '1', 104, 1, '2022-08-20 13:59:52', '2022-09-23 14:04:57'),(178, 42, '1', 402, 1, '2022-08-20 13:59:52', '2022-09-23 14:04:57'),(179, 423, '1', 439, 1, '2022-08-20 13:59:52', '2022-09-23 16:53:58'),(180, 424, '1', 629, 1, '2022-08-20 13:59:52', '2022-09-23 16:53:58'),(181, 425, '1', 123, 1, '2022-08-20 13:59:52', '2022-09-23 15:03:46'),(182, 426, '1', 208, 1, '2022-08-20 13:59:53', '2022-09-23 15:06:25'),(183, 427, '1', 3012, 1, '2022-08-20 13:59:53', '2022-09-23 14:04:57'),(184, 428, '1', 250, 1, '2022-08-20 13:59:53', '2022-09-23 15:06:01'),(185, 429, '1', 597, 1, '2022-08-20 13:59:53', '2022-09-23 15:01:47'),(186, 430, '1', 59, 1, '2022-08-20 13:59:53', '2022-09-23 15:07:13'),(187, 431, '1', 265, 1, '2022-08-20 13:59:53', '2022-09-23 15:06:52'),(188, 432, '1', 3969, 1, '2022-08-20 13:59:54', '2022-09-23 17:11:11'),(189, 433, '1', 59, 1, '2022-08-20 13:59:54', '2022-09-23 14:04:57'),(190, 434, '1', 198, 1, '2022-08-20 13:59:54', '2022-09-23 15:04:10'),(191, 435, '1', 829, 1, '2022-08-20 13:59:54', '2022-09-23 15:05:44'),(192, 436, '1', 344, 1, '2022-08-20 13:59:54', '2022-09-23 15:04:33'),(193, 437, '1', 30, 1, '2022-08-20 13:59:55', '2022-09-23 16:53:58'),(194, 198, '1', 5, 1, '2022-08-20 13:59:55', '2022-09-23 14:04:58'),(195, 200, '1', 456, 1, '2022-08-20 13:59:55', '2022-09-23 14:04:58'),(196, 201, '1', 204, 1, '2022-08-20 13:59:55', '2022-09-23 14:04:58'),(197, 202, '1', 113, 1, '2022-08-20 13:59:55', '2022-09-23 14:04:58'),(198, 203, '1', 43, 1, '2022-08-20 13:59:55', '2022-09-23 14:04:58'),(199, 222, '1', 9, 1, '2022-08-20 13:59:56', '2022-09-23 14:04:58'),(200, 223, '1', 76, 1, '2022-08-20 13:59:56', '2022-09-23 14:04:58'),(201, 282, '1', 3, 1, '2022-08-20 13:59:56', '2022-09-23 14:04:58'),(202, 302, '1', 232, 1, '2022-08-20 13:59:56', '2022-09-23 14:04:58'),(203, 318, '1', 219, 1, '2022-08-20 13:59:56', '2022-09-23 14:04:58'),(204, 319, '1', 12, 1, '2022-08-20 13:59:56', '2022-09-23 14:04:58'),(205, 320, '1', 0, 1, '2022-08-20 13:59:56', '2022-09-23 08:27:22'),(206, 321, '1', 119, 1, '2022-08-20 13:59:57', '2022-09-23 14:04:58'),(207, 322, '1', 63, 1, '2022-08-20 13:59:57', '2022-09-23 14:04:58'),(208, 323, '1', 13, 1, '2022-08-20 13:59:57', '2022-09-23 14:04:58'),(209, 324, '1', 95, 1, '2022-08-20 13:59:57', '2022-09-23 14:04:58'),(210, 344, '1', 35, 1, '2022-08-20 13:59:58', '2022-09-23 14:04:58'),(211, 379, '1', 15, 1, '2022-08-20 13:59:58', '2022-09-23 14:04:58'),(212, 384, '1', 33, 1, '2022-08-20 13:59:58', '2022-09-23 14:04:58'),(213, 169, '1', 258, 1, '2022-08-20 13:59:58', '2022-09-23 14:04:57'),(214, 173, '1', 210, 1, '2022-08-20 13:59:58', '2022-09-23 14:04:57'),(215, 174, '1', 186, 1, '2022-08-20 13:59:58', '2022-09-23 14:04:57'),(216, 176, '1', 0, 1, '2022-08-20 13:59:59', '2022-09-09 14:55:56'),(217, 177, '1', 168, 1, '2022-08-20 13:59:59', '2022-09-23 14:04:57'),(218, 38, '1', 108, 1, '2022-08-20 13:59:59', '2022-09-23 16:53:57'),(219, 204, '1', 18, 1, '2022-08-20 13:59:59', '2022-09-23 14:04:57'),(220, 206, '1', 34, 1, '2022-08-20 14:00:00', '2022-09-23 14:04:57'),(221, 207, '1', 0, 1, '2022-08-20 14:00:00', '2022-09-12 17:53:36'),(222, 208, '1', 16, 1, '2022-08-20 14:00:00', '2022-09-23 14:04:57'),(223, 209, '1', 12, 1, '2022-08-20 14:00:00', '2022-09-23 14:04:57'),(224, 210, '1', 54, 1, '2022-08-20 14:00:00', '2022-09-23 14:04:57'),(225, 211, '1', 0, 1, '2022-08-20 14:00:00', '2022-09-23 08:27:22'),(226, 387, '1', 1602, 1, '2022-08-20 14:00:00', '2022-09-23 16:53:58'),(227, 388, '1', 0, 1, '2022-08-20 14:00:01', '2022-09-23 08:27:22'),(228, 43, '1', 237, 1, '2022-08-20 14:00:01', '2022-09-23 17:11:11'),(229, 44, '1', 144, 1, '2022-08-20 14:00:01', '2022-09-23 14:42:31'),(230, 45, '1', 288, 1, '2022-08-20 14:00:01', '2022-09-23 14:42:40'),(231, 46, '1', 46, 1, '2022-08-20 14:00:01', '2022-09-23 14:04:57'),(232, 47, '1', 224, 1, '2022-08-20 14:00:01', '2022-09-23 14:04:57'),(233, 48, '1', 6, 1, '2022-08-20 14:00:02', '2022-09-23 14:04:57'),(234, 49, '1', 224, 1, '2022-08-20 14:00:02', '2022-09-23 14:04:57'),(235, 50, '1', 417, 1, '2022-08-20 14:00:02', '2022-09-23 14:44:54'),(236, 51, '1', 24, 1, '2022-08-20 14:00:02', '2022-09-23 14:04:57'),(237, 52, '1', 313, 1, '2022-08-20 14:00:03', '2022-09-23 17:11:11'),(238, 53, '1', 504, 1, '2022-08-20 14:00:03', '2022-09-26 11:49:35'),(239, 54, '1', 422, 1, '2022-08-20 14:00:03', '2022-09-26 11:50:17'),(240, 55, '1', 72, 1, '2022-08-20 14:00:03', '2022-09-23 14:04:57'),(241, 56, '1', 29, 1, '2022-08-20 14:00:03', '2022-09-23 14:04:57'),(242, 57, '1', 14, 1, '2022-08-20 14:00:03', '2022-09-23 14:04:57'),(243, 58, '1', 494, 1, '2022-08-20 14:00:04', '2022-09-23 17:11:11'),(244, 235, '1', 159, 1, '2022-08-20 14:00:04', '2022-09-23 14:04:57'),(245, 264, '1', 37, 1, '2022-08-20 14:00:04', '2022-09-23 14:04:57'),(246, 265, '1', 29, 1, '2022-08-20 14:00:04', '2022-09-23 14:04:57'),(247, 266, '1', 65, 1, '2022-08-20 14:00:04', '2022-09-23 14:04:57'),(248, 267, '1', 17, 1, '2022-08-20 14:00:04', '2022-09-23 14:04:57'),(249, 268, '1', 75, 1, '2022-08-20 14:00:05', '2022-09-23 14:04:57'),(250, 269, '1', 36, 1, '2022-08-20 14:00:05', '2022-09-23 14:41:52'),(251, 270, '1', 126, 1, '2022-08-20 14:00:05', '2022-09-23 14:41:32'),(252, 271, '1', 70, 1, '2022-08-20 14:00:05', '2022-09-23 14:04:57'),(253, 272, '1', 73, 1, '2022-08-20 14:00:05', '2022-09-23 14:04:57'),(254, 273, '1', 268, 1, '2022-08-20 14:00:05', '2022-09-23 14:42:17'),(255, 274, '1', 83, 1, '2022-08-20 14:00:06', '2022-09-23 14:04:57'),(256, 275, '1', 21, 1, '2022-08-20 14:00:06', '2022-09-23 14:04:57'),(257, 276, '1', 133, 1, '2022-08-20 14:00:06', '2022-09-23 14:04:57'),(258, 277, '1', 4, 1, '2022-08-20 14:00:06', '2022-09-23 14:04:57'),(259, 278, '1', 72, 1, '2022-08-20 14:00:06', '2022-09-23 14:04:57'),(260, 279, '1', 100, 1, '2022-08-20 14:00:07', '2022-09-23 14:04:57'),(261, 280, '1', 120, 1, '2022-08-20 14:00:07', '2022-09-23 14:45:15'),(262, 281, '1', 253, 1, '2022-08-20 14:00:07', '2022-09-23 14:04:57'),(263, 354, '1', 60, 1, '2022-08-20 14:00:07', '2022-09-23 14:04:57'),(264, 402, '1', 129, 1, '2022-08-20 14:00:07', '2022-09-23 14:04:57'),(265, 403, '1', 62, 1, '2022-08-20 14:00:07', '2022-09-23 14:04:57'),(266, 404, '1', 114, 1, '2022-08-20 14:00:08', '2022-09-23 14:04:57'),(267, 405, '1', 54, 1, '2022-08-20 14:00:08', '2022-09-23 14:04:57'),(268, 406, '1', 1, 1, '2022-08-20 14:00:08', '2022-09-23 14:04:57'),(269, 407, '1', 191, 1, '2022-08-20 14:00:08', '2022-09-23 14:45:36'),(270, 408, '1', 211, 1, '2022-08-20 14:00:09', '2022-09-23 14:04:57'),(271, 409, '1', 29, 1, '2022-08-20 14:00:09', '2022-09-23 14:04:57'),(272, 410, '1', 128, 1, '2022-08-20 14:00:09', '2022-09-23 14:04:57'),(273, 39, '1', 15, 1, '2022-08-20 14:00:09', '2022-09-23 14:04:57'),(274, 345, '1', 11, 1, '2022-08-20 14:00:10', '2022-09-23 14:04:57'),(275, 351, '1', 25, 1, '2022-08-20 14:00:10', '2022-09-23 14:04:57'),(276, 352, '1', 5, 1, '2022-08-20 14:00:10', '2022-09-23 14:04:58'),(277, 353, '1', 26, 1, '2022-08-20 14:00:10', '2022-09-23 14:04:58'),(278, 185, '1', 23, 1, '2022-08-20 14:00:10', '2022-09-23 14:04:58'),(279, 199, '1', 12, 1, '2022-08-20 14:00:10', '2022-09-23 14:04:58'),(280, 229, '1', 24, 1, '2022-08-20 14:00:11', '2022-09-23 14:04:58'),(281, 230, '1', 36, 1, '2022-08-20 14:00:11', '2022-09-23 14:04:58'),(282, 231, '1', 18, 1, '2022-08-20 14:00:11', '2022-09-23 14:04:58'),(283, 232, '1', 11, 1, '2022-08-20 14:00:11', '2022-09-23 14:04:58'),(284, 284, '1', 60, 1, '2022-08-20 14:00:11', '2022-09-23 14:04:58'),(285, 285, '1', 360, 1, '2022-08-20 14:00:11', '2022-09-23 14:04:58'),(286, 286, '1', 87, 1, '2022-08-20 14:00:12', '2022-09-23 14:04:58'),(287, 287, '1', 81, 1, '2022-08-20 14:00:12', '2022-09-23 14:04:58'),(288, 288, '1', 144, 1, '2022-08-20 14:00:12', '2022-09-23 14:04:58'),(289, 373, '1', 24, 1, '2022-08-20 14:00:12', '2022-09-23 14:04:58'),(290, 374, '1', 35, 1, '2022-08-20 14:00:12', '2022-09-23 14:04:58'),(291, 375, '1', 143, 1, '2022-08-20 14:00:12', '2022-09-23 14:04:58'),(292, 376, '1', 35, 1, '2022-08-20 14:00:12', '2022-09-23 14:04:58'),(293, 377, '1', 215, 1, '2022-08-20 14:00:12', '2022-09-23 14:04:58'),(294, 378, '1', 143, 1, '2022-08-20 14:00:13', '2022-09-23 14:04:58'),(295, 385, '1', 9, 1, '2022-08-20 14:00:13', '2022-09-23 14:04:58'),(296, 386, '1', 24, 1, '2022-08-20 14:00:13', '2022-09-23 14:04:58'),(297, 400, '1', 20, 1, '2022-08-20 14:00:13', '2022-09-23 14:04:58'),(298, 401, '1', 20, 1, '2022-08-20 14:00:13', '2022-09-23 14:04:58'),(299, 415, '1', 399, 1, '2022-08-20 14:00:14', '2022-09-23 14:04:58'),(300, 416, '1', 315, 1, '2022-08-20 14:00:14', '2022-09-23 14:04:58'),(301, 417, '1', 434, 1, '2022-08-20 14:00:14', '2022-09-23 14:04:58'),(302, 418, '1', 168, 1, '2022-08-20 14:00:14', '2022-09-23 14:04:58'),(303, 131, '1', 0, 1, '2022-08-20 14:00:14', '2022-09-23 08:27:22'),(304, 132, '1', 0, 1, '2022-08-20 14:00:14', '2022-09-23 08:27:22'),(305, 133, '1', 120, 1, '2022-08-20 14:00:15', '2022-09-23 14:04:58'),(306, 134, '1', 248, 1, '2022-08-20 14:00:15', '2022-09-23 14:04:58'),(307, 135, '1', 156, 1, '2022-08-20 14:00:15', '2022-09-23 14:04:58'),(308, 136, '1', 0, 1, '2022-08-20 14:00:15', '2022-09-23 08:27:22'),(309, 137, '1', 18, 1, '2022-08-20 14:00:16', '2022-09-23 14:04:58'),(310, 138, '1', 149, 1, '2022-08-20 14:00:16', '2022-09-23 14:04:58'),(311, 139, '1', 95, 1, '2022-08-20 14:00:16', '2022-09-23 14:04:58'),(312, 140, '1', 60, 1, '2022-08-20 14:00:16', '2022-09-23 16:53:58'),(313, 141, '1', 324, 1, '2022-08-20 14:00:16', '2022-09-23 14:04:58'),(314, 142, '1', 30, 1, '2022-08-20 14:00:17', '2022-09-23 14:04:58'),(315, 143, '1', 2976, 1, '2022-08-20 14:00:17', '2022-09-23 16:53:58'),(316, 144, '1', 52, 1, '2022-08-20 14:00:17', '2022-09-23 14:04:58'),(317, 145, '1', 93, 1, '2022-08-20 14:00:17', '2022-09-23 14:04:58'),(318, 146, '1', 39, 1, '2022-08-20 14:00:17', '2022-09-23 14:04:58'),(319, 147, '1', 36, 1, '2022-08-20 14:00:17', '2022-09-23 14:04:58'),(320, 148, '1', 105, 1, '2022-08-20 14:00:17', '2022-09-23 14:04:58'),(321, 149, '1', 54, 1, '2022-08-20 14:00:18', '2022-09-23 14:04:58'),(322, 150, '1', 348, 1, '2022-08-20 14:00:18', '2022-09-23 14:04:58'),(323, 151, '1', 73, 1, '2022-08-20 14:00:18', '2022-09-23 14:04:58'),(324, 152, '1', 714, 1, '2022-08-20 14:00:18', '2022-09-23 14:04:58'),(325, 153, '1', 460, 1, '2022-08-20 14:00:19', '2022-09-23 17:11:11'),(326, 154, '1', 38, 1, '2022-08-20 14:00:19', '2022-09-23 14:04:58'),(327, 155, '1', 36, 1, '2022-08-20 14:00:19', '2022-09-23 14:04:58'),(328, 156, '1', 146, 1, '2022-08-20 14:00:19', '2022-09-23 14:04:58'),(329, 157, '1', 62, 1, '2022-08-20 14:00:19', '2022-09-23 14:04:58'),(330, 158, '1', 111, 1, '2022-08-20 14:00:20', '2022-09-23 14:04:58'),(331, 159, '1', 1, 1, '2022-08-20 14:00:20', '2022-09-23 14:04:58'),(332, 160, '1', 32, 1, '2022-08-20 14:00:20', '2022-09-23 14:04:58'),(333, 161, '1', 40, 1, '2022-08-20 14:00:20', '2022-09-23 14:04:58'),(334, 162, '1', 0, 1, '2022-08-20 14:00:20', '2022-09-11 14:41:00'),(335, 163, '1', 420, 1, '2022-08-20 14:00:21', '2022-09-23 14:04:58'),(336, 164, '1', 474, 1, '2022-08-20 14:00:21', '2022-09-23 14:04:58'),(337, 165, '1', 454, 1, '2022-08-20 14:00:21', '2022-09-23 16:53:58'),(338, 166, '1', 746, 1, '2022-08-20 14:00:21', '2022-09-23 16:53:58'),(339, 167, '1', 6068, 1, '2022-08-20 14:00:21', '2022-09-23 16:53:58'),(340, 168, '1', 71, 1, '2022-08-20 14:00:22', '2022-09-23 14:04:58'),(341, 260, '1', 21, 1, '2022-08-20 14:00:22', '2022-09-23 14:04:58'),(342, 261, '1', 21, 1, '2022-08-20 14:00:22', '2022-09-23 14:04:58'),(343, 262, '1', 49, 1, '2022-08-20 14:00:22', '2022-09-23 14:04:58'),(344, 361, '1', 29, 1, '2022-08-20 14:00:22', '2022-09-23 14:04:58'),(345, 73, '1', 3165, 1, '2022-08-20 14:00:23', '2022-09-23 16:53:58'),(346, 74, '1', 96, 1, '2022-08-20 14:00:23', '2022-09-23 14:04:58'),(347, 76, '1', 0, 1, '2022-08-20 14:00:23', '2022-09-23 08:27:22'),(348, 179, '1', 0, 1, '2022-08-20 14:00:23', '2022-09-23 08:27:22'),(349, 365, '1', 47, 1, '2022-08-20 14:00:23', '2022-09-23 14:04:58'),(350, 366, '1', 100, 1, '2022-08-20 14:00:24', '2022-09-23 14:04:58'),(351, 367, '1', 0, 1, '2022-08-20 14:00:24', '2022-09-23 08:27:22'),(352, 368, '1', 50, 1, '2022-08-20 14:00:24', '2022-09-23 14:04:58'),(353, 369, '1', 250, 1, '2022-08-20 14:00:24', '2022-09-23 14:04:58'),(354, 370, '1', 81, 1, '2022-08-20 14:00:24', '2022-09-23 14:04:58'),(355, 371, '1', 496, 1, '2022-08-20 14:00:24', '2022-09-23 14:04:58'),(356, 364, '1', 48, 1, '2022-08-20 14:00:24', '2022-09-23 14:04:58'),(357, 382, '1', 91, 1, '2022-08-20 14:00:25', '2022-09-23 14:04:58'),(358, 59, '1', 1775, 1, '2022-08-20 14:00:25', '2022-09-23 17:05:11'),(359, 60, '1', 850, 1, '2022-08-20 14:00:25', '2022-09-23 17:05:11'),(360, 180, '1', 576, 1, '2022-08-20 14:00:25', '2022-09-23 14:04:58'),(361, 181, '1', 160, 1, '2022-08-20 14:00:25', '2022-09-23 14:04:58'),(362, 182, '1', 160, 1, '2022-08-20 14:00:26', '2022-09-23 14:04:58'),(363, 183, '1', 576, 1, '2022-08-20 14:00:26', '2022-09-23 14:04:58'),(364, 184, '1', 160, 1, '2022-08-20 14:00:26', '2022-09-23 14:04:58'),(365, 236, '1', 1358, 1, '2022-08-20 14:00:26', '2022-09-23 16:53:58'),(366, 237, '1', 14, 1, '2022-08-20 14:00:26', '2022-09-23 14:04:58'),(367, 238, '1', 0, 1, '2022-08-20 14:00:26', '2022-09-23 08:27:22'),(368, 239, '1', 0, 1, '2022-08-20 14:00:26', '2022-09-23 08:27:22'),(369, 240, '1', 0, 1, '2022-08-20 14:00:27', '2022-09-23 08:27:22'),(370, 241, '1', 0, 1, '2022-08-20 14:00:27', '2022-09-23 08:27:22'),(371, 242, '1', 0, 1, '2022-08-20 14:00:27', '2022-09-23 08:27:22'),(372, 243, '1', 756, 1, '2022-08-20 14:00:27', '2022-09-23 14:04:58'),(373, 244, '1', 0, 1, '2022-08-20 14:00:27', '2022-09-23 08:27:22'),(374, 245, '1', 0, 1, '2022-08-20 14:00:28', '2022-09-23 08:27:22'),(375, 246, '1', 0, 1, '2022-08-20 14:00:28', '2022-09-23 08:27:22'),(376, 247, '1', 0, 1, '2022-08-20 14:00:28', '2022-09-23 08:27:22'),(377, 248, '1', 468, 1, '2022-08-20 14:00:28', '2022-09-23 14:04:58'),(378, 249, '1', 0, 1, '2022-08-20 14:00:29', '2022-09-23 08:27:22'),(379, 250, '1', 0, 1, '2022-08-20 14:00:29', '2022-09-23 08:27:22'),(380, 251, '1', 0, 1, '2022-08-20 14:00:29', '2022-09-23 08:27:22'),(381, 252, '1', 0, 1, '2022-08-20 14:00:29', '2022-09-23 08:27:22'),(382, 253, '1', 0, 1, '2022-08-20 14:00:29', '2022-09-23 08:27:22'),(383, 419, '1', 0, 1, '2022-08-20 14:00:30', '2022-09-11 23:57:28'),(384, 420, '1', 0, 1, '2022-08-20 14:00:30', '2022-09-11 23:57:28'),(385, 421, '1', 21, 1, '2022-08-20 14:00:30', '2022-09-23 14:04:58'),(386, 422, '1', 6, 1, '2022-08-20 14:00:30', '2022-09-23 14:04:58'),(387, 98, '1', 16, 1, '2022-08-20 14:00:30', '2022-09-23 14:04:58'),(388, 99, '1', 5, 1, '2022-08-20 14:00:31', '2022-09-23 14:04:58'),(389, 100, '1', 13, 1, '2022-08-20 14:00:31', '2022-09-23 14:04:58'),(390, 101, '1', 27, 1, '2022-08-20 14:00:31', '2022-09-23 14:04:58'),(391, 102, '1', 39, 1, '2022-08-20 14:00:31', '2022-09-23 14:04:58'),(392, 103, '1', 39, 1, '2022-08-20 14:00:31', '2022-09-23 14:04:58'),(393, 104, '1', 50, 1, '2022-08-20 14:00:32', '2022-09-23 14:04:58'),(394, 105, '1', 18, 1, '2022-08-20 14:00:32', '2022-09-23 14:04:58'),(395, 106, '1', 50, 1, '2022-08-20 14:00:32', '2022-09-23 14:04:58'),(396, 107, '1', 1, 1, '2022-08-20 14:00:32', '2022-09-23 14:04:58'),(397, 108, '1', 1040, 1, '2022-08-20 14:00:32', '2022-09-23 16:53:58'),(398, 109, '1', 9, 1, '2022-08-20 14:00:33', '2022-09-23 14:04:58'),(399, 110, '1', 64, 1, '2022-08-20 14:00:33', '2022-09-23 16:53:58'),(400, 111, '1', 417, 1, '2022-08-20 14:00:33', '2022-09-23 14:04:58'),(401, 112, '1', 65, 1, '2022-08-20 14:00:33', '2022-09-23 14:04:58'),(402, 113, '1', 13700, 1, '2022-08-20 14:00:34', '2022-09-23 14:04:58'),(403, 114, '1', 2073, 1, '2022-08-20 14:00:34', '2022-09-23 17:11:11'),(404, 115, '1', 11740, 1, '2022-08-20 14:00:34', '2022-09-23 17:11:11'),(405, 116, '1', 69, 1, '2022-08-20 14:00:34', '2022-09-23 14:04:58'),(406, 117, '1', 17, 1, '2022-08-20 14:00:34', '2022-09-23 14:04:58'),(407, 118, '1', 23, 1, '2022-08-20 14:00:35', '2022-09-23 14:04:58'),(408, 119, '1', 24, 1, '2022-08-20 14:00:35', '2022-09-23 16:53:58'),(409, 120, '1', 17, 1, '2022-08-20 14:00:35', '2022-09-23 14:04:58'),(410, 121, '1', 24, 1, '2022-08-20 14:00:36', '2022-09-23 14:04:58'),(411, 122, '1', 39, 1, '2022-08-20 14:00:36', '2022-09-23 14:04:58'),(412, 123, '1', 0, 1, '2022-08-20 14:00:36', '2022-09-23 08:27:22'),(413, 124, '1', 16, 1, '2022-08-20 14:00:36', '2022-09-23 14:04:58'),(414, 125, '1', 18, 1, '2022-08-20 14:00:36', '2022-09-23 14:04:58'),(415, 126, '1', 322, 1, '2022-08-20 14:00:37', '2022-09-23 17:11:11'),(416, 90, '1', 80, 1, '2022-08-20 14:00:37', '2022-09-23 14:04:58'),(417, 91, '1', 15, 1, '2022-08-20 14:00:37', '2022-09-23 14:04:58'),(418, 92, '1', 158, 1, '2022-08-20 14:00:37', '2022-09-23 14:04:58'),(419, 93, '1', 194, 1, '2022-08-20 14:00:37', '2022-09-23 14:04:58'),(420, 94, '1', 135, 1, '2022-08-20 14:00:38', '2022-09-23 14:04:58'),(421, 95, '1', 495, 1, '2022-08-20 14:00:38', '2022-09-23 14:04:58'),(422, 96, '1', 549, 1, '2022-08-20 14:00:38', '2022-09-23 14:04:58'),(423, 97, '1', 93, 1, '2022-08-20 14:00:38', '2022-09-23 14:04:58'),(424, 77, '1', 912, 1, '2022-08-20 14:00:39', '2022-09-23 17:11:11'),(425, 78, '1', 296, 1, '2022-08-20 14:00:39', '2022-09-23 14:04:58'),(426, 79, '1', 72, 1, '2022-08-20 14:00:39', '2022-09-23 14:04:58'),(427, 80, '1', 1266, 1, '2022-08-20 14:00:40', '2022-09-23 14:04:58'),(428, 186, '1', 25, 1, '2022-08-20 14:00:40', '2022-09-23 14:04:58'),(429, 479, '1', 120, 1, '2022-08-20 14:50:21', '2022-09-23 14:04:57'),(430, 478, '1', 120, 1, '2022-08-20 14:50:22', '2022-09-23 14:04:57'),(431, 477, '1', 120, 1, '2022-08-20 14:50:22', '2022-09-23 14:04:57'),(432, 476, '1', 120, 1, '2022-08-20 14:50:22', '2022-09-23 14:04:57'),(433, 480, '1', 120, 1, '2022-08-20 14:50:22', '2022-09-23 14:04:57'),(434, 481, '1', 2, 1, '2022-08-20 17:33:26', '2022-09-23 17:05:11'),(435, 482, '1', 55, 1, '2022-08-20 17:33:27', '2022-09-23 14:04:57'),(436, 483, '1', 59, 1, '2022-08-20 17:33:28', '2022-09-23 14:04:57'),(437, 484, '1', 0, 1, '2022-08-20 17:33:29', '2022-09-23 08:27:22'),(438, 485, '1', 48, 1, '2022-08-20 17:33:30', '2022-09-23 14:04:57'),(439, 486, '1', 72, 1, '2022-08-20 17:33:30', '2022-09-23 14:04:57'),(440, 487, '1', 275, 1, '2022-08-20 17:33:30', '2022-09-23 14:04:57'),(441, 488, '1', 0, 1, '2022-08-20 17:33:30', '2022-09-23 08:27:22'),(442, 489, '1', 48, 1, '2022-08-20 17:33:31', '2022-09-23 14:04:57'),(443, 490, '1', 15, 1, '2022-08-20 17:33:31', '2022-09-23 14:04:57'),(444, 491, '1', 106, 1, '2022-08-20 17:33:31', '2022-09-23 14:49:32'),(445, 493, '1', 75, 1, '2022-08-20 17:33:32', '2022-09-23 14:49:17'),(446, 495, '1', 11, 1, '2022-08-20 17:33:33', '2022-09-23 17:05:11'),(447, 496, '1', 400, 1, '2022-08-23 14:50:21', '2022-09-23 14:04:58'),(453, 497, '1', 8, 1, '2022-08-24 16:29:12', '2022-09-23 14:04:58'),(454, 498, '1', 45, 1, '2022-08-24 16:29:12', '2022-09-23 14:04:58'),(455, 499, '1', 45, 1, '2022-08-24 16:29:12', '2022-09-23 14:04:58'),(456, 501, '1', 28, 1, '2022-08-24 16:29:12', '2022-09-23 14:04:58'),(457, 502, '1', 28, 1, '2022-08-24 16:29:12', '2022-09-23 14:04:58'),(458, 503, '1', 191, 1, '2022-08-24 17:29:43', '2022-09-23 14:04:57'),(459, 504, '1', 60, 1, '2022-08-26 15:39:28', '2022-09-23 14:04:58'),(460, 505, '1', 24, 1, '2022-08-26 15:39:28', '2022-09-23 14:04:58'),(461, 506, '1', 53, 1, '2022-08-26 15:39:28', '2022-09-23 17:05:11'),(462, 507, '1', 36, 1, '2022-08-26 15:39:28', '2022-09-23 14:04:58'),(463, 508, '1', 3, 1, '2022-08-26 15:39:28', '2022-09-23 14:04:58'),(464, 509, '1', 36, 1, '2022-08-26 15:39:28', '2022-09-23 14:04:58'),(465, 510, '1', 24, 1, '2022-08-26 15:39:28', '2022-09-23 14:04:58'),(466, 89, '1', 203, 1, '2022-08-26 16:17:37', '2022-09-23 16:53:58'),(467, 348, '1', 9552, 1, '2022-08-26 16:21:25', '2022-09-23 14:04:57'),(468, 349, '1', 5196, 1, '2022-08-26 16:26:28', '2022-09-23 16:53:58'),(469, 512, '1', 6748, 1, '2022-08-27 08:53:14', '2022-09-23 17:05:11'),(470, 513, '1', 0, 1, '2022-08-27 08:53:14', '2022-09-12 17:51:38'),(471, 514, '1', 0, 1, '2022-08-27 12:34:38', '2022-09-23 08:27:22'),(472, 88, '1', 256, 1, '2022-08-29 12:05:15', '2022-09-23 14:04:58'),(473, 515, '1', 60, 1, '2022-08-29 12:05:15', '2022-09-23 14:04:58'),(474, 517, '1', 338, 1, '2022-08-29 12:05:16', '2022-09-23 14:04:58'),(475, 518, '1', 500, 1, '2022-08-30 09:18:20', '2022-09-23 14:04:58'),(476, 356, '1', 494, 1, '2022-08-30 10:22:23', '2022-09-23 14:47:02'),(477, 258, '1', 0, 1, '2022-08-30 10:27:42', '2022-09-23 08:27:22'),(478, 458, '1', 0, 1, '2022-08-30 10:27:52', '2022-09-23 08:27:22'),(479, 355, '1', 554, 1, '2022-08-30 10:27:56', '2022-09-23 14:46:42'),(480, 358, '1', 190, 1, '2022-08-30 10:28:02', '2022-09-23 14:04:58'),(481, 171, '1', 3282, 1, '2022-08-30 10:28:06', '2022-09-23 14:04:57'),(482, 87, '1', 216, 1, '2022-08-30 10:28:14', '2022-09-23 14:04:58'),(483, 84, '1', 2088, 1, '2022-08-30 10:28:17', '2022-09-23 14:04:58'),(484, 224, '1', 1152, 1, '2022-08-30 10:28:20', '2022-09-23 14:04:57'),(485, 362, '1', 1, 1, '2022-08-30 10:28:22', '2022-09-23 14:04:58'),(486, 363, '1', 1, 1, '2022-08-30 10:28:26', '2022-09-23 14:04:58'),(487, 520, '5', 12240, 1, '2022-08-31 15:14:40', '2022-09-28 07:50:24'),(488, 519, '5', 10462, 1, '2022-08-31 15:14:40', '2022-09-20 10:27:36'),(489, 522, '1', 4, 1, '2022-09-01 10:36:38', NULL),(490, 523, '1', 5, 1, '2022-09-01 10:36:38', NULL),(491, 524, '1', 6, 1, '2022-09-01 10:36:38', NULL),(492, 525, '1', 13, 1, '2022-09-01 10:36:38', '2022-09-01 10:44:23'),(493, 526, '1', 6, 1, '2022-09-01 10:36:38', NULL),(494, 527, '1', 18, 1, '2022-09-01 10:36:38', '2022-09-06 14:34:08'),(495, 528, '1', 11, 1, '2022-09-01 10:36:38', '2022-09-02 11:28:14'),(496, 529, '1', 58, 1, '2022-09-01 10:36:38', '2022-09-06 14:46:04'),(497, 530, '1', 8, 1, '2022-09-01 10:36:38', NULL),(498, 531, '1', 9, 1, '2022-09-01 10:36:38', NULL),(499, 532, '1', 8, 1, '2022-09-01 10:36:38', '2022-09-06 14:34:26'),(500, 533, '1', 11, 1, '2022-09-01 10:36:38', '2022-09-01 10:44:22'),(501, 534, '1', 10, 1, '2022-09-01 10:36:38', '2022-09-02 10:05:18'),(502, 535, '1', 23, 1, '2022-09-01 10:36:38', '2022-09-01 10:44:23'),(503, 536, '1', 12, 1, '2022-09-01 10:36:38', NULL),(504, 537, '1', 12, 1, '2022-09-01 10:36:38', NULL),(505, 538, '1', 11, 1, '2022-09-01 10:36:38', '2022-09-06 14:33:47'),(506, 539, '1', 15, 1, '2022-09-01 10:36:38', '2022-09-01 10:44:22'),(507, 540, '1', 13, 1, '2022-09-01 10:36:38', '2022-09-01 10:44:22'),(508, 541, '1', 27, 1, '2022-09-01 10:36:38', '2022-09-01 10:44:23'),(509, 542, '1', 12, 1, '2022-09-01 10:36:38', '2022-09-01 17:44:04'),(510, 543, '1', 4, 1, '2022-09-01 10:36:38', '2022-09-02 10:12:41'),(511, 544, '1', 13, 1, '2022-09-01 10:36:38', NULL),(512, 545, '1', 14, 1, '2022-09-01 10:36:38', '2022-09-06 14:32:13'),(513, 546, '1', 15, 1, '2022-09-01 10:36:38', '2022-09-06 14:32:30'),(514, 547, '1', 10, 1, '2022-09-01 10:36:38', '2022-09-07 14:13:30'),(515, 548, '1', 17, 1, '2022-09-01 10:36:38', '2022-09-02 09:24:13'),(516, 549, '1', 31, 1, '2022-09-01 10:36:38', '2022-09-06 14:46:41'),(517, 550, '1', 23, 1, '2022-09-01 10:36:38', '2022-09-01 10:44:22'),(518, 551, '1', 16, 1, '2022-09-01 10:36:38', '2022-09-06 14:35:12'),(519, 552, '1', 20, 1, '2022-09-01 10:36:38', NULL),(520, 553, '1', 32, 1, '2022-09-01 10:36:38', '2022-09-01 11:48:10'),(521, 554, '1', 32, 1, '2022-09-01 10:36:38', '2022-09-01 11:48:10'),(522, 555, '1', 24, 1, '2022-09-01 10:36:38', NULL),(523, 556, '1', 24, 1, '2022-09-01 10:36:38', NULL),(524, 557, '1', 24, 1, '2022-09-01 10:36:38', NULL),(525, 558, '1', 46, 1, '2022-09-01 10:36:38', '2022-09-01 10:44:23'),(526, 559, '1', 53, 1, '2022-09-01 10:36:38', '2022-09-06 14:35:31'),(527, 560, '1', 36, 1, '2022-09-01 10:36:38', '2022-09-06 14:31:44'),(528, 561, '1', 48, 1, '2022-09-01 10:36:38', '2022-09-07 14:14:43'),(529, 562, '1', 51, 1, '2022-09-01 10:36:38', '2022-09-06 14:44:14'),(530, 563, '1', 120, 1, '2022-09-01 10:36:38', NULL),(531, 564, '1', 1, 1, '2022-09-01 10:44:22', NULL),(532, 568, '1', 3, 1, '2022-09-01 10:44:22', NULL),(533, 569, '1', 3, 1, '2022-09-01 10:44:22', NULL),(534, 570, '1', 3, 1, '2022-09-01 10:44:22', NULL),(535, 572, '1', 3, 1, '2022-09-01 10:44:22', NULL),(536, 574, '1', 0, 1, '2022-09-01 10:44:22', '2022-09-02 09:24:13'),(537, 576, '1', 5, 1, '2022-09-01 10:44:22', NULL),(538, 579, '1', 5, 1, '2022-09-01 10:44:22', NULL),(539, 580, '1', 5, 1, '2022-09-01 10:44:23', NULL),(540, 582, '1', 5, 1, '2022-09-01 10:44:23', NULL),(541, 584, '1', 6, 1, '2022-09-01 10:44:23', NULL),(542, 585, '1', 6, 1, '2022-09-01 10:44:23', NULL),(543, 586, '1', 6, 1, '2022-09-01 10:44:23', NULL),(544, 588, '1', 6, 1, '2022-09-01 10:44:23', NULL),(545, 589, '1', 6, 1, '2022-09-01 10:44:23', NULL),(546, 590, '1', 6, 1, '2022-09-01 10:44:23', NULL),(547, 591, '1', 6, 1, '2022-09-01 10:44:23', NULL),(548, 592, '1', 6, 1, '2022-09-01 10:44:23', NULL),(549, 593, '1', 6, 1, '2022-09-01 10:44:23', NULL),(550, 594, '1', 31, 1, '2022-09-01 10:44:23', '2022-09-06 15:04:08'),(551, 595, '1', 7, 1, '2022-09-01 10:44:23', NULL),(552, 597, '1', 7, 1, '2022-09-01 10:44:23', NULL),(553, 598, '1', 4, 1, '2022-09-01 10:44:23', '2022-09-02 09:24:13'),(554, 599, '1', 8, 1, '2022-09-01 10:44:23', NULL),(555, 601, '1', 8, 1, '2022-09-01 10:44:23', NULL),(556, 602, '1', 9, 1, '2022-09-01 10:44:23', NULL),(557, 603, '1', 9, 1, '2022-09-01 10:44:23', NULL),(558, 605, '1', 10, 1, '2022-09-01 10:44:23', NULL),(559, 606, '1', 10, 1, '2022-09-01 10:44:23', NULL),(560, 607, '1', 10, 1, '2022-09-01 10:44:23', NULL),(561, 608, '1', 10, 1, '2022-09-01 10:44:23', NULL),(562, 609, '1', 11, 1, '2022-09-01 10:44:23', NULL),(563, 610, '1', 11, 1, '2022-09-01 10:44:23', NULL),(564, 611, '1', 12, 1, '2022-09-01 10:44:23', NULL),(565, 612, '1', 12, 1, '2022-09-01 10:44:23', NULL),(566, 613, '1', 19, 1, '2022-09-01 10:44:23', '2022-09-06 14:55:59'),(567, 616, '1', 15, 1, '2022-09-01 10:44:23', NULL),(568, 619, '1', 44, 1, '2022-09-01 10:44:23', '2022-09-06 14:56:20'),(569, 620, '1', 16, 1, '2022-09-01 10:44:23', NULL),(570, 622, '1', 17, 1, '2022-09-01 10:44:23', NULL),(571, 623, '1', 17, 1, '2022-09-01 10:44:23', NULL),(572, 624, '1', 17, 1, '2022-09-01 10:44:23', NULL),(573, 625, '1', 18, 1, '2022-09-01 10:44:23', '2022-09-06 14:56:34'),(574, 626, '1', 18, 1, '2022-09-01 10:44:23', NULL),(575, 627, '1', 19, 1, '2022-09-01 10:44:23', NULL),(576, 628, '1', 20, 1, '2022-09-01 10:44:23', NULL),(577, 629, '1', 22, 1, '2022-09-01 10:44:23', NULL),(578, 630, '1', 22, 1, '2022-09-01 10:44:23', NULL),(579, 632, '1', 23, 1, '2022-09-01 10:44:23', NULL),(580, 633, '1', 25, 1, '2022-09-01 10:44:23', '2022-09-02 10:05:18'),(581, 634, '1', 36, 1, '2022-09-01 10:44:23', NULL),(582, 635, '1', 38, 1, '2022-09-01 10:44:23', NULL),(583, 636, '1', 40, 1, '2022-09-01 10:44:23', NULL),(584, 637, '1', 42, 1, '2022-09-01 10:44:23', NULL),(585, 638, '1', 42, 1, '2022-09-01 10:44:23', NULL),(586, 639, '1', 41, 1, '2022-09-01 10:44:23', '2022-09-06 14:57:25'),(587, 640, '1', 67, 1, '2022-09-01 10:44:23', '2022-09-01 17:44:51'),(588, 641, '1', 557, 1, '2022-09-01 10:44:23', '2022-09-06 14:57:02'),(589, 642, '1', 559, 1, '2022-09-01 10:44:23', '2022-09-06 14:55:38'),(590, 646, '5', 10, 1, '2022-09-01 11:38:31', '2022-09-02 10:29:30'),(591, 644, '5', 12, 1, '2022-09-01 11:55:37', NULL),(592, 645, '5', 12, 1, '2022-09-01 11:55:37', NULL),(593, 647, '1', 0, 1, '2022-09-01 12:16:31', '2022-09-23 08:27:22'),(594, 649, '1', 609, 1, '2022-09-01 18:00:04', '2022-09-06 15:04:25'),(595, 650, '5', 22, 1, '2022-09-02 09:41:36', '2022-09-02 09:56:55'),(596, 651, '5', 36, 1, '2022-09-03 11:00:46', NULL),(597, 652, '5', 48, 1, '2022-09-03 11:00:46', NULL),(598, 653, '5', 48, 1, '2022-09-03 11:00:46', NULL),(599, 654, '5', 48, 1, '2022-09-03 11:00:46', NULL),(600, 655, '5', 24, 1, '2022-09-03 11:00:46', NULL),(601, 656, '5', 12, 1, '2022-09-03 11:00:46', NULL),(602, 657, '5', 200, 1, '2022-09-03 11:00:46', NULL),(603, 658, '5', 120, 1, '2022-09-03 11:33:19', NULL),(604, 659, '1', 0, 1, '2022-09-05 11:17:51', '2022-09-11 09:45:47'),(605, 660, '1', 1, 1, '2022-09-05 11:17:51', '2022-09-23 14:04:57'),(606, 664, '5', 60, 1, '2022-09-07 16:47:40', NULL),(607, 665, '1', 0, 1, '2022-09-08 12:23:47', '2022-09-23 08:27:22'),(608, 666, '1', 0, 1, '2022-09-08 12:23:47', '2022-09-23 08:27:22'),(609, 667, '1', 0, 1, '2022-09-08 12:23:47', '2022-09-23 08:27:22'),(610, 668, '1', 0, 1, '2022-09-08 12:23:47', '2022-09-23 08:27:22'),(611, 669, '1', 0, 1, '2022-09-08 12:23:47', '2022-09-23 08:27:22'),(612, 670, '1', 0, 1, '2022-09-08 12:23:47', '2022-09-23 08:27:22'),(613, 671, '1', 0, 1, '2022-09-08 12:23:47', '2022-09-23 08:27:22'),(614, 672, '1', 0, 1, '2022-09-08 12:23:47', '2022-09-23 08:27:22'),(615, 673, '1', 0, 1, '2022-09-08 12:23:47', '2022-09-23 08:27:22'),(616, 674, '1', 0, 1, '2022-09-08 12:23:47', '2022-09-23 08:27:22'),(617, 675, '1', 0, 1, '2022-09-08 12:23:47', '2022-09-23 08:27:22'),(618, 676, '1', 0, 1, '2022-09-08 12:23:47', '2022-09-23 08:27:22'),(619, 677, '1', 0, 1, '2022-09-08 12:23:47', '2022-09-23 08:27:22'),(620, 678, '1', 0, 1, '2022-09-08 12:23:47', '2022-09-23 08:27:22'),(621, 679, '1', 0, 1, '2022-09-08 12:23:47', '2022-09-23 08:27:22'),(622, 680, '1', 0, 1, '2022-09-08 12:23:47', '2022-09-23 08:27:22'),(623, 681, '1', 0, 1, '2022-09-08 12:23:47', '2022-09-23 08:27:22'),(624, 682, '1', 0, 1, '2022-09-08 12:23:47', '2022-09-23 08:27:22'),(625, 683, '1', 0, 1, '2022-09-08 12:23:47', '2022-09-23 08:27:22'),(626, 684, '1', 0, 1, '2022-09-08 12:23:47', '2022-09-23 08:27:22'),(627, 685, '1', 0, 1, '2022-09-08 12:23:47', '2022-09-23 08:27:22'),(628, 686, '1', 0, 1, '2022-09-08 12:23:47', '2022-09-23 08:27:22'),(629, 687, '1', 0, 1, '2022-09-08 12:23:47', '2022-09-23 08:27:22'),(630, 688, '1', 0, 1, '2022-09-08 12:23:47', '2022-09-23 08:27:22'),(631, 689, '1', 0, 1, '2022-09-08 12:23:47', '2022-09-23 08:27:22'),(632, 690, '1', 0, 1, '2022-09-08 12:23:47', '2022-09-23 08:27:22'),(633, 357, '1', 73, 1, '2022-09-08 16:16:53', '2022-09-23 14:47:12'),(634, 693, '1', 2496, 1, '2022-09-09 12:13:49', NULL),(635, 694, '1', 7, 1, '2022-09-09 15:45:35', '2022-09-27 14:13:07'),(636, 695, '1', 51, 1, '2022-09-09 15:45:35', '2022-09-27 14:16:03'),(637, 696, '1', 19, 1, '2022-09-09 15:45:35', '2022-09-27 14:13:58'),(638, 697, '1', 17, 1, '2022-09-09 15:45:35', '2022-09-27 14:16:28'),(639, 699, '1', 11, 1, '2022-09-09 15:45:35', NULL),(640, 700, '1', 144, 1, '2022-09-09 15:45:35', '2022-09-27 14:13:31'),(641, 701, '1', 26, 1, '2022-09-09 15:45:35', NULL),(642, 702, '1', 30, 1, '2022-09-09 15:45:35', '2022-09-27 14:14:27'),(643, 703, '1', 60, 1, '2022-09-09 15:45:35', '2022-09-27 14:19:43'),(644, 704, '1', 7, 1, '2022-09-09 15:45:35', NULL),(645, 705, '1', 16, 1, '2022-09-09 15:45:35', NULL),(646, 706, '1', 2, 1, '2022-09-09 15:45:35', NULL),(647, 707, '1', 120, 1, '2022-09-09 15:45:35', '2022-09-27 14:12:30'),(648, 708, '1', 96, 1, '2022-09-09 15:45:35', '2022-09-27 14:32:39'),(649, 709, '1', 203, 1, '2022-09-09 15:45:35', '2022-09-27 14:11:42'),(650, 710, '1', 983, 1, '2022-09-09 15:45:35', '2022-09-27 14:42:14'),(651, 711, '1', 13, 1, '2022-09-09 15:45:35', NULL),(652, 712, '1', 84, 1, '2022-09-09 15:45:35', '2022-09-27 14:30:31'),(653, 713, '1', 48, 1, '2022-09-09 15:45:35', NULL),(654, 714, '1', 12, 1, '2022-09-09 15:45:35', NULL),(655, 715, '1', 9, 1, '2022-09-09 15:45:35', NULL),(656, 716, '1', 1, 1, '2022-09-09 15:45:35', '2022-09-27 14:22:05'),(657, 717, '1', 2, 1, '2022-09-09 15:45:35', '2022-09-27 14:22:21'),(658, 718, '1', 36, 1, '2022-09-09 15:45:35', NULL),(659, 719, '1', 6, 1, '2022-09-09 15:45:35', NULL),(660, 720, '1', 1, 1, '2022-09-09 15:45:35', NULL),(661, 721, '1', 1, 1, '2022-09-09 15:45:35', NULL),(662, 722, '1', 4, 1, '2022-09-09 15:45:35', NULL),(663, 723, '1', 4, 1, '2022-09-09 15:45:35', NULL),(664, 724, '1', 1, 1, '2022-09-09 15:45:35', NULL),(665, 725, '1', 3, 1, '2022-09-09 15:45:35', NULL),(666, 726, '1', 38, 1, '2022-09-09 15:45:35', '2022-09-27 14:29:40'),(667, 727, '1', 7, 1, '2022-09-09 15:45:35', NULL),(668, 728, '1', 2, 1, '2022-09-09 15:45:35', NULL),(669, 729, '1', 3, 1, '2022-09-09 15:45:35', '2022-09-27 14:23:08'),(670, 730, '1', 8, 1, '2022-09-10 13:46:39', '2022-09-23 14:04:58'),(671, 731, '1', 0, 1, '2022-09-10 13:46:39', '2022-09-23 08:27:22'),(672, 360, '1', 156, 1, '2022-09-11 14:28:04', '2022-09-23 14:47:57'),(673, 733, '1', 120, 1, '2022-09-12 15:13:52', NULL),(674, 732, '1', 48, 1, '2022-09-12 15:13:52', NULL),(675, 734, '1', 48, 1, '2022-09-12 15:13:52', NULL),(676, 735, '1', 18, 1, '2022-09-12 15:13:52', NULL),(677, 736, '1', 120, 1, '2022-09-12 15:13:52', NULL),(678, 737, '1', 116, 1, '2022-09-12 15:13:52', '2022-09-27 09:53:06'),(679, 738, '1', 48, 1, '2022-09-12 15:13:52', NULL),(680, 516, '1', 18, 1, '2022-09-12 17:48:09', '2022-09-23 14:04:57'),(681, 739, '1', 24, 1, '2022-09-13 16:06:33', '2022-09-23 14:04:58'),(682, 740, '1', 10500, 1, '2022-09-14 16:25:30', '2022-09-14 16:29:01'),(683, 741, '1', 120, 1, '2022-09-15 12:07:04', NULL),(684, 744, '1', 60, 1, '2022-09-15 12:07:04', NULL),(685, 749, '1', 36, 1, '2022-09-15 12:07:04', NULL),(686, 743, '1', 30, 1, '2022-09-15 12:07:04', NULL),(687, 747, '1', 30, 1, '2022-09-15 12:07:04', NULL),(688, 746, '1', 48, 1, '2022-09-15 12:07:04', NULL),(689, 748, '1', 60, 1, '2022-09-15 12:07:04', NULL),(690, 742, '1', 59, 1, '2022-09-15 12:07:04', NULL),(691, 745, '1', 180, 1, '2022-09-15 12:07:04', NULL),(692, 750, '1', 0, 1, '2022-09-15 15:33:40', '2022-09-23 08:27:22'),(693, 751, '1', 132, 1, '2022-09-16 10:07:50', '2022-09-23 14:04:57'),(694, 752, '1', 396, 1, '2022-09-20 17:47:46', NULL),(695, 753, '1', 18, 1, '2022-09-20 17:47:46', NULL),(696, 754, '1', 12, 1, '2022-09-20 17:47:46', NULL),(697, 755, '1', 48, 1, '2022-09-20 17:47:46', NULL),(698, 756, '1', 42, 1, '2022-09-20 17:47:46', NULL),(699, 757, '1', 24, 1, '2022-09-20 17:47:46', NULL),(700, 758, '1', 32, 1, '2022-09-20 17:47:46', NULL),(701, 759, '1', 24, 1, '2022-09-20 17:47:46', NULL),(702, 760, '1', 54, 1, '2022-09-20 17:47:46', NULL),(703, 761, '1', 6, 1, '2022-09-20 17:47:46', NULL),(704, 762, '1', 54, 1, '2022-09-20 17:47:46', NULL),(705, 763, '1', 1536, 1, '2022-09-20 17:47:46', NULL),(706, 764, '1', 120, 1, '2022-09-21 15:43:46', '2022-09-23 14:04:57'),(707, 765, '1', 240, 1, '2022-09-21 15:43:46', '2022-09-23 14:04:57'),(708, 359, '1', 89, 1, '2022-09-22 16:13:35', '2022-09-23 14:47:37'),(709, 766, '1', 72, 1, '2022-09-22 17:18:33', '2022-09-23 14:50:06'),(710, 767, '1', 72, 1, '2022-09-22 17:18:33', '2022-09-23 14:50:21'),(711, 768, '1', 72, 1, '2022-09-22 17:18:33', '2022-09-23 14:50:30'),(712, 769, '1', 108, 1, '2022-09-23 10:41:00', '2022-09-23 14:04:57'),(713, 770, '1', 600, 1, '2022-09-23 10:44:36', '2022-09-23 14:04:57'),(714, 771, '1', 9, 1, '2022-09-23 12:20:56', '2022-09-23 14:04:58'),(715, 772, '1', 1, 1, '2022-09-23 12:25:33', '2022-09-23 14:04:58'),(716, 773, '1', 2, 1, '2022-09-23 12:29:58', '2022-09-23 14:04:58'),(717, 85, '1', 2086, 1, '2022-09-23 12:30:00', '2022-09-23 14:04:58'),(718, 86, '1', 2094, 1, '2022-09-23 12:30:50', '2022-09-23 14:04:58'),(719, 774, '1', 120, 1, '2022-09-23 12:32:54', '2022-09-23 14:04:58'),(720, 775, '1', 85, 1, '2022-09-23 13:54:19', '2022-09-23 14:04:58'),(721, 776, '1', 50, 1, '2022-09-23 13:56:09', '2022-09-23 14:04:58'),(722, 777, '1', 14, 1, '2022-09-23 13:56:53', '2022-09-23 14:04:58'),(723, 778, '1', 120, 1, '2022-09-27 12:04:42', '2022-09-27 13:03:09'),(724, 779, '1', 114, 1, '2022-09-27 14:18:41', NULL),(725, 780, '1', 0, 1, '2022-09-27 14:21:19', NULL),(726, 781, '1', 220, 1, '2022-09-27 14:32:01', NULL),(727, 782, '1', 13, 1, '2022-09-28 14:01:15', NULL),(728, 783, '1', 24, 1, '2022-09-28 14:01:15', NULL),(729, 784, '1', 24, 1, '2022-09-28 14:01:15', NULL),(730, 785, '1', 13, 1, '2022-09-28 14:01:15', NULL),(731, 786, '1', 23, 1, '2022-09-28 14:01:15', NULL),(732, 787, '1', 9, 1, '2022-09-28 14:01:15', NULL),(733, 788, '1', 358, 1, '2022-09-28 14:01:15', NULL),(734, 789, '1', 1173, 1, '2022-09-28 14:01:15', NULL),(735, 790, '1', 16, 1, '2022-09-28 14:01:15', NULL),(736, 791, '1', 596, 1, '2022-09-28 14:01:15', NULL),(737, 792, '1', 311, 1, '2022-09-28 14:01:15', NULL),(738, 793, '1', 24, 1, '2022-09-28 14:01:15', NULL),(739, 794, '1', 103, 1, '2022-09-28 14:01:15', NULL),(740, 795, '1', 83, 1, '2022-09-28 14:01:15', NULL),(741, 796, '1', 400, 1, '2022-09-28 14:01:15', NULL),(742, 797, '1', 10, 1, '2022-09-28 14:01:15', NULL),(743, 798, '1', 56, 1, '2022-09-28 14:01:15', NULL),(744, 799, '1', 35, 1, '2022-09-28 14:01:15', NULL),(745, 800, '1', 111, 1, '2022-09-28 14:01:15', NULL),(746, 801, '1', 326, 1, '2022-09-28 14:01:15', NULL),(747, 802, '1', 113, 1, '2022-09-28 14:01:15', NULL),(748, 803, '1', 24, 1, '2022-09-28 14:01:15', NULL),(749, 804, '1', 151, 1, '2022-09-28 14:01:15', NULL),(750, 805, '1', 6, 1, '2022-09-28 14:01:15', NULL),(751, 806, '1', 166, 1, '2022-09-28 14:01:15', NULL),(752, 807, '1', 215, 1, '2022-09-28 14:01:15', NULL),(753, 808, '1', 48, 1, '2022-09-28 14:01:15', NULL),(754, 809, '1', 58, 1, '2022-09-28 14:01:15', NULL),(755, 810, '1', 50, 1, '2022-09-28 14:01:15', NULL),(756, 811, '1', 36, 1, '2022-09-28 14:01:15', NULL),(757, 812, '1', 429, 1, '2022-09-28 14:01:15', NULL),(758, 813, '1', 42, 1, '2022-09-28 14:01:15', NULL),(759, 814, '1', 16, 1, '2022-09-28 14:01:15', NULL),(760, 815, '1', 26, 1, '2022-09-28 14:01:15', NULL),(761, 816, '1', 32, 1, '2022-09-28 14:01:15', NULL),(762, 817, '1', 41, 1, '2022-09-28 14:01:15', NULL),(763, 818, '1', 5, 1, '2022-09-28 14:01:15', NULL),(764, 819, '1', 12, 1, '2022-09-28 14:01:15', NULL),(765, 820, '1', 56, 1, '2022-09-28 14:01:15', NULL),(766, 821, '1', 71, 1, '2022-09-28 14:01:15', NULL),(767, 822, '1', 1415, 1, '2022-09-28 14:01:15', NULL),(768, 823, '1', 456, 1, '2022-09-28 14:01:15', NULL),(769, 824, '1', 944, 1, '2022-09-28 14:01:15', NULL),(770, 825, '1', 1, 1, '2022-09-28 14:01:15', NULL),(771, 826, '1', 4, 1, '2022-09-28 14:01:15', NULL),(772, 827, '1', 9, 1, '2022-09-28 14:01:15', NULL),(773, 828, '1', 2, 1, '2022-09-28 14:01:15', NULL),(774, 829, '1', 3, 1, '2022-09-28 14:01:15', NULL),(775, 830, '1', 93, 1, '2022-09-28 14:01:15', NULL),(776, 831, '1', 14, 1, '2022-09-28 14:01:15', NULL);
UNLOCK TABLES;
COMMIT;
BEGIN;
LOCK TABLES `db_deca`.`inventario_detallado` WRITE;
DELETE FROM `db_deca`.`inventario_detallado`;
INSERT INTO `db_deca`.`inventario_detallado` (`id_inventario`,`id_serie`,`id_producto`,`id_usuario`,`cantidad`,`fv`,`fecha_ven`,`created_at`,`update_at`) VALUES (1, '00000001', 25, '1', 48, 0, NULL, '2022-07-26 09:52:52', NULL),(2, '00000001', 26, '1', 36, 0, NULL, '2022-07-26 09:52:52', NULL),(3, '00000001', 27, '1', 36, 0, NULL, '2022-07-26 09:52:53', NULL),(4, '00000001', 28, '1', 48, 0, NULL, '2022-07-26 09:52:53', NULL),(5, '00000001', 29, '1', 48, 0, NULL, '2022-07-26 09:52:53', NULL),(6, '00000001', 30, '1', 72, 0, NULL, '2022-07-26 09:52:53', NULL),(7, '00000001', 31, '1', 120, 0, NULL, '2022-07-26 09:52:53', NULL),(8, '00000001', 32, '1', 36, 0, NULL, '2022-07-26 09:52:53', NULL),(9, '00000001', 33, '1', 36, 0, NULL, '2022-07-26 09:52:53', NULL),(10, '00000001', 34, '1', 120, 0, NULL, '2022-07-26 09:52:53', NULL),(429, '00000003', 429, '1', 96, 0, NULL, '2022-08-20 14:18:27', NULL),(430, '00000003', 436, '1', 60, 0, NULL, '2022-08-20 14:18:27', NULL),(431, '00000003', 423, '1', 204, 0, NULL, '2022-08-20 14:18:27', NULL),(432, '00000003', 435, '1', 180, 0, NULL, '2022-08-20 14:18:27', NULL),(433, '00000003', 426, '1', 48, 0, NULL, '2022-08-20 14:18:28', NULL),(434, '00000004', 479, '1', 120, 0, NULL, '2022-08-20 14:50:21', NULL),(435, '00000004', 478, '1', 120, 0, NULL, '2022-08-20 14:50:21', NULL),(436, '00000004', 477, '1', 120, 0, NULL, '2022-08-20 14:50:22', NULL),(437, '00000004', 476, '1', 120, 0, NULL, '2022-08-20 14:50:22', NULL),(438, '00000004', 480, '1', 120, 0, NULL, '2022-08-20 14:50:22', NULL),(439, '00000005', 481, '1', 112, 0, NULL, '2022-08-20 17:33:26', NULL),(440, '00000005', 399, '1', 112, 0, NULL, '2022-08-20 17:33:26', NULL),(441, '00000005', 397, '1', 112, 0, NULL, '2022-08-20 17:33:26', NULL),(442, '00000005', 393, '1', 112, 0, NULL, '2022-08-20 17:33:26', NULL),(443, '00000005', 392, '1', 112, 0, NULL, '2022-08-20 17:33:27', NULL),(444, '00000005', 482, '1', 72, 0, NULL, '2022-08-20 17:33:27', NULL),(445, '00000005', 192, '1', 72, 0, NULL, '2022-08-20 17:33:27', NULL),(446, '00000005', 341, '1', 72, 0, NULL, '2022-08-20 17:33:27', NULL),(447, '00000005', 342, '1', 72, 0, NULL, '2022-08-20 17:33:28', NULL),(448, '00000005', 340, '1', 72, 0, NULL, '2022-08-20 17:33:28', NULL),(449, '00000005', 129, '1', 12, 0, NULL, '2022-08-20 17:33:28', NULL),(450, '00000005', 328, '1', 24, 0, NULL, '2022-08-20 17:33:28', NULL),(451, '00000005', 398, '1', 24, 0, NULL, '2022-08-20 17:33:28', NULL),(452, '00000005', 289, '1', 72, 0, NULL, '2022-08-20 17:33:28', NULL),(453, '00000005', 483, '1', 72, 0, NULL, '2022-08-20 17:33:28', NULL),(454, '00000005', 221, '1', 36, 0, NULL, '2022-08-20 17:33:29', NULL),(455, '00000005', 484, '1', 24, 0, NULL, '2022-08-20 17:33:29', NULL),(456, '00000005', 335, '1', 144, 0, NULL, '2022-08-20 17:33:29', NULL),(457, '00000005', 334, '1', 24, 0, NULL, '2022-08-20 17:33:29', NULL),(458, '00000005', 314, '1', 48, 0, NULL, '2022-08-20 17:33:29', NULL),(459, '00000005', 485, '1', 72, 0, NULL, '2022-08-20 17:33:30', NULL),(460, '00000005', 486, '1', 72, 0, NULL, '2022-08-20 17:33:30', NULL),(461, '00000005', 487, '1', 288, 0, NULL, '2022-08-20 17:33:30', NULL),(462, '00000005', 488, '1', 24, 0, NULL, '2022-08-20 17:33:30', NULL),(463, '00000005', 308, '1', 24, 0, NULL, '2022-08-20 17:33:30', NULL),(464, '00000005', 489, '1', 48, 0, NULL, '2022-08-20 17:33:31', NULL),(465, '00000005', 339, '1', 72, 0, NULL, '2022-08-20 17:33:31', NULL),(466, '00000005', 490, '1', 24, 0, NULL, '2022-08-20 17:33:31', NULL),(467, '00000005', 491, '1', 144, 0, NULL, '2022-08-20 17:33:31', NULL),(468, '00000005', 493, '1', 72, 0, NULL, '2022-08-20 17:33:32', NULL),(469, '00000005', 291, '1', 144, 0, NULL, '2022-08-20 17:33:32', NULL),(470, '00000005', 220, '1', 36, 0, NULL, '2022-08-20 17:33:32', NULL),(471, '00000005', 214, '1', 36, 0, NULL, '2022-08-20 17:33:32', NULL),(472, '00000005', 338, '1', 72, 0, NULL, '2022-08-20 17:33:32', NULL),(473, '00000005', 396, '1', 24, 0, NULL, '2022-08-20 17:33:32', NULL),(474, '00000005', 312, '1', 72, 0, NULL, '2022-08-20 17:33:32', NULL),(475, '00000005', 327, '1', 72, 0, NULL, '2022-08-20 17:33:33', NULL),(476, '00000005', 495, '1', 24, 0, NULL, '2022-08-20 17:33:33', NULL),(477, '00000005', 309, '1', 48, 0, NULL, '2022-08-20 17:33:33', NULL),(478, '00000006', 496, '1', 400, 1, '2023-06-30', '2022-08-23 14:50:21', NULL),(485, '00000007', 497, '1', 8, 1, '2023-10-24', '2022-08-24 16:29:12', NULL),(486, '00000007', 498, '1', 27, 1, '2023-03-20', '2022-08-24 16:29:12', NULL),(487, '00000007', 499, '1', 27, 1, '2023-05-03', '2022-08-24 16:29:12', NULL),(488, '00000007', 353, '1', 20, 1, '2023-10-04', '2022-08-24 16:29:12', NULL),(489, '00000007', 501, '1', 28, 1, '2023-06-22', '2022-08-24 16:29:12', NULL),(490, '00000007', 502, '1', 28, 1, '2023-06-22', '2022-08-24 16:29:12', NULL),(491, '00000008', 264, '1', 12, 1, '2023-08-31', '2022-08-24 17:29:42', NULL),(492, '00000008', 503, '1', 288, 1, '2024-08-30', '2022-08-24 17:29:43', NULL),(493, '00000008', 280, '1', 72, 1, '2024-02-29', '2022-08-24 17:29:43', NULL),(494, '00000008', 272, '1', 72, 1, '2022-11-30', '2022-08-24 17:29:43', NULL),(495, '00000009', 61, '1', 528, 1, '2026-04-30', '2022-08-25 08:08:07', '2022-08-25 08:25:19'),(496, '00000009', 65, '1', 384, 1, '2025-08-31', '2022-08-25 08:08:08', '2022-08-25 08:25:39'),(497, '00000010', 70, '1', 144, 0, NULL, '2022-08-25 08:30:56', NULL),(498, '00000010', 383, '1', 48, 0, NULL, '2022-08-25 08:30:56', NULL),(499, '00000011', 504, '1', 60, 0, NULL, '2022-08-26 15:39:28', NULL),(500, '00000011', 505, '1', 24, 0, NULL, '2022-08-26 15:39:28', NULL),(501, '00000011', 506, '1', 60, 0, NULL, '2022-08-26 15:39:28', NULL),(502, '00000011', 507, '1', 36, 0, NULL, '2022-08-26 15:39:28', NULL),(503, '00000011', 508, '1', 18, 0, NULL, '2022-08-26 15:39:28', NULL),(504, '00000011', 509, '1', 36, 0, NULL, '2022-08-26 15:39:28', NULL),(505, '00000011', 510, '1', 24, 0, NULL, '2022-08-26 15:39:28', NULL),(506, '00000012', 114, '5', 294, 0, NULL, '2022-08-26 17:18:01', NULL),(507, '00000012', 115, '5', 476, 0, NULL, '2022-08-26 17:18:01', NULL),(508, '00000012', 108, '5', 16, 0, NULL, '2022-08-26 17:18:01', NULL),(509, '00000013', 520, '5', 33120, 0, NULL, '2022-08-31 15:14:40', NULL),(510, '00000013', 519, '5', 27382, 0, NULL, '2022-08-31 15:14:40', NULL),(511, '00000014', 522, '1', 4, 0, NULL, '2022-09-01 10:36:38', NULL),(512, '00000014', 523, '1', 5, 0, NULL, '2022-09-01 10:36:38', NULL),(513, '00000014', 524, '1', 6, 0, NULL, '2022-09-01 10:36:38', NULL),(514, '00000014', 525, '1', 6, 0, NULL, '2022-09-01 10:36:38', NULL),(515, '00000014', 526, '1', 6, 0, NULL, '2022-09-01 10:36:38', NULL),(516, '00000014', 527, '1', 6, 0, NULL, '2022-09-01 10:36:38', NULL),(517, '00000014', 528, '1', 6, 0, NULL, '2022-09-01 10:36:38', NULL),(518, '00000014', 529, '1', 7, 0, NULL, '2022-09-01 10:36:38', NULL),(519, '00000014', 530, '1', 8, 0, NULL, '2022-09-01 10:36:38', NULL),(520, '00000014', 531, '1', 9, 0, NULL, '2022-09-01 10:36:38', NULL),(521, '00000014', 532, '1', 10, 0, NULL, '2022-09-01 10:36:38', NULL),(522, '00000014', 533, '1', 10, 0, NULL, '2022-09-01 10:36:38', NULL),(523, '00000014', 534, '1', 11, 0, NULL, '2022-09-01 10:36:38', NULL),(524, '00000014', 535, '1', 11, 0, NULL, '2022-09-01 10:36:38', NULL),(525, '00000014', 536, '1', 12, 0, NULL, '2022-09-01 10:36:38', NULL),(526, '00000014', 537, '1', 12, 0, NULL, '2022-09-01 10:36:38', NULL),(527, '00000014', 538, '1', 12, 0, NULL, '2022-09-01 10:36:38', NULL),(528, '00000014', 539, '1', 12, 0, NULL, '2022-09-01 10:36:38', NULL),(529, '00000014', 540, '1', 12, 0, NULL, '2022-09-01 10:36:38', NULL),(530, '00000014', 541, '1', 12, 0, NULL, '2022-09-01 10:36:38', NULL),(531, '00000014', 542, '1', 12, 0, NULL, '2022-09-01 10:36:38', NULL),(532, '00000014', 543, '1', 12, 0, NULL, '2022-09-01 10:36:38', NULL),(533, '00000014', 544, '1', 13, 0, NULL, '2022-09-01 10:36:38', NULL),(534, '00000014', 545, '1', 13, 0, NULL, '2022-09-01 10:36:38', NULL),(535, '00000014', 546, '1', 15, 0, NULL, '2022-09-01 10:36:38', NULL),(536, '00000014', 547, '1', 16, 0, NULL, '2022-09-01 10:36:38', NULL),(537, '00000014', 548, '1', 16, 0, NULL, '2022-09-01 10:36:38', NULL),(538, '00000014', 549, '1', 16, 0, NULL, '2022-09-01 10:36:38', NULL),(539, '00000014', 550, '1', 18, 0, NULL, '2022-09-01 10:36:38', NULL),(540, '00000014', 551, '1', 18, 0, NULL, '2022-09-01 10:36:38', NULL),(541, '00000014', 552, '1', 20, 0, NULL, '2022-09-01 10:36:38', NULL),(542, '00000014', 553, '1', 20, 0, NULL, '2022-09-01 10:36:38', NULL),(543, '00000014', 554, '1', 20, 0, NULL, '2022-09-01 10:36:38', NULL),(544, '00000014', 555, '1', 24, 0, NULL, '2022-09-01 10:36:38', NULL),(545, '00000014', 556, '1', 24, 0, NULL, '2022-09-01 10:36:38', NULL),(546, '00000014', 557, '1', 24, 0, NULL, '2022-09-01 10:36:38', NULL),(547, '00000014', 558, '1', 24, 0, NULL, '2022-09-01 10:36:38', NULL),(548, '00000014', 559, '1', 29, 0, NULL, '2022-09-01 10:36:38', NULL),(549, '00000014', 560, '1', 36, 0, NULL, '2022-09-01 10:36:38', NULL),(550, '00000014', 561, '1', 36, 0, NULL, '2022-09-01 10:36:38', NULL),(551, '00000014', 562, '1', 39, 0, NULL, '2022-09-01 10:36:38', NULL),(552, '00000014', 563, '1', 120, 0, NULL, '2022-09-01 10:36:38', NULL),(553, '00000015', 564, '1', 1, 0, NULL, '2022-09-01 10:44:22', NULL),(554, '00000015', 533, '1', 1, 0, NULL, '2022-09-01 10:44:22', NULL),(555, '00000015', 543, '1', 1, 0, NULL, '2022-09-01 10:44:22', NULL),(556, '00000015', 540, '1', 1, 0, NULL, '2022-09-01 10:44:22', NULL),(557, '00000015', 568, '1', 3, 0, NULL, '2022-09-01 10:44:22', NULL),(558, '00000015', 569, '1', 3, 0, NULL, '2022-09-01 10:44:22', NULL),(559, '00000015', 570, '1', 3, 0, NULL, '2022-09-01 10:44:22', NULL),(560, '00000015', 539, '1', 3, 0, NULL, '2022-09-01 10:44:22', NULL),(561, '00000015', 572, '1', 3, 0, NULL, '2022-09-01 10:44:22', NULL),(562, '00000015', 546, '1', 3, 0, NULL, '2022-09-01 10:44:22', NULL),(563, '00000015', 574, '1', 4, 0, NULL, '2022-09-01 10:44:22', NULL),(564, '00000015', 542, '1', 4, 0, NULL, '2022-09-01 10:44:22', NULL),(565, '00000015', 576, '1', 5, 0, NULL, '2022-09-01 10:44:22', NULL),(566, '00000015', 560, '1', 5, 0, NULL, '2022-09-01 10:44:22', NULL),(567, '00000015', 550, '1', 5, 0, NULL, '2022-09-01 10:44:22', NULL),(568, '00000015', 579, '1', 5, 0, NULL, '2022-09-01 10:44:22', NULL),(569, '00000015', 580, '1', 5, 0, NULL, '2022-09-01 10:44:22', NULL),(570, '00000015', 548, '1', 5, 0, NULL, '2022-09-01 10:44:23', NULL),(571, '00000015', 582, '1', 5, 0, NULL, '2022-09-01 10:44:23', NULL),(572, '00000015', 528, '1', 5, 0, NULL, '2022-09-01 10:44:23', NULL),(573, '00000015', 584, '1', 6, 0, NULL, '2022-09-01 10:44:23', NULL),(574, '00000015', 585, '1', 6, 0, NULL, '2022-09-01 10:44:23', NULL),(575, '00000015', 586, '1', 6, 0, NULL, '2022-09-01 10:44:23', NULL),(576, '00000015', 551, '1', 6, 0, NULL, '2022-09-01 10:44:23', NULL),(577, '00000015', 588, '1', 6, 0, NULL, '2022-09-01 10:44:23', NULL),(578, '00000015', 589, '1', 6, 0, NULL, '2022-09-01 10:44:23', NULL),(579, '00000015', 590, '1', 6, 0, NULL, '2022-09-01 10:44:23', NULL),(580, '00000015', 591, '1', 6, 0, NULL, '2022-09-01 10:44:23', NULL),(581, '00000015', 592, '1', 6, 0, NULL, '2022-09-01 10:44:23', NULL),(582, '00000015', 593, '1', 6, 0, NULL, '2022-09-01 10:44:23', NULL),(583, '00000015', 594, '1', 7, 0, NULL, '2022-09-01 10:44:23', NULL),(584, '00000015', 595, '1', 7, 0, NULL, '2022-09-01 10:44:23', NULL),(585, '00000015', 525, '1', 7, 0, NULL, '2022-09-01 10:44:23', NULL),(586, '00000015', 597, '1', 7, 0, NULL, '2022-09-01 10:44:23', NULL),(587, '00000015', 598, '1', 8, 0, NULL, '2022-09-01 10:44:23', NULL),(588, '00000015', 599, '1', 8, 0, NULL, '2022-09-01 10:44:23', NULL),(589, '00000015', 529, '1', 8, 0, NULL, '2022-09-01 10:44:23', NULL),(590, '00000015', 601, '1', 8, 0, NULL, '2022-09-01 10:44:23', NULL),(591, '00000015', 602, '1', 9, 0, NULL, '2022-09-01 10:44:23', NULL),(592, '00000015', 603, '1', 9, 0, NULL, '2022-09-01 10:44:23', NULL),(593, '00000015', 532, '1', 10, 0, NULL, '2022-09-01 10:44:23', NULL),(594, '00000015', 605, '1', 10, 0, NULL, '2022-09-01 10:44:23', NULL),(595, '00000015', 606, '1', 10, 0, NULL, '2022-09-01 10:44:23', NULL),(596, '00000015', 607, '1', 10, 0, NULL, '2022-09-01 10:44:23', NULL),(597, '00000015', 608, '1', 10, 0, NULL, '2022-09-01 10:44:23', NULL),(598, '00000015', 609, '1', 11, 0, NULL, '2022-09-01 10:44:23', NULL),(599, '00000015', 610, '1', 11, 0, NULL, '2022-09-01 10:44:23', NULL),(600, '00000015', 611, '1', 12, 0, NULL, '2022-09-01 10:44:23', NULL),(601, '00000015', 612, '1', 12, 0, NULL, '2022-09-01 10:44:23', NULL),(602, '00000015', 613, '1', 12, 0, NULL, '2022-09-01 10:44:23', NULL),(603, '00000015', 535, '1', 12, 0, NULL, '2022-09-01 10:44:23', NULL),(604, '00000015', 545, '1', 13, 0, NULL, '2022-09-01 10:44:23', NULL),(605, '00000015', 616, '1', 15, 0, NULL, '2022-09-01 10:44:23', NULL),(606, '00000015', 541, '1', 15, 0, NULL, '2022-09-01 10:44:23', NULL),(607, '00000015', 562, '1', 15, 0, NULL, '2022-09-01 10:44:23', NULL),(608, '00000015', 619, '1', 16, 0, NULL, '2022-09-01 10:44:23', NULL),(609, '00000015', 620, '1', 16, 0, NULL, '2022-09-01 10:44:23', NULL),(610, '00000015', 559, '1', 17, 0, NULL, '2022-09-01 10:44:23', NULL),(611, '00000015', 622, '1', 17, 0, NULL, '2022-09-01 10:44:23', NULL),(612, '00000015', 623, '1', 17, 0, NULL, '2022-09-01 10:44:23', NULL),(613, '00000015', 624, '1', 17, 0, NULL, '2022-09-01 10:44:23', NULL),(614, '00000015', 625, '1', 18, 0, NULL, '2022-09-01 10:44:23', NULL),(615, '00000015', 626, '1', 18, 0, NULL, '2022-09-01 10:44:23', NULL),(616, '00000015', 627, '1', 19, 0, NULL, '2022-09-01 10:44:23', NULL),(617, '00000015', 628, '1', 20, 0, NULL, '2022-09-01 10:44:23', NULL),(618, '00000015', 629, '1', 22, 0, NULL, '2022-09-01 10:44:23', NULL),(619, '00000015', 630, '1', 22, 0, NULL, '2022-09-01 10:44:23', NULL),(620, '00000015', 558, '1', 22, 0, NULL, '2022-09-01 10:44:23', NULL),(621, '00000015', 632, '1', 23, 0, NULL, '2022-09-01 10:44:23', NULL),(622, '00000015', 633, '1', 30, 0, NULL, '2022-09-01 10:44:23', NULL),(623, '00000015', 634, '1', 36, 0, NULL, '2022-09-01 10:44:23', NULL),(624, '00000015', 635, '1', 38, 0, NULL, '2022-09-01 10:44:23', NULL),(625, '00000015', 636, '1', 40, 0, NULL, '2022-09-01 10:44:23', NULL),(626, '00000015', 637, '1', 42, 0, NULL, '2022-09-01 10:44:23', NULL),(627, '00000015', 638, '1', 42, 0, NULL, '2022-09-01 10:44:23', NULL),(628, '00000015', 639, '1', 45, 0, NULL, '2022-09-01 10:44:23', NULL),(629, '00000015', 640, '1', 63, 0, NULL, '2022-09-01 10:44:23', NULL),(630, '00000015', 641, '1', 656, 0, NULL, '2022-09-01 10:44:23', NULL),(631, '00000015', 642, '1', 657, 0, NULL, '2022-09-01 10:44:23', NULL),(632, '00000015', 641, '1', 683, 0, NULL, '2022-09-01 10:44:23', NULL),(633, '00000016', 646, '5', 12, 0, NULL, '2022-09-01 11:38:31', NULL),(634, '00000017', 553, '5', 12, 0, NULL, '2022-09-01 11:48:10', NULL),(635, '00000017', 554, '5', 12, 0, NULL, '2022-09-01 11:48:10', NULL),(636, '00000018', 644, '5', 12, 0, NULL, '2022-09-01 11:55:37', NULL),(637, '00000018', 645, '5', 12, 0, NULL, '2022-09-01 11:55:37', NULL),(638, '00000019', 270, '1', 78, 0, NULL, '2022-09-01 12:16:31', NULL),(639, '00000019', 269, '1', 12, 0, NULL, '2022-09-01 12:16:31', NULL),(640, '00000019', 266, '1', 72, 0, NULL, '2022-09-01 12:16:31', NULL),(641, '00000019', 264, '1', 12, 0, NULL, '2022-09-01 12:16:31', NULL),(642, '00000019', 281, '1', 144, 0, NULL, '2022-09-01 12:16:31', NULL),(643, '00000019', 45, '1', 144, 0, NULL, '2022-09-01 12:16:31', NULL),(644, '00000019', 53, '1', 288, 0, NULL, '2022-09-01 12:16:31', NULL),(645, '00000019', 647, '1', 144, 0, NULL, '2022-09-01 12:16:31', NULL),(646, '00000019', 503, '1', 144, 0, NULL, '2022-09-01 12:16:31', NULL),(647, '00000020', 650, '5', 24, 0, NULL, '2022-09-02 09:41:36', NULL),(648, '00000021', 651, '5', 36, 0, NULL, '2022-09-03 11:00:46', NULL),(649, '00000021', 652, '5', 48, 0, NULL, '2022-09-03 11:00:46', NULL),(650, '00000021', 653, '5', 48, 0, NULL, '2022-09-03 11:00:46', NULL),(651, '00000021', 654, '5', 48, 0, NULL, '2022-09-03 11:00:46', NULL),(652, '00000021', 655, '5', 24, 0, NULL, '2022-09-03 11:00:46', NULL),(653, '00000021', 656, '5', 12, 0, NULL, '2022-09-03 11:00:46', NULL),(654, '00000021', 657, '5', 200, 0, NULL, '2022-09-03 11:00:46', NULL),(655, '00000022', 658, '5', 120, 0, NULL, '2022-09-03 11:33:19', NULL),(656, '00000023', 114, '1', 1596, 1, '2024-05-30', '2022-09-07 16:43:19', NULL),(657, '00000023', 115, '1', 574, 1, '2024-08-31', '2022-09-07 16:43:19', NULL),(658, '00000023', 126, '1', 64, 1, '2024-01-31', '2022-09-07 16:43:19', NULL),(659, '00000024', 664, '5', 60, 0, NULL, '2022-09-07 16:47:40', NULL),(660, '00000025', 665, '1', 136, 0, NULL, '2022-09-08 12:23:47', NULL),(661, '00000025', 666, '1', 1, 0, NULL, '2022-09-08 12:23:47', NULL),(662, '00000025', 667, '1', 40, 0, NULL, '2022-09-08 12:23:47', NULL),(663, '00000025', 668, '1', 284, 0, NULL, '2022-09-08 12:23:47', NULL),(664, '00000025', 669, '1', 88, 0, NULL, '2022-09-08 12:23:47', NULL),(665, '00000025', 670, '1', 9, 0, NULL, '2022-09-08 12:23:47', NULL),(666, '00000025', 671, '1', 51, 0, NULL, '2022-09-08 12:23:47', NULL),(667, '00000025', 672, '1', 144, 0, NULL, '2022-09-08 12:23:47', NULL),(668, '00000025', 673, '1', 191, 0, NULL, '2022-09-08 12:23:47', NULL),(669, '00000025', 674, '1', 12, 0, NULL, '2022-09-08 12:23:47', NULL),(670, '00000025', 675, '1', 40, 0, NULL, '2022-09-08 12:23:47', NULL),(671, '00000025', 676, '1', 10, 0, NULL, '2022-09-08 12:23:47', NULL),(672, '00000025', 677, '1', 180, 0, NULL, '2022-09-08 12:23:47', NULL),(673, '00000025', 678, '1', 6, 0, NULL, '2022-09-08 12:23:47', NULL),(674, '00000025', 679, '1', 11, 0, NULL, '2022-09-08 12:23:47', NULL),(675, '00000025', 680, '1', 19, 0, NULL, '2022-09-08 12:23:47', NULL),(676, '00000025', 681, '1', 120, 0, NULL, '2022-09-08 12:23:47', NULL),(677, '00000025', 682, '1', 49, 0, NULL, '2022-09-08 12:23:47', NULL),(678, '00000025', 683, '1', 52, 0, NULL, '2022-09-08 12:23:47', NULL),(679, '00000025', 684, '1', 240, 0, NULL, '2022-09-08 12:23:47', NULL),(680, '00000025', 685, '1', 339, 0, NULL, '2022-09-08 12:23:47', NULL),(681, '00000025', 686, '1', 461, 0, NULL, '2022-09-08 12:23:47', NULL),(682, '00000025', 687, '1', 6, 0, NULL, '2022-09-08 12:23:47', NULL),(683, '00000025', 688, '1', 46, 0, NULL, '2022-09-08 12:23:47', NULL),(684, '00000025', 689, '1', 44, 0, NULL, '2022-09-08 12:23:47', NULL),(685, '00000025', 690, '1', 4, 0, NULL, '2022-09-08 12:23:47', NULL),(686, '00000026', 693, '1', 2496, 0, NULL, '2022-09-09 12:13:48', NULL),(687, '00000027', 694, '1', 8, 0, NULL, '2022-09-09 15:45:35', NULL),(688, '00000027', 695, '1', 58, 0, NULL, '2022-09-09 15:45:35', NULL),(689, '00000027', 696, '1', 31, 0, NULL, '2022-09-09 15:45:35', NULL),(690, '00000027', 697, '1', 18, 0, NULL, '2022-09-09 15:45:35', NULL),(691, '00000027', 699, '1', 11, 0, NULL, '2022-09-09 15:45:35', NULL),(692, '00000027', 700, '1', 145, 0, NULL, '2022-09-09 15:45:35', NULL),(693, '00000027', 701, '1', 26, 0, NULL, '2022-09-09 15:45:35', NULL),(694, '00000027', 702, '1', 48, 0, NULL, '2022-09-09 15:45:35', NULL),(695, '00000027', 703, '1', 37, 0, NULL, '2022-09-09 15:45:35', NULL),(696, '00000027', 704, '1', 7, 0, NULL, '2022-09-09 15:45:35', NULL),(697, '00000027', 705, '1', 16, 0, NULL, '2022-09-09 15:45:35', NULL),(698, '00000027', 706, '1', 2, 0, NULL, '2022-09-09 15:45:35', NULL),(699, '00000027', 707, '1', 144, 0, NULL, '2022-09-09 15:45:35', NULL),(700, '00000027', 708, '1', 155, 0, NULL, '2022-09-09 15:45:35', NULL),(701, '00000027', 709, '1', 2, 0, NULL, '2022-09-09 15:45:35', NULL),(702, '00000027', 710, '1', 132, 0, NULL, '2022-09-09 15:45:35', NULL),(703, '00000027', 711, '1', 13, 0, NULL, '2022-09-09 15:45:35', NULL),(704, '00000027', 712, '1', 144, 0, NULL, '2022-09-09 15:45:35', NULL),(705, '00000027', 713, '1', 48, 0, NULL, '2022-09-09 15:45:35', NULL),(706, '00000027', 714, '1', 12, 0, NULL, '2022-09-09 15:45:35', NULL),(707, '00000027', 715, '1', 9, 0, NULL, '2022-09-09 15:45:35', NULL),(708, '00000027', 716, '1', 2, 0, NULL, '2022-09-09 15:45:35', NULL),(709, '00000027', 717, '1', 7, 0, NULL, '2022-09-09 15:45:35', NULL),(710, '00000027', 718, '1', 36, 0, NULL, '2022-09-09 15:45:35', NULL),(711, '00000027', 719, '1', 6, 0, NULL, '2022-09-09 15:45:35', NULL),(712, '00000027', 720, '1', 1, 0, NULL, '2022-09-09 15:45:35', NULL),(713, '00000027', 721, '1', 1, 0, NULL, '2022-09-09 15:45:35', NULL),(714, '00000027', 722, '1', 4, 0, NULL, '2022-09-09 15:45:35', NULL),(715, '00000027', 723, '1', 4, 0, NULL, '2022-09-09 15:45:35', NULL),(716, '00000027', 724, '1', 1, 0, NULL, '2022-09-09 15:45:35', NULL),(717, '00000027', 725, '1', 3, 0, NULL, '2022-09-09 15:45:35', NULL),(718, '00000027', 726, '1', 38, 0, NULL, '2022-09-09 15:45:35', NULL),(719, '00000027', 727, '1', 7, 0, NULL, '2022-09-09 15:45:35', NULL),(720, '00000027', 728, '1', 2, 0, NULL, '2022-09-09 15:45:35', NULL),(721, '00000027', 729, '1', 15, 0, NULL, '2022-09-09 15:45:35', NULL),(722, '00000028', 730, '1', 4, 0, NULL, '2022-09-10 13:46:39', NULL),(723, '00000028', 78, '1', 168, 1, '2023-03-23', '2022-09-10 13:46:39', NULL),(724, '00000028', 79, '1', 72, 1, '2023-03-30', '2022-09-10 13:46:39', NULL),(725, '00000028', 77, '1', 288, 1, '2023-03-30', '2022-09-10 13:46:39', NULL),(726, '00000028', 349, '1', 1440, 0, NULL, '2022-09-10 13:46:39', NULL),(727, '00000028', 87, '1', 214, 0, NULL, '2022-09-10 13:46:39', NULL),(728, '00000028', 731, '1', 599, 0, NULL, '2022-09-10 13:46:39', NULL),(729, '00000028', 180, '1', 576, 1, '2022-12-07', '2022-09-10 13:46:39', NULL),(730, '00000028', 181, '1', 160, 1, '2023-03-30', '2022-09-10 13:46:39', NULL),(731, '00000028', 182, '1', 160, 1, '2023-02-25', '2022-09-10 13:46:39', NULL),(732, '00000028', 183, '1', 576, 1, '2023-04-01', '2022-09-10 13:46:39', NULL),(733, '00000028', 184, '1', 160, 1, '2022-11-30', '2022-09-10 13:46:39', NULL),(734, '00000028', 243, '1', 864, 1, '2023-03-30', '2022-09-10 13:46:39', NULL),(735, '00000028', 248, '1', 576, 1, '2023-03-30', '2022-09-10 13:46:39', NULL),(736, '00000029', 733, '1', 120, 0, NULL, '2022-09-12 15:13:52', NULL),(737, '00000029', 732, '1', 48, 0, NULL, '2022-09-12 15:13:52', NULL),(738, '00000029', 734, '1', 48, 0, NULL, '2022-09-12 15:13:52', NULL),(739, '00000029', 735, '1', 18, 0, NULL, '2022-09-12 15:13:52', NULL),(740, '00000029', 736, '1', 120, 0, NULL, '2022-09-12 15:13:52', NULL),(741, '00000029', 737, '1', 120, 0, NULL, '2022-09-12 15:13:52', NULL),(742, '00000029', 738, '1', 48, 0, NULL, '2022-09-12 15:13:52', NULL),(743, '00000030', 201, '1', 144, 0, NULL, '2022-09-13 16:06:33', NULL),(744, '00000030', 321, '1', 96, 0, NULL, '2022-09-13 16:06:33', NULL),(745, '00000030', 322, '1', 60, 0, NULL, '2022-09-13 16:06:33', NULL),(746, '00000030', 517, '1', 336, 0, NULL, '2022-09-13 16:06:33', NULL),(747, '00000030', 223, '1', 12, 0, NULL, '2022-09-13 16:06:33', NULL),(748, '00000030', 319, '1', 72, 0, NULL, '2022-09-13 16:06:33', NULL),(749, '00000030', 515, '1', 54, 0, NULL, '2022-09-13 16:06:33', NULL),(750, '00000030', 302, '1', 96, 0, NULL, '2022-09-13 16:06:33', NULL),(751, '00000030', 739, '1', 24, 0, NULL, '2022-09-13 16:06:33', NULL),(752, '00000031', 740, '1', 1500, 0, NULL, '2022-09-14 16:25:30', NULL),(753, '00000032', 740, '1', 9000, 0, NULL, '2022-09-14 16:29:01', NULL),(754, '00000033', 64, '1', 912, 1, '2025-08-30', '2022-09-14 17:54:38', NULL),(755, '00000034', 61, '1', 1392, 1, '2026-05-30', '2022-09-14 18:13:08', NULL),(756, '00000034', 62, '1', 1200, 1, '2025-08-30', '2022-09-14 18:13:08', NULL),(757, '00000034', 65, '1', 1152, 1, '2025-08-30', '2022-09-14 18:13:08', NULL),(758, '00000035', 741, '1', 120, 0, NULL, '2022-09-15 12:07:04', NULL),(759, '00000035', 744, '1', 60, 0, NULL, '2022-09-15 12:07:04', NULL),(760, '00000035', 749, '1', 36, 0, NULL, '2022-09-15 12:07:04', NULL),(761, '00000035', 743, '1', 30, 1, '2024-04-30', '2022-09-15 12:07:04', NULL),(762, '00000035', 747, '1', 30, 1, '2024-04-30', '2022-09-15 12:07:04', NULL),(763, '00000035', 746, '1', 48, 0, NULL, '2022-09-15 12:07:04', NULL),(764, '00000035', 748, '1', 60, 0, NULL, '2022-09-15 12:07:04', NULL),(765, '00000035', 742, '1', 59, 0, NULL, '2022-09-15 12:07:04', NULL),(766, '00000035', 745, '1', 180, 0, NULL, '2022-09-15 12:07:04', NULL),(767, '00000036', 750, '1', 10, 0, NULL, '2022-09-15 15:33:40', NULL),(768, '00000037', 498, '1', 45, 1, '2023-05-17', '2022-09-15 16:01:22', NULL),(769, '00000037', 499, '1', 45, 1, '2023-05-16', '2022-09-15 16:01:22', NULL),(770, '00000038', 518, '1', 500, 0, NULL, '2022-09-20 16:34:04', NULL),(771, '00000038', 73, '1', 575, 0, NULL, '2022-09-20 16:34:04', NULL),(772, '00000038', 512, '1', 7000, 0, NULL, '2022-09-20 16:34:04', NULL),(773, '00000039', 752, '1', 396, 1, '2024-08-30', '2022-09-20 17:47:46', NULL),(774, '00000039', 753, '1', 18, 1, '2024-08-30', '2022-09-20 17:47:46', NULL),(775, '00000039', 754, '1', 12, 0, NULL, '2022-09-20 17:47:46', NULL),(776, '00000039', 755, '1', 48, 0, NULL, '2022-09-20 17:47:46', NULL),(777, '00000039', 756, '1', 42, 0, NULL, '2022-09-20 17:47:46', NULL),(778, '00000039', 757, '1', 24, 0, NULL, '2022-09-20 17:47:46', NULL),(779, '00000039', 758, '1', 32, 0, NULL, '2022-09-20 17:47:46', NULL),(780, '00000039', 759, '1', 24, 0, NULL, '2022-09-20 17:47:46', NULL),(781, '00000039', 760, '1', 54, 0, NULL, '2022-09-20 17:47:46', NULL),(782, '00000039', 761, '1', 6, 0, NULL, '2022-09-20 17:47:46', NULL),(783, '00000039', 762, '1', 54, 0, NULL, '2022-09-20 17:47:46', NULL),(784, '00000039', 763, '1', 1536, 0, NULL, '2022-09-20 17:47:46', NULL),(785, '00000040', 438, '1', 240, 0, NULL, '2022-09-21 15:43:46', NULL),(786, '00000040', 764, '1', 120, 0, NULL, '2022-09-21 15:43:46', NULL),(787, '00000040', 765, '1', 240, 1, '2023-03-30', '2022-09-21 15:43:46', NULL),(788, '00000040', 439, '1', 24, 1, '2023-10-10', '2022-09-21 15:43:46', NULL),(789, '00000041', 53, '1', 144, 1, '2024-07-30', '2022-09-22 15:17:08', '2022-09-26 11:45:57'),(790, '00000041', 54, '1', 421, 1, '2024-07-30', '2022-09-22 15:17:08', '2022-09-26 11:45:54'),(791, '00000042', 270, '1', 18, 1, '2024-08-30', '2022-09-22 15:48:02', NULL),(792, '00000042', 269, '1', 12, 1, '2024-08-30', '2022-09-22 15:48:02', NULL),(793, '00000042', 273, '1', 144, 1, '2023-11-30', '2022-09-22 15:48:02', NULL),(794, '00000042', 44, '1', 144, 1, '2024-09-30', '2022-09-22 15:48:02', NULL),(795, '00000042', 45, '1', 288, 1, '2024-09-30', '2022-09-22 15:48:02', NULL),(796, '00000042', 43, '1', 143, 1, '2024-09-30', '2022-09-22 15:48:02', NULL),(797, '00000042', 58, '1', 140, 1, '2024-08-30', '2022-09-22 15:48:02', NULL),(798, '00000042', 52, '1', 144, 1, '2024-07-30', '2022-09-22 15:48:02', NULL),(799, '00000042', 53, '1', 131, 1, '2024-09-30', '2022-09-22 15:48:02', NULL),(800, '00000042', 50, '1', 144, 1, '2024-08-30', '2022-09-22 15:48:02', NULL),(801, '00000042', 280, '1', 72, 1, '2024-02-28', '2022-09-22 15:48:02', NULL),(802, '00000042', 407, '1', 144, 1, '2024-01-30', '2022-09-22 15:48:02', NULL),(803, '00000043', 236, '1', 1344, 1, '2023-03-30', '2022-09-22 16:13:35', NULL),(804, '00000043', 355, '1', 420, 1, '2023-09-30', '2022-09-22 16:13:35', NULL),(805, '00000043', 356, '1', 492, 1, '2023-09-30', '2022-09-22 16:13:35', NULL),(806, '00000043', 357, '1', 72, 1, '2023-09-30', '2022-09-22 16:13:35', NULL),(807, '00000043', 359, '1', 28, 1, '2023-08-30', '2022-09-22 16:13:35', NULL),(808, '00000043', 360, '1', 56, 1, '2023-07-30', '2022-09-22 16:13:35', NULL),(809, '00000044', 289, '1', 72, 1, '2024-08-30', '2022-09-22 17:18:33', NULL),(810, '00000044', 291, '1', 72, 1, '2024-08-30', '2022-09-22 17:18:33', NULL),(811, '00000044', 493, '1', 72, 1, '2024-09-30', '2022-09-22 17:18:33', NULL),(812, '00000044', 491, '1', 72, 1, '2024-08-30', '2022-09-22 17:18:33', NULL),(813, '00000044', 290, '1', 72, 1, '2024-09-30', '2022-09-22 17:18:33', NULL),(814, '00000044', 766, '1', 72, 1, '2024-09-30', '2022-09-22 17:18:33', NULL),(815, '00000044', 767, '1', 72, 1, '2024-08-30', '2022-09-22 17:18:33', NULL),(816, '00000044', 768, '1', 72, 1, '2024-08-30', '2022-09-22 17:18:33', NULL),(817, '00000045', 432, '1', 2460, 0, NULL, '2022-09-22 18:04:46', '2022-09-23 14:54:14'),(818, '00000045', 429, '1', 360, 0, NULL, '2022-09-22 18:04:46', NULL),(819, '00000045', 425, '1', 48, 0, NULL, '2022-09-22 18:04:46', NULL),(820, '00000045', 434, '1', 72, 0, NULL, '2022-09-22 18:04:46', NULL),(821, '00000045', 436, '1', 228, 0, NULL, '2022-09-22 18:04:46', NULL),(822, '00000045', 424, '1', 288, 0, NULL, '2022-09-22 18:04:46', NULL),(823, '00000045', 423, '1', 120, 0, NULL, '2022-09-22 18:04:46', NULL),(824, '00000045', 435, '1', 540, 0, NULL, '2022-09-22 18:04:46', NULL),(825, '00000045', 428, '1', 96, 0, NULL, '2022-09-22 18:04:46', NULL),(826, '00000045', 426, '1', 120, 0, NULL, '2022-09-22 18:04:46', NULL),(827, '00000045', 431, '1', 84, 0, NULL, '2022-09-22 18:04:46', NULL),(828, '00000045', 430, '1', 12, 0, NULL, '2022-09-22 18:04:46', NULL),(829, '00000046', 71, '1', 384, 1, '2026-12-31', '2022-09-23 15:19:12', NULL),(830, '00000047', 115, '1', 6020, 1, '2024-09-30', '2022-09-23 16:23:55', NULL),(831, '00000047', 126, '1', 64, 1, '2024-01-30', '2022-09-23 16:23:55', NULL),(832, '00000048', 778, '1', 120, 0, NULL, '2022-09-27 12:33:34', NULL);
UNLOCK TABLES;
COMMIT;
BEGIN;
LOCK TABLES `db_deca`.`kardex` WRITE;
DELETE FROM `db_deca`.`kardex`;
UNLOCK TABLES;
COMMIT;
BEGIN;
LOCK TABLES `db_deca`.`medidas` WRITE;
DELETE FROM `db_deca`.`medidas`;
INSERT INTO `db_deca`.`medidas` (`idMedida`,`medida`,`presentacion`,`fecha`,`habilitado`,`usuario`) VALUES (1, 'DOCENA', 12, '2010-10-10 00:00:00', 1, 'JJMUOZ'),(2, 'SIXPACK', 6, '2001-01-01 00:00:00', 1, 'JJMUOZ');
UNLOCK TABLES;
COMMIT;
BEGIN;
LOCK TABLES `db_deca`.`modulos` WRITE;
DELETE FROM `db_deca`.`modulos`;
INSERT INTO `db_deca`.`modulos` (`id_modulo`,`titulo`,`icono`,`enlace`,`descripcion`,`estado`) VALUES (1, 'Dashboard', '<i class=\"nav-icon fas fa-tachometer-alt\"></i>', '?page=dashboard', 'dashboard', 1),(2, 'Bodegas', '<i class=\"nav-icon fa-solid fa-warehouse\"></i>', '?page=bodegas', 'bodegas', 1),(3, 'Usuarios', '<i class=\"nav-icon fas fa-users\"></i>', '?page=usuarios', 'usuarios', 1),(4, 'Clientes', '<i class=\"nav-icon fas fa-user\"></i>', '?page=clientes', 'clientes', 1),(5, 'Productos', '<i class=\"nav-icon fa-solid fa-boxes-stacked\"></i>', '?page=productos', 'productos', 1),(6, 'Inventario', '<i class=\"nav-icon fas fa-dolly-flatbed\"></i>', '?page=inventario', 'inventario', 1),(7, 'Categorias', '<i class=\"nav-icon fas fa-border-all\"></i>', '?page=categorias', 'categorias', 1),(8, 'Entrada', '<i class=\"nav-icon fas fa-cart-arrow-down\"></i>', '?page=entrada', 'entrada', 1),(9, 'Salida', '<i class=\"nav-icon fas fa-shipping-fast\"></i>', '?page=salida', 'salida', 1),(10, 'Devoluciones', '<i class=\"nav-icon nav-icon fas fa-cogs\"></i>', '?page=devolucion', 'devolucion', 1),(12, 'fas fa-users', '?page=usuarios', '?page=usuarios', '', 0);
UNLOCK TABLES;
COMMIT;
BEGIN;
LOCK TABLES `db_deca`.`permisos` WRITE;
DELETE FROM `db_deca`.`permisos`;
INSERT INTO `db_deca`.`permisos` (`id_permiso`,`id_usuario`,`id_modulos`,`view`,`insert`,`update`,`delete`) VALUES (1, 1, 1, 1, 1, 1, 1),(2, 1, 2, 1, 1, 1, 1),(3, 1, 3, 1, 1, 1, 1),(4, 1, 4, 1, 1, 1, 1),(5, 1, 5, 1, 1, 1, 1),(6, 1, 6, 1, 1, 1, 1),(7, 1, 7, 1, 1, 1, 1),(8, 1, 8, 1, 1, 1, 1),(9, 1, 9, 1, 1, 1, 1),(10, 1, 10, 1, 1, 1, 1),(11, 5, 2, 1, 1, 1, 1),(12, 5, 3, 1, 1, 1, 1),(13, 5, 4, 1, 1, 1, 1),(14, 5, 5, 1, 1, 1, 1),(15, 5, 6, 1, 1, 1, 1),(16, 5, 7, 1, 1, 1, 1),(17, 5, 8, 1, 1, 1, 1),(18, 5, 9, 1, 1, 1, 1),(19, 5, 10, 1, 1, 1, 1);
UNLOCK TABLES;
COMMIT;
BEGIN;
LOCK TABLES `db_deca`.`producto` WRITE;
DELETE FROM `db_deca`.`producto`;
INSERT INTO `db_deca`.`producto` (`id_producto`,`codigo`,`codigo_1`,`codigo_2`,`ean`,`nombre`,`id_categoria`,`status`,`id_usuario`,`estampilla`,`umb`,`id_bodega`,`created_at`,`update_at`) VALUES (1, 'V6FIPY', '2660100', 'N/A', '7702158806291', 'LIMPIAPISOS LAVANDA  ASTRAL x 1000 ML', 3, 1, '1', 'N/A', '12', 1, '2022-07-08 14:35:43', '2022-07-28 17:00:44'),(2, '8KX9W9', '2660101', 'N/A', '7702158804105', 'LIMPIAVIDRIOS PISTOLA  ASTRAL x 500 ML', 3, 1, '1', 'N/A', '12', 1, '2022-07-08 15:12:16', '2022-07-28 17:00:44'),(3, 'COGBX9', '2660102', 'N/A', '7702158806116', 'LAVA LOZA VERDE LIMON ASTRAL x 500 ML', 3, 1, '1', 'N/A', '12', 1, '2022-07-08 15:12:16', '2022-07-28 17:00:44'),(4, 'TND892', '2660103', 'N/A', '7702158955180', 'LIMPIADOR DE HORNOS Y PARRILLAS ASTRAL x 370 ML', 3, 1, '1', 'N/A', '12', 1, '2022-07-08 15:12:16', '2022-07-28 17:00:44'),(5, 'Z95LTK', '2660104', 'N/A', '7702158808141', 'LIMPIAPISOS LAVANDA ASTRAL x GALON', 3, 1, '1', 'N/A', '6', 1, '2022-07-08 15:12:16', '2022-07-28 17:00:44'),(6, 'DIXT8S', '2660200', 'N/A', '7702158808448', 'ELIMINADOR DE OLORES MASCOTAS SPRAY x 250 ML', 3, 1, '1', 'N/A', '7', 1, '2022-07-08 15:12:16', '2022-07-28 17:00:44'),(7, 'TMX458', '2660201', 'N/A', '7702158808455', 'LIMPIAPISOS MULTIUSOS MASCOTAS x 2000 ML', 3, 1, '1', 'N/A', '6', 1, '2022-07-08 15:12:16', '2022-07-28 17:00:44'),(8, 'AMW999', '2660202', 'N/A', '7702158808462', 'REMOVEDOR DE MANCHAS Y OLORES MASCOTAS SPRAY x 500ML', 3, 1, '1', 'N/A', '12', 1, '2022-07-08 15:12:16', '2022-07-28 17:00:44'),(9, '70SXEB', '2660300', 'N/A', '7702158850300', 'INSECTICIDA AEROSOL MATARASTREROS EXTERMIN 77020-8008 x 250 ML', 3, 1, '1', 'N/A', '12', 1, '2022-07-08 15:12:16', '2022-07-28 17:00:44'),(10, 'SMAJVQ', '2660301', 'N/A', '7702158850003', 'INSECTICIDA AEROSOL MATAVOLADORES EXTERMIN 77000-8008 x 250 ML', 3, 1, '1', 'N/A', '12', 1, '2022-07-08 15:12:16', '2022-07-28 17:00:44'),(11, 'JONVYB', '2660303', 'N/A', '7702158850201', 'INSECTICIDA AEROSOL MULTIPROPOSITO EXTERMIN 77010-8008 x 250 ML', 3, 1, '1', 'N/A', '12', 1, '2022-07-08 15:12:16', '2022-07-28 17:00:44'),(12, '4EZ27D', '2660305', 'N/A', '7702158956903', 'ACAROS Y PULGAS EXTERMIN PAG 360ML LLV 400 ML', 3, 1, '1', 'N/A', '12', 1, '2022-07-08 15:12:16', '2022-07-28 17:00:44'),(13, 'IJYVQI', '2660406', 'N/A', '7702158807120', 'AMBIENTADOR AEROSOL FRUTOS DEL BOSQUE  BRIZZE x 260ML', 3, 1, '1', 'N/A', '12', 1, '2022-07-08 15:12:16', '2022-07-28 17:00:44'),(14, 'KWSWO4', '2660408', 'N/A', '7702158807144', 'AMBIENTADOR AEROSOL MANZANA CANELA  BRIZZE x 260ML', 3, 1, '1', 'N/A', '12', 1, '2022-07-08 15:12:16', '2022-07-28 17:00:44'),(15, '2NOE4Z', '2660409', 'N/A', '7702158807243', 'AMBIENTADOR AEROSOL LAVANDA PRIMAVERAL  BRIZZE x 260ML', 3, 1, '1', 'N/A', '12', 1, '2022-07-08 15:12:16', '2022-07-28 17:00:45'),(16, 'EEXDXV', '2660410', 'N/A', '7702158808080', 'AMBIENTADOR EN AEROSOL COCO TROPICAL  BRIZZE x 260ML', 3, 1, '1', 'N/A', '12', 1, '2022-07-08 15:12:16', '2022-07-28 17:00:45'),(17, '7JA3FL', '2660412', 'N/A', '7702158807625', 'BLOQUEADOR DE OLORES SECRET POO EUCALIPTO x 14 ML', 3, 1, '1', 'N/A', '12', 1, '2022-07-08 15:12:16', '2022-07-28 17:00:45'),(18, 'X5J7BZ', '2660500', 'N/A', '7702158807304', 'PALITOS DE RATTAN FRUTOS DEL BOSQUE  BRIZZE x 40ML', 3, 1, '1', 'N/A', '12', 1, '2022-07-08 15:12:16', '2022-07-28 17:00:45'),(19, 'V32TCZ', '2660501', 'N/A', '7702158807311', 'PALITOS DE RATTAN DELICIAS DE VAINILLA  BRIZZE x 40ML', 3, 1, '1', 'N/A', '12', 1, '2022-07-08 15:12:16', '2022-07-28 17:00:45'),(20, 'BBTLUT', '2660502', 'N/A', '7702158956125', 'PALITOS DE RATTAN FRESCURA CITRICA  BRIZZE x 40ML', 3, 1, '1', 'N/A', '12', 1, '2022-07-08 15:12:16', '2022-07-28 17:00:45'),(21, 'OT403C', '2660600', 'N/A', '7702158956392', 'DESODORANTE AXILAS WOMEN KORPER x 150ML', 3, 1, '1', 'N/A', '12', 1, '2022-07-08 15:12:16', '2022-07-28 17:00:45'),(22, 'BVKD93', '2660601', 'N/A', '7702158956385', 'DESODORANTE AXILAS MEN KORPER x 150ML', 3, 1, '1', 'N/A', '12', 1, '2022-07-08 15:12:16', '2022-07-28 17:00:45'),(23, 'FHFXNK', '2660602', 'N/A', '7702158956323', 'SHAMPOO SECO KORPER x 190ML', 3, 1, '1', 'N/A', '12', 1, '2022-07-08 15:12:16', '2022-07-28 17:00:45'),(25, '47MFEN', 'N/A', 'N/A', '7802940049605', 'CUATRO ANDARES RESERVA CARMENERE', 1, 1, '1', 'SI', '6', 3, '2022-07-19 08:56:44', '2022-07-28 16:58:49'),(26, 'SQIL88', 'N/A', 'N/A', '7802940049599', 'CUATRO ANDARES RESERVA SYRAH', 1, 1, '1', 'SI', '6', 3, '2022-07-19 08:57:44', '2022-07-28 17:00:03'),(27, 'RIXHER', 'N/A', 'N/A', '7802940049612', 'CUATRO ANDARES RESERVA PINOT NOIR', 1, 1, '1', 'SI', '6', 3, '2022-07-19 09:06:06', '2022-07-28 17:00:19'),(28, 'QZPVUI', 'N/A', 'N/A', '7802940049582', 'CUATRO ANDARES RESERVA MERLOT', 1, 1, '1', 'SI', '6', 3, '2022-07-19 09:06:39', '2022-07-28 16:59:21'),(29, '19WPMN', 'N/A', 'N/A', '7802940049629', 'CUATRO ANDARES RESERVA CHARDONAY', 1, 1, '1', 'SI', '6', 3, '2022-07-19 09:19:18', '2022-07-28 17:00:30'),(30, 'A4HS7Q', 'N/A', 'N/A', '7802940049667', 'CUATRO ANDARES CARMENERE', 1, 1, '1', 'SI', '6', 3, '2022-07-19 09:22:55', '2022-07-28 16:58:02'),(31, 'CW89ED', 'N/A', 'N/A', '7802940049681', 'CUATRO ANDARES CHARDONAY', 1, 1, '1', 'SI', '6', 3, '2022-07-19 09:23:27', '2022-07-28 16:58:04'),(32, 'YDA7LM', 'N/A', 'N/A', '7802940049650', 'CUATRO ANDARES PINOT NOIR', 1, 1, '1', 'SI', '6', 3, '2022-07-19 09:24:30', '2022-07-28 16:58:06'),(33, '18YLW7', 'N/A', 'N/A', '7802940049636', 'CUATRO ANDARES SYRAH', 1, 1, '1', 'SI', '6', 3, '2022-07-19 09:25:04', '2022-07-28 16:58:08'),(34, 'GWVGG0', 'N/A', 'N/A', '7802940049674', 'CUATRO ANDARES ROSE', 1, 1, '1', 'SI', '6', 3, '2022-07-19 09:25:40', '2022-07-28 16:58:11'),(36, 'SQJ1K8', '20016108', 'N/A', '7702158956378', 'BRONCEADOR 6 SPF 190ML KORPER ', 2, 1, '1', 'N/A', '12', 1, '2022-08-19 09:30:51', '2022-08-19 09:30:51'),(37, 'OSC0ZG', '20016108', 'N/A', '7702158850478', 'EXTERMIN ACAROS Y PLUGA 250 ML', 3, 1, '1', 'N/A', '12', 1, '2022-08-19 09:47:18', '2022-08-19 09:47:18'),(38, 'PU3BIN', 'COVA-000058151', 'COAR-000049711', '49711', 'Acondicionador Konzil Seda Liquida Con Complejo Vita12 x24Dp  ', 2, 1, '1', 'N/A', '432', 11, '2022-08-20 12:07:32', '2022-08-20 13:54:56'),(39, 'DYEQVK', 'COVA-000090280', 'COAR-000081642', '7709490684617', 'Almendra Entera Vitad x16Un x200gr  ', 2, 1, '1', 'N/A', '16', 13, '2022-08-20 12:07:32', '2022-08-20 13:54:56'),(40, 'Y4CQMR', 'COVA-000017547', 'COAR-000008973', '7703588000679', 'Aperitivo La Feria Moscatel 12un x750ml  ', 1, 1, '1', 'N/A', '12', 8, '2022-08-20 12:07:32', '2022-08-20 13:54:56'),(41, 'YYED53', 'COVA-000017536', 'COAR-000008962', '7703588000174', 'Aperitivo No Vinico Cariñoso Aroma y Sabor A Manzanas Rose 1  ', 1, 1, '1', 'N/A', '12', 8, '2022-08-20 12:07:32', '2022-08-20 13:54:56'),(42, 'UHKCTC', 'COVA-000037572', 'COAR-000029326', '7703588000433', 'Aperitivo No Vinico Sangria Fiesta 12Un x750ml  ', 1, 1, '1', 'N/A', '12', 8, '2022-08-20 12:07:32', '2022-08-20 13:54:56'),(43, '48GBOR', 'COVA-000018813', 'COAR-000010061', '7702746030206', 'Aromatica Himalaya Albahaca Cx144/Ux20  ', 2, 1, '1', 'N/A', '144', 12, '2022-08-20 12:07:32', '2022-08-20 13:54:56'),(44, 'LLUW0I', 'COVA-000018806', 'COAR-000010054', '7702746030220', 'Aromatica Himalaya Canela Cx144/Ux20  ', 2, 1, '1', 'N/A', '144', 12, '2022-08-20 12:07:32', '2022-08-20 13:54:56'),(45, '2VRKQ2', 'COVA-000018807', 'COAR-000010055', '7702746030190', 'Aromatica Himalaya Cidron Cx144/Ux20  ', 2, 1, '1', 'N/A', '144', 12, '2022-08-20 12:07:32', '2022-08-20 13:54:56'),(46, 'WRU54H', 'COVA-000022286', 'COAR-000013345', '7702746036055', 'Aromática Himalaya con Sobre envoltura Flor de Jamaica Cx144  ', 2, 1, '1', 'N/A', '144', 12, '2022-08-20 12:07:32', '2022-08-20 13:54:56'),(47, 'Z8BYVX', 'COVA-000018814', 'COAR-000010062', '7702746036017', 'Aromatica Himalaya Con Sobreenvoltura Manzanilla, Miel Y Jen  ', 2, 1, '1', 'N/A', '144', 12, '2022-08-20 12:07:32', '2022-08-20 13:54:56'),(48, 'JE7B30', 'COVA-000026727', 'COAR-000018560', '7702746036031', 'Aromatica Himalaya con Sobreenvoltura Manzanilla, Miel y Jen  ', 2, 1, '1', 'N/A', '30', 12, '2022-08-20 12:07:32', '2022-08-20 13:54:56'),(49, 'E923NJ', 'COVA-000043826', 'COAR-000035496', '7702746036093', 'Aromatica Himalaya Con Sobreenvoltura Naranja Curcuma Cx144/  ', 2, 1, '1', 'N/A', '144', 12, '2022-08-20 12:07:32', '2022-08-20 13:54:56'),(50, 'GRRMW5', 'COVA-000022222', 'COAR-000013282', '7702746030312', 'Aromatica Himalaya Con Sobreenvoltura Surtida Cx144/Ux20  ', 2, 1, '1', 'N/A', '144', 12, '2022-08-20 12:07:32', '2022-08-20 13:54:56'),(51, 'OKT6US', 'COVA-000022228', 'COAR-000013288', '7702746120013', 'Aromatica Himalaya De Frutas Surtida Cx24/Ux12  ', 2, 1, '1', 'N/A', '24', 12, '2022-08-20 12:07:32', '2022-08-20 13:54:57'),(52, 'ZVM4VK', 'COVA-000018809', 'COAR-000010057', '7702746030152', 'Aromatica Himalaya Hierbabuena Cx144/Ux20  ', 2, 1, '1', 'N/A', '144', 12, '2022-08-20 12:07:32', '2022-08-20 13:54:57'),(53, 'LJ2JD9', 'COVA-000018810', 'COAR-000010058', '7702746030176', 'Aromatica Himalaya Limoncillo Cx144/Ux20  ', 2, 1, '1', 'N/A', '144', 12, '2022-08-20 12:07:32', '2022-08-20 13:54:57'),(54, 'C9FJR6', 'COVA-000018808', 'COAR-000010056', '7702746030169', 'Aromatica Himalaya Manzanilla Cx144/Ux20  ', 2, 1, '1', 'N/A', '144', 12, '2022-08-20 12:07:32', '2022-08-20 13:54:57'),(55, 'JQLKOQ', 'COVA-000022221', 'COAR-000013281', '7702746035300', 'Aromatica Himalaya Manzanilla Cx72/Ux50  ', 2, 1, '1', 'N/A', '72', 12, '2022-08-20 12:07:32', '2022-08-20 13:54:57'),(56, 'X5IL36', 'COVA-000028612', 'COAR-000020433', '7702746031777', 'Aromatica Himalaya Manzanilla Ristra Cx30/Ux20  ', 2, 1, '1', 'N/A', '30', 12, '2022-08-20 12:07:32', '2022-08-20 13:54:57'),(57, '805YBA', 'COVA-000027195', 'COAR-000019024', '7702746051201', 'Aromatica Himalaya Surtida Cx48/Ux20 Pague 2 Lleve 3  ', 2, 1, '1', 'N/A', '48', 12, '2022-08-20 12:07:32', '2022-08-20 13:54:57'),(58, 'ZEKE8Q', 'COVA-000018811', 'COAR-000010059', '7702746030183', 'Aromatica Himalaya Toronjil Cx144/Ux20  ', 2, 1, '1', 'N/A', '144', 12, '2022-08-20 12:07:32', '2022-08-20 13:54:57'),(59, '98YRVX', 'COVA-000055651', 'COAR-000047216', '7702231000011', 'Arroz Florhuila x25Un x500gr  ', 2, 1, '1', 'N/A', '25', 19, '2022-08-20 12:07:32', '2022-08-20 13:54:57'),(60, 'Y3DKXB', 'COVA-000055650', 'COAR-000047215', '7702552000097', 'Arroz Roa Fortiplus x25Un x500gr  ', 2, 1, '1', 'N/A', '25', 19, '2022-08-20 12:07:32', '2022-08-20 13:54:57'),(61, 'FE1LBO', 'COVA-000018039', 'COAR-000009351', '7700618020430', 'Atún Alamar Bocados Aceite 48un x140gr  ', 2, 1, '1', 'N/A', '48', 6, '2022-08-20 12:07:32', '2022-08-20 13:54:57'),(62, 'CF18BI', 'COVA-000018040', 'COAR-000009352', '7700618020423', 'Atún Alamar Bocados Agua 48un x140gr  ', 2, 1, '1', 'N/A', '48', 6, '2022-08-20 12:07:32', '2022-08-20 13:54:57'),(63, '1NT5VN', 'COVA-000040585', 'COAR-000032265', '32265', 'Atún Alamar Bocados en Aceite x24Dp x2Un x140gr  ', 2, 1, '1', 'N/A', '48', 6, '2022-08-20 12:07:32', '2022-08-20 13:54:57'),(64, 'PH08CO', 'COVA-000018862', 'COAR-000010109', '7700618020461', 'Atún Alamar Rallado Aceite 48un x150gr  ', 2, 1, '1', 'N/A', '48', 6, '2022-08-20 12:07:32', '2022-08-20 13:54:58'),(65, '10TSYV', 'COVA-000018861', 'COAR-000010108', '7700618020454', 'Atún Alamar Rallado Agua 48un x150gr  ', 2, 1, '1', 'N/A', '48', 6, '2022-08-20 12:07:32', '2022-08-20 13:54:58'),(66, '0S41B1', 'COVA-000086894', 'COAR-000078276', '78276', 'Atún Isabel En Aceite Girasol x24Dp x2 Latas x142gr C/U Acite ', 2, 1, '1', 'N/A', '48', 6, '2022-08-20 12:07:32', '2022-08-20 13:54:58'),(67, 'LXCD8N', 'COVA-000086895', 'COAR-000078277', '78277', 'Atún Isabel En Agua x24Dp x2 Latas x142gr C/U Agua ', 2, 1, '1', 'N/A', '48', 6, '2022-08-20 12:07:32', '2022-08-20 13:54:58'),(68, '91IMA3', 'COVA-000014610', 'COAR-000006904', '8410111009472', 'Atun Isabel Lomos 48un x160gr Lomos Agua', 2, 1, '1', 'N/A', '48', 6, '2022-08-20 12:07:32', '2022-08-20 13:54:58'),(69, '1KM7TK', 'COVA-000001166', 'COAR-000000737', '8410111004460', 'Atún Isabel Lomos 48un x170gr Aceite Sanduchero', 2, 1, '1', 'N/A', '48', 6, '2022-08-20 12:07:32', '2022-08-20 13:54:58'),(70, 'LNAED4', 'COVA-000015207', 'COAR-000007285', '8410111009441', 'Atún Isabel Lomos Aceite 48un x142gr Girasol ', 2, 1, '1', 'N/A', '48', 6, '2022-08-20 12:07:32', '2022-08-20 13:54:58'),(71, 'VW70YN', 'COVA-000015338', 'COAR-000007286', '8410111009465', 'Atún Isabel Lomos Agua 48un x142gr  ', 2, 1, '1', 'N/A', '48', 6, '2022-08-20 12:07:32', '2022-08-20 13:54:58'),(72, 'M5R2O5', 'COVA-000001157', 'COAR-000000730', '730', 'Atún Isabel Pack 20dp x3un x80gr Aceite de Oliva ', 2, 1, '1', 'N/A', '60', 6, '2022-08-20 12:07:32', '2022-08-20 13:54:58'),(73, 'RDMWJ9', 'COVA-000038215', 'COAR-000029967', '7707007200459', 'Azucar Mayagüez Blanco Especial 25Un x1000gr Blanco Especial ', 2, 1, '1', 'N/A', '25', 16, '2022-08-20 12:07:32', '2022-08-20 13:54:58'),(74, 'EWGB6J', 'COVA-000072420', 'COAR-000063834', '7707007214951', 'Azucar Mayagüez Blanco Especial x24Un x1000gr Blanco Especial ', 2, 1, '1', 'N/A', '24', 16, '2022-08-20 12:07:32', '2022-08-20 13:54:58'),(75, '6IBM9X', 'COVA-000039738', 'COAR-000031485', '31485', 'Bailey-s Mini Tripack 32Dp x3Un x100ml C/U  ', 0, 1, '1', 'N/A', '96', 7, '2022-08-20 12:07:32', '2022-08-20 13:54:58'),(76, '2DU7W0', 'COVA-000029535', 'COAR-000021355', 'COVA000029535', 'Bandeja Excellence Tablt Tray  Lindt', 2, 1, '1', 'N/A', '1', 17, '2022-08-20 12:07:32', '2022-08-20 13:54:58'),(77, 'P0MSR8', 'COVA-000012897', 'COAR-000005432', '7466762939041', 'Barquillo Pirulin Bolsa 12dp x24un x24gr Relleno Chocolate y Avellanas', 2, 1, '1', 'N/A', '288', 23, '2022-08-20 12:07:32', '2022-08-20 13:54:58'),(78, '8AZ7QM', 'COVA-000010550', 'COAR-000004509', '7466762939010', 'Barquillo Pirulin Tarro 24un x155gr Relleno Chocolate y Avellanas', 2, 1, '1', 'N/A', '24', 23, '2022-08-20 12:07:32', '2022-08-20 13:54:59'),(79, 'VPYI6F', 'COVA-000010547', 'COAR-000004508', '7591675010508', 'Barquillo Pirulin Tarro 24un x300gr Relleno Chocolate y Avellanas', 2, 1, '1', 'N/A', '24', 23, '2022-08-20 12:07:32', '2022-08-20 13:54:59'),(80, '2YX4GK', 'COVA-000018828', 'COAR-000010076', '10076', 'Barquillo Sachet 24dp x6un x24gr  ', 2, 1, '1', 'N/A', '144', 23, '2022-08-20 12:07:32', '2022-08-20 13:54:59'),(81, 'DG9APW', 'COVA-000026114', 'COAR-000017987', '7702436482087', 'Boligrafo Bic Cristal Dura + x50un x12 Boligrafos Azul ', 2, 1, '1', 'N/A', '50', 2, '2022-08-20 12:07:32', '2022-08-20 13:54:59'),(82, 'KJ10TI', 'COVA-000031606', 'COAR-000023416', '7501014511016', 'Boligrafo Bic Cristal Dura Azul + x36Un x12 Boligrafos Azul ', 2, 1, '1', 'N/A', '36', 2, '2022-08-20 12:07:32', '2022-08-20 13:54:59'),(83, 'KCWG2J', 'COVA-000031605', 'COAR-000023415', '7501014511023', 'Boligrafo Bic Cristal Dura Negro + x36Un x12 Boligrafos Negro ', 2, 1, '1', 'N/A', '36', 2, '2022-08-20 12:07:32', '2022-08-20 13:54:59'),(84, 'EY7UMF', 'COVA-000051151', 'COAR-000042763', '070330911130', 'Boligrafo Bic Cristal Fashion x18un x12 Boligrafos Morado ', 2, 1, '1', 'N/A', '18', 2, '2022-08-20 12:07:32', '2022-08-20 13:54:59'),(85, '64IGKC', 'COVA-000051152', 'COAR-000042763', '070330911154', 'Boligrafo Bic Cristal Fashion x18un x12 Boligrafos Rosa ', 2, 1, '1', 'N/A', '18', 2, '2022-08-20 12:07:32', '2022-08-20 13:54:59'),(86, 'XS9WND', 'COVA-000051153', 'COAR-000042763', '070330189157', 'Boligrafo Bic Cristal Fashion x18un x12 Boligrafos Turquesa ', 2, 1, '1', 'N/A', '18', 2, '2022-08-20 12:07:32', '2022-08-20 13:54:59'),(87, 'G4GQL2', 'COVA-000026115', 'COAR-000017988', '070330429741', 'Boligrafo Bic Cristal Fashion x36un x12 Boligrafos Surtido ', 2, 1, '1', 'N/A', '36', 2, '2022-08-20 12:07:32', '2022-08-20 13:54:59'),(88, 'V057KL', 'COVA-000026117', 'COAR-000017990', '070330179295', 'Boligrafo Bic Ecoclic x18un x12 Boligrafos Negro ', 2, 1, '1', 'N/A', '18', 2, '2022-08-20 12:07:32', '2022-08-20 13:54:59'),(89, '6HLSRO', 'COVA-000026116', 'COAR-000017989', '070330198920', 'Boligrafo Bic Precision Y Suavidad  x18un x12 Boligrafos +1 Negro ', 2, 1, '1', 'N/A', '18', 2, '2022-08-20 12:07:32', '2022-08-20 13:54:59'),(90, 'UT1IDW', 'COVA-000048490', 'COAR-000040140', '8719514254435', 'Bombillo Led Bulb 18W-E27 6500K x6Un  ', 2, 1, '1', 'N/A', '6', 22, '2022-08-20 12:07:32', '2022-08-20 13:54:59'),(91, 'JRV3W7', 'COVA-000067236', 'COAR-000058702', '8719514254459', 'Bombillo Led Bulb 22W-E27 6500K W A25 x6Un  ', 2, 1, '1', 'N/A', '6', 22, '2022-08-20 12:07:32', '2022-08-20 13:54:59'),(92, 'YW8612', 'COVA-000038277', 'COAR-000030029', '30029', 'Bombillo Led Ecohome 10W Packx2 Luz Blanca x6Dp x2Un LED ', 2, 1, '1', 'N/A', '12', 22, '2022-08-20 12:07:32', '2022-08-20 13:55:00'),(93, 'TK1Q1F', 'COVA-000038278', 'COAR-000030030', '30030', 'Bombillo Led Ecohome 12W Packx2 Luz Blanca x6Dp x2Un LED ', 2, 1, '1', 'N/A', '12', 22, '2022-08-20 12:07:32', '2022-08-20 13:55:00'),(94, 'UP7X3R', 'COVA-000038276', 'COAR-000030028', '8718699731724', 'Bombillo Led EcoHome 14W Luz Blanca x12Un LED ', 2, 1, '1', 'N/A', '12', 22, '2022-08-20 12:07:32', '2022-08-20 13:55:00'),(95, 'MK0UUK', 'COVA-000038272', 'COAR-000030024', '8718699765439', 'Bombillo Led EcoHome 6W Luz Blanca x12Un LED ', 2, 1, '1', 'N/A', '12', 22, '2022-08-20 12:07:32', '2022-08-20 13:55:00'),(96, 'KJN8HW', 'COVA-000038273', 'COAR-000030025', '8718699765453', 'Bombillo Led EcoHome 8W Luz Blanca x12Un LED ', 2, 1, '1', 'N/A', '12', 22, '2022-08-20 12:07:32', '2022-08-20 13:55:00'),(97, '9ZRHLS', 'COVA-000048491', 'COAR-000040141', '8718699780432', 'Bombillo Led TForce Core HB 30W-E27 865 x6Un  ', 2, 1, '1', 'N/A', '6', 22, '2022-08-20 12:07:32', '2022-08-20 13:55:00'),(98, 'RTODSK', 'COVA-000072444', 'COAR-000063858', '7701362003984', 'Café Juan Valdez Colina Doypack Surtido x9Un x300gr  ', 2, 1, '1', 'N/A', '9', 21, '2022-08-20 12:07:32', '2022-08-20 13:55:00'),(99, '9H13AX', 'COVA-000055746', 'COAR-000047311', '7701362015956', 'Café Juan Valdez Colina Tostado Molido x16Un x454gr Colina ', 2, 1, '1', 'N/A', '16', 21, '2022-08-20 12:07:32', '2022-08-20 13:55:00'),(100, 'Z20GQT', 'COVA-000055747', 'COAR-000047312', '7707284458406', 'Café Juan Valdez Cumbre Tostado Molido x16Un x454gr Cumbre ', 2, 1, '1', 'N/A', '16', 21, '2022-08-20 12:07:32', '2022-08-20 13:55:00'),(101, 'WJE7OB', 'COVA-000069817', 'COAR-000061241', '7707280888948', 'Café Juan Valdez Grano Finca Utz x16Un x500gr Tostado ', 2, 1, '1', 'N/A', '16', 21, '2022-08-20 12:07:32', '2022-08-20 13:55:00'),(102, 'ZTEMBV', 'COVA-000032652', 'COAR-000024461', '7701362014904', 'Café Juan Valdez Instantáneo Liofilizado Avellana 12Un x95gr SOLUBLE ', 2, 1, '1', 'N/A', '12', 21, '2022-08-20 12:07:32', '2022-08-20 13:55:00'),(103, 'PBZMNJ', 'COVA-000032649', 'COAR-000024458', '7707211631865', 'Café Juan Valdez Instantáneo Liofilizado Chocolate 12Un x95g SOLUBLE ', 2, 1, '1', 'N/A', '12', 21, '2022-08-20 12:07:32', '2022-08-20 13:55:00'),(104, 'R0V49A', 'COVA-000032648', 'COAR-000024457', '7707211631612', 'Café Juan Valdez Instantáneo Liofilizado Decaf 12Un x95gr SOLUBLE ', 2, 1, '1', 'N/A', '12', 21, '2022-08-20 12:07:32', '2022-08-20 13:55:00'),(105, '1ZMDLJ', 'COVA-000032651', 'COAR-000024460', '7701362014881', 'Café Juan Valdez Instantáneo Liofilizado Dulce de leche 12Un SOLUBLE ', 2, 1, '1', 'N/A', '12', 21, '2022-08-20 12:07:32', '2022-08-20 13:55:00'),(106, 'OYGIMS', 'COVA-000032650', 'COAR-000024459', '7707211632169', 'Café Juan Valdez Instantáneo Liofilizado Vanicanela 12Un x95 SOLUBLE ', 2, 1, '1', 'N/A', '12', 21, '2022-08-20 12:07:32', '2022-08-20 13:55:00'),(107, 'IIK7AX', 'COVA-000083764', 'COAR-000075153', '7707280881109', 'Café Juan Valdez Ladera Tostado Molido Sachet x64Un x70gr  ', 2, 1, '1', 'N/A', '64', 21, '2022-08-20 12:07:32', '2022-08-20 13:55:00'),(108, 'BNNHUF', 'COVA-000049416', 'COAR-000041042', '7701362007777', 'Café Juan Valdez Ladera Tostado Molido x16Dp x12Un x30gr  ', 2, 1, '1', 'N/A', '192', 21, '2022-08-20 12:07:32', '2022-08-20 13:55:00'),(109, '6ZFXB5', 'COVA-000083381', 'COAR-000074770', '7707211631964', 'Café Juan Valdez Liofilizado Clasico Doypack x6Un x250gr  ', 2, 1, '1', 'N/A', '6', 21, '2022-08-20 12:07:32', '2022-08-20 13:55:00'),(110, '44RL38', 'COVA-000094706', 'COAR-000086058', '7707211635979', 'Cafe Juan Valdez Liofilizado Clásico Lata x12Un x190gr  ', 2, 1, '1', 'N/A', '12', 21, '2022-08-20 12:07:32', '2022-08-20 13:55:00'),(111, '9FLMY8', 'COVA-000094708', 'COAR-000086060', '7707280889976', 'Café Juan Valdez Liofilizado Clásico x12Un x50gr  ', 2, 1, '1', 'N/A', '12', 21, '2022-08-20 12:07:32', '2022-08-20 13:55:00'),(112, 'P5RRD3', 'COVA-000094705', 'COAR-000086057', '7701362000136', 'Café Juan Valdez Liofilizado Clásico x12Un x95gr  ', 2, 1, '1', 'N/A', '12', 21, '2022-08-20 12:07:32', '2022-08-20 13:55:01'),(113, 'S5M8SX', 'COVA-000092091', 'COAR-000083452', '7707211635689', 'Café Juan Valdez Liofilizado Plegadiza Sticks  x12Dp x100Un   ', 2, 1, '1', 'N/A', '1200', 21, '2022-08-20 12:07:32', '2022-08-20 13:55:01'),(114, 'JZVB2Z', 'COVA-000049415', 'COAR-000041041', '7707211635863', 'Café Juan Valdez Liofilizado Plegladiza x42Un x30 Sobres x1,  ', 2, 1, '1', 'N/A', '42', 21, '2022-08-20 12:07:32', '2022-08-20 13:55:01'),(115, 'HSZW8U', 'COVA-000049414', 'COAR-000041040', '7707211638277', 'Café Juan Valdez Liofilizado Ristra x14Dp x10Un x10gr  ', 2, 1, '1', 'N/A', '140', 21, '2022-08-20 12:07:32', '2022-08-20 13:55:01'),(116, '2HX7R9', 'COVA-000032639', 'COAR-000024448', '7707280880287', 'Café Juan Valdez Molido Colina 12Un x250gr T&M ', 2, 1, '1', 'N/A', '12', 21, '2022-08-20 12:07:32', '2022-08-20 13:55:01'),(117, 'AQZIR5', 'COVA-000032641', 'COAR-000024450', '7707280883783', 'Café Juan Valdez Molido Colina 12Un x340gr T&M ', 2, 1, '1', 'N/A', '12', 21, '2022-08-20 12:07:32', '2022-08-20 13:55:01'),(118, '2M3J7L', 'COVA-000032644', 'COAR-000024453', '7707280883806', 'Café Juan Valdez Molido Cumbre Descafeinado 12Un x340gr T&M ', 2, 1, '1', 'N/A', '12', 21, '2022-08-20 12:07:32', '2022-08-20 13:55:01'),(119, 'F1PGUH', 'COVA-000032640', 'COAR-000024449', '7707280880218', 'Café Juan Valdez Molido Cumbre12Un x250gr T&M ', 2, 1, '1', 'N/A', '12', 21, '2022-08-20 12:07:32', '2022-08-20 13:55:01'),(120, 'O6F6A3', 'COVA-000032642', 'COAR-000024451', '7707280883790', 'Café Juan Valdez Molido Cumbre12Un x340gr T&M ', 2, 1, '1', 'N/A', '12', 21, '2022-08-20 12:07:32', '2022-08-20 13:55:01'),(121, '5T4VBU', 'COVA-000035473', 'COAR-000027271', '7701362002956', 'Café Juan Valdez Molido Huila 12Un x283gr T&M ', 2, 1, '1', 'N/A', '12', 21, '2022-08-20 12:07:32', '2022-08-20 13:55:01'),(122, 'JQFM6H', 'COVA-000035472', 'COAR-000027270', '7707280886029', 'Café Juan Valdez Molido Organico 12Un x283gr T&M ', 2, 1, '1', 'N/A', '12', 21, '2022-08-20 12:07:32', '2022-08-20 13:55:01'),(123, '2FXXNU', 'COVA-000069819', 'COAR-000061243', '7701362008729', 'Café Juan Valdez Molido Sierra Nevada x12Un x283gr Tostado ', 2, 1, '1', 'N/A', '12', 21, '2022-08-20 12:07:32', '2022-08-20 13:55:01'),(124, 'H3F34O', 'COVA-000069820', 'COAR-000061244', '7707280880256', 'Café Juan Valdez Molido Volcan x12Un x250gr Tostado ', 2, 1, '1', 'N/A', '12', 21, '2022-08-20 12:07:32', '2022-08-20 13:55:01'),(125, 'RF44JX', 'COVA-000032643', 'COAR-000024452', '7707280883868', 'Café Juan Valdez Molido Volcan12Un x340gr T&M ', 2, 1, '1', 'N/A', '12', 21, '2022-08-20 12:07:32', '2022-08-20 13:55:01'),(126, '2HJRL6', 'COVA-000107672', 'COAR-000098988', '7701362006046', 'Café Juan Valdez Montaña Sachet x64Un x70gr  ', 2, 1, '1', 'N/A', '64', 21, '2022-08-20 12:07:32', '2022-08-20 13:55:01'),(127, 'X6LUVV', 'COVA-000055840', 'COAR-000047404', 'COVA000055840', 'Cenefa Copa America Black & White  Diageo', 2, 1, '1', 'N/A', '1', 7, '2022-08-20 12:07:32', '2022-08-20 13:55:01'),(128, 'ORVNS7', 'COVA-000012814', 'COAR-000005399', '7509546074122', 'Cepillo Dental Colgate Kids 48un Extra Suave 5+ años', 2, 1, '1', 'N/A', '48', 5, '2022-08-20 12:07:32', '2022-08-20 13:55:01'),(129, '0MN7Q1', 'COVA-000011905', 'COAR-000004943', '7509546015040', 'Cepillo Dental Colgate Premier Clean 144un Medio ', 2, 1, '1', 'N/A', '144', 5, '2022-08-20 12:07:32', '2022-08-20 13:55:01'),(130, 'EINNI0', 'COVA-000015514', 'COAR-000004947', '7702010631191', 'Cepillo Dental Colgate Triple Acción 12un Medio 1 pza', 2, 1, '1', 'N/A', '12', 5, '2022-08-20 12:07:32', '2022-08-20 13:55:01'),(131, '633NTT', 'COVA-000040393', 'COAR-000032073', '7702103618566', 'Cereal Froot Loops Jumbo 18Un x340gr  ', 2, 1, '1', 'N/A', '18', 15, '2022-08-20 12:07:32', '2022-08-20 13:55:02'),(132, 'QOUPW8', 'COVA-000010921', 'COAR-000004640', '7702103019165', 'Cereal Kellogg All Bran 14un x400gr Original ', 2, 1, '1', 'N/A', '14', 15, '2022-08-20 12:07:32', '2022-08-20 13:55:02'),(133, 'PGFADE', 'COVA-000055826', 'COAR-000047390', '7501008005231', 'Cereal Kellogg Barra Mega Rice Krispies Treats x32Un x37gr  ', 2, 1, '1', 'N/A', '32', 15, '2022-08-20 12:07:32', '2022-08-20 13:55:02'),(134, '0YB5RV', 'COVA-000067267', 'COAR-000058730', '7702103797674', 'Cereal Kellogg Choco Copos Mega x54Un x120gr  ', 2, 1, '1', 'N/A', '54', 15, '2022-08-20 12:07:32', '2022-08-20 13:55:02'),(135, 'SI3XPR', 'COVA-000067268', 'COAR-000058731', '7702103514691', 'Cereal Kellogg Choco Copos x24Un x310gr  ', 2, 1, '1', 'N/A', '24', 15, '2022-08-20 12:07:32', '2022-08-20 13:55:02'),(136, 'LRNTWY', 'COVA-000067269', 'COAR-000058732', '7702103236807', 'Cereal Kellogg Choco Copos x24Un x510gr  ', 2, 1, '1', 'N/A', '24', 15, '2022-08-20 12:07:32', '2022-08-20 13:55:02'),(137, 'MKSXK3', 'COVA-000001610', 'COAR-000001009', '7702103038074', 'Cereal Kellogg Choco Krispis 18un x700gr  ', 2, 1, '1', 'N/A', '18', 15, '2022-08-20 12:07:32', '2022-08-20 13:55:02'),(138, '885OCO', 'COVA-000011190', 'COAR-000004732', '7702103002396', 'Cereal Kellogg Choco Krispis 24un x295gr  ', 2, 1, '1', 'N/A', '24', 15, '2022-08-20 12:07:32', '2022-08-20 13:55:02'),(139, 'TGCUYR', 'COVA-000055829', 'COAR-000047393', '7702103774163', 'Cereal Kellogg Choco Krispis Bolsa x24Un x410gr  ', 2, 1, '1', 'N/A', '24', 15, '2022-08-20 12:07:32', '2022-08-20 13:55:02'),(140, 'INX918', 'COVA-000022760', 'COAR-000013803', '7702103999559', 'Cereal Kellogg Choco Krispis Megapaketicos 36un x190gr  ', 2, 1, '1', 'N/A', '36', 15, '2022-08-20 12:07:32', '2022-08-20 13:55:02'),(141, 'IYQO4V', 'COVA-000082923', 'COAR-000074312', '7702103807649', 'Cereal Kellogg Choco Krispis Megapaketicos x54Un x115gr  ', 2, 1, '1', 'N/A', '54', 15, '2022-08-20 12:07:32', '2022-08-20 13:55:02'),(142, 'QR4PYC', 'COVA-000046446', 'COAR-000038106', '7702103245397', 'Cereal Kellogg Choco Krispis Megapaketicos x54Un x120gr  ', 2, 1, '1', 'N/A', '54', 15, '2022-08-20 12:07:32', '2022-08-20 13:55:02'),(143, 'KB91BE', 'COVA-000046444', 'COAR-000038104', '7702103843364', 'Cereal Kellogg Choco Krispis Paketicos x30Dp x8Un x30gr  ', 2, 1, '1', 'N/A', '240', 15, '2022-08-20 12:07:32', '2022-08-23 14:37:03'),(144, 'L1HB0B', 'COVA-000098360', 'COAR-000089712', '7702103345165', 'Cereal Kellogg Choco Krispis Pillows x12Un x350gr  ', 2, 1, '1', 'N/A', '12', 15, '2022-08-20 12:07:32', '2022-08-20 13:55:02'),(145, '4EOE2I', 'COVA-000098359', 'COAR-000089711', '7702103832795', 'Cereal Kellogg Choco Krispis Pillows x60Un x100gr  ', 2, 1, '1', 'N/A', '60', 15, '2022-08-20 12:07:32', '2022-08-20 13:55:03'),(146, 'DX07TT', 'COVA-000067272', 'COAR-000058735', '7702103531797', 'Cereal Kellogg Churros De Canela x24Un x260gr Canela ', 2, 1, '1', 'N/A', '24', 15, '2022-08-20 12:07:32', '2022-08-20 13:55:03'),(147, 'ANQDWS', 'COVA-000001578', 'COAR-000000985', '7591057001070', 'Cereal Kellogg Corn Flakes 18un x500gr  ', 2, 1, '1', 'N/A', '18', 15, '2022-08-20 12:07:32', '2022-08-20 13:55:03'),(148, '4WHZFV', 'COVA-000001579', 'COAR-000000986', '7591057001025', 'Cereal Kellogg Corn Flakes 24un x200gr  ', 2, 1, '1', 'N/A', '24', 15, '2022-08-20 12:07:32', '2022-08-20 13:55:03'),(149, '4C1OCT', 'COVA-000001580', 'COAR-000000987', '7591057001056', 'Cereal Kellogg Corn Flakes 24un x350gr  ', 2, 1, '1', 'N/A', '24', 15, '2022-08-20 12:07:32', '2022-08-20 13:55:03'),(150, 'COGU55', 'COVA-000011196', 'COAR-000004736', '7702103002433', 'Cereal Kellogg Froot Loops 24un x210gr  ', 2, 1, '1', 'N/A', '24', 15, '2022-08-20 12:07:32', '2022-08-20 13:55:03'),(151, 'JMQ5BG', 'COVA-000011318', 'COAR-000004793', '7702103002440', 'Cereal Kellogg Froot Loops 24un x315gr  ', 2, 1, '1', 'N/A', '24', 15, '2022-08-20 12:07:32', '2022-08-20 13:55:03'),(152, '12WBKV', 'COVA-000082924', 'COAR-000074313', '7702103833709', 'Cereal Kellogg Froot Loops Megapaketicos x54Un x90gr  ', 2, 1, '1', 'N/A', '54', 15, '2022-08-20 12:07:32', '2022-08-20 13:55:03'),(153, 'BSX4ZP', 'COVA-000048555', 'COAR-000040205', '7702103260963', 'Cereal Kellogg Froot Loops Paketicos x30Dp x8Un x25gr  ', 2, 1, '1', 'N/A', '240', 15, '2022-08-20 12:07:32', '2022-08-23 14:37:24'),(154, 'FC6V8N', 'COVA-000100050', 'COAR-000091399', '7702103808264', 'Cereal Kellogg Hersheys Cookies y Cream Megapaketicos x54Un   ', 2, 1, '1', 'N/A', '54', 15, '2022-08-20 12:07:32', '2022-08-20 13:55:04'),(155, '1WJ3AV', 'COVA-000056085', 'COAR-000047649', '7702103554635', 'Cereal Kellogg Hersheys Megapaketicos x54Un x80gr  ', 2, 1, '1', 'N/A', '54', 15, '2022-08-20 12:07:32', '2022-08-20 13:55:04'),(156, '2NINH2', 'COVA-000056084', 'COAR-000047648', '7702103739483', 'Cereal Kellogg Hersheys x24Un x310gr  ', 2, 1, '1', 'N/A', '24', 15, '2022-08-20 12:07:32', '2022-08-20 13:55:04'),(157, 'YGTH57', 'COVA-000004894', 'COAR-000002795', '7702103002174', 'Cereal Kellogg Musli 14un x300gr Cosecha Roja ', 2, 1, '1', 'N/A', '14', 15, '2022-08-20 12:07:32', '2022-08-20 13:55:04'),(158, 'UBKAUG', 'COVA-000016472', 'COAR-000008152', '7501008003770', 'Cereal Kellogg Special K 24un x340gr Antioxidante ', 2, 1, '1', 'N/A', '24', 15, '2022-08-20 12:07:32', '2022-08-20 13:55:04'),(159, 'PNPC3U', 'COVA-000001626', 'COAR-000001024', '7702103015075', 'Cereal Kellogg Zucaritas 18un x730gr  ', 2, 1, '1', 'N/A', '18', 15, '2022-08-20 12:07:32', '2022-08-20 13:55:04'),(160, 'U54DTZ', 'COVA-000051406', 'COAR-000043016', '7702103536952', 'Cereal Kellogg Zucaritas Arequipe x24Un x480gr Arequipe ', 2, 1, '1', 'N/A', '24', 15, '2022-08-20 12:07:32', '2022-08-20 13:55:04'),(161, 'A5JLBE', 'COVA-000051407', 'COAR-000043017', '7702103628183', 'Cereal Kellogg Zucaritas Arequipe x30Dp x8Un x30gr Arequipe ', 2, 1, '1', 'N/A', '240', 15, '2022-08-20 12:07:32', '2022-08-23 14:42:25'),(162, '4JEMSV', 'COVA-000011182', 'COAR-000004727', '7702103002457', 'Cereal Kellogg Zucaritas Bolsa 24un x300gr  ', 2, 1, '1', 'N/A', '24', 15, '2022-08-20 12:07:32', '2022-08-20 13:55:04'),(163, 'FB5VJV', 'COVA-000087007', 'COAR-000078389', '7702103807823', 'Cereal Kellogg Zucaritas Bolsa x24Un x275gr  ', 2, 1, '1', 'N/A', '24', 15, '2022-08-20 12:07:32', '2022-08-20 13:55:04'),(164, 'I5M8K4', 'COVA-000055828', 'COAR-000047392', '7702103954862', 'Cereal Kellogg Zucaritas Bolsa x24Un x410gr  ', 2, 1, '1', 'N/A', '24', 15, '2022-08-20 12:07:32', '2022-08-20 13:55:04'),(165, 'PB25TF', 'COVA-000022761', 'COAR-000013804', '7702103280183', 'Cereal Kellogg Zucaritas Megapaketicos 36un x190gr  ', 2, 1, '1', 'N/A', '36', 15, '2022-08-20 12:07:32', '2022-08-20 13:55:04'),(166, 'RX15WK', 'COVA-000082922', 'COAR-000074311', '7702103921833', 'Cereal Kellogg Zucaritas Megapaketicos x54Un x115gr  ', 2, 1, '1', 'N/A', '54', 15, '2022-08-20 12:07:32', '2022-08-20 13:55:05'),(167, 'ZN2LJ5', 'COVA-000046445', 'COAR-000038105', '7702103359230', 'Cereal Kellogg Zucaritas Paketicos x30Dp x8Un x30gr  ', 2, 1, '1', 'N/A', '240', 15, '2022-08-20 12:07:32', '2022-08-23 14:37:50'),(168, 'QAH58Q', 'COVA-000087009', 'COAR-000078391', '7702103911292', 'Cereal Kellogg Zucaritas x18Un x680gr  ', 2, 1, '1', 'N/A', '18', 15, '2022-08-20 12:07:32', '2022-08-20 13:55:05'),(169, 'P54OFB', 'COVA-000039752', 'COAR-000031499', '7702090052503', 'Cerveza Andina Light Lata SixPack 4Dp x6Un x330ml  ', 2, 1, '1', 'N/A', '24', 10, '2022-08-20 12:07:32', '2022-08-20 13:55:05'),(170, 'NP1KCM', 'COVA-000020441', 'COAR-000011607', '8008440249425', 'Cerveza Asahi Super Dry X 24botellas X330ml  ', 1, 1, '1', 'N/A', '24', 4, '2022-08-20 12:07:32', '2022-08-20 13:55:05'),(171, 'TVZK3A', 'COVA-000019033', 'COAR-000010265', '083741330018', 'Cerveza Grolsch Premium Lager 4dp X6 botellas X330ml  ', 1, 1, '1', 'N/A', '24', 4, '2022-08-20 12:07:32', '2022-08-20 13:55:05'),(172, 'ZK2XMX', 'COVA-000019035', 'COAR-000010267', '8716700015986', 'Cerveza Grolsch Premium Lager 6dp X4 botellas X450ml  ', 1, 1, '1', 'N/A', '24', 4, '2022-08-20 12:07:32', '2022-08-22 16:27:31'),(173, '51ZW2A', 'COVA-000039751', 'COAR-000031498', '7702090052039', 'Cerveza Heineken Lata SixPack 4Dp x6Un x269ml  ', 1, 1, '1', 'N/A', '24', 10, '2022-08-20 12:07:32', '2022-08-20 13:55:05'),(174, 'UCWVTN', 'COVA-000039750', 'COAR-000031497', '7702090052015', 'Cerveza Heineken Lata SixPack 4Dp x6Un x330ml  ', 1, 1, '1', 'N/A', '24', 10, '2022-08-20 12:07:32', '2022-08-20 13:55:05'),(175, '2EFDFK', 'COVA-000019038', 'COAR-000010270', '10270', 'Cerveza Peroni Nastro Azzurro Italiana 4dp X6 botellas x330m  ', 1, 1, '1', 'N/A', '24', 4, '2022-08-20 12:07:32', '2022-08-20 13:55:05'),(176, 'YFF13V', 'COVA-000046003', 'COAR-000037667', '75001629', 'Cerveza Sol Botella x4Dp x6Un x355ml  ', 1, 1, '1', 'N/A', '24', 10, '2022-08-20 12:07:32', '2022-08-20 13:55:05'),(177, 'N4VGF6', 'COVA-000081228', 'COAR-000072619', '72619', 'Cerveza Sol Lata x4Dp x6 Latas x269ml  ', 1, 1, '1', 'N/A', '24', 10, '2022-08-20 12:07:32', '2022-08-20 13:55:05'),(178, '38ZVQ2', 'COVA-000055841', 'COAR-000047405', 'COVA000055841', 'Chispa Copa America Black & White  Diageo', 2, 1, '1', 'N/A', '1', 7, '2022-08-20 12:07:32', '2022-08-20 13:55:05'),(179, '3MLQPG', 'COVA-000018057', 'COAR-000009364', 'COVA000018057', 'Cinta Moño Lindt Rojo Lindt', 2, 1, '1', 'N/A', '1', 17, '2022-08-20 12:07:32', '2022-08-20 13:55:05'),(180, 'TUOCMU', 'COVA-000081947', 'COAR-000073336', '7891962050713', 'Cookies Bauducco Chocolate x12Dp x12Un x40gr  ', 2, 1, '1', 'N/A', '144', 20, '2022-08-20 12:07:32', '2022-08-20 13:55:05'),(181, 'G5CEFI', 'COVA-000081949', 'COAR-000073338', '7891962054490', 'Cookies Bauducco Chocolate x40Un x100gr  ', 2, 1, '1', 'N/A', '40', 20, '2022-08-20 12:07:32', '2022-08-20 13:55:05'),(182, '7BQ1DM', 'COVA-000081950', 'COAR-000073339', '7891962054506', 'Cookies Bauducco Maxi Chocolate x40Un x96gr  ', 2, 1, '1', 'N/A', '40', 20, '2022-08-20 12:07:32', '2022-08-20 13:55:05'),(183, '23ALYV', 'COVA-000081946', 'COAR-000073335', '7891962050706', 'Cookies Bauducco Original x12Dp x12Un x40gr  ', 2, 1, '1', 'N/A', '144', 20, '2022-08-20 12:07:32', '2022-08-20 13:55:06'),(184, 'S2Z5MO', 'COVA-000081948', 'COAR-000073337', '7891962054483', 'Cookies Bauducco Original x40Un x100gr  ', 2, 1, '1', 'N/A', '40', 20, '2022-08-20 12:07:32', '2022-08-20 13:55:06'),(185, 'CHOXPM', 'COVA-000032581', 'COAR-000024391', '7501057006432', 'Crema Corporal Lubriderm Piel Normal 12Un x400gr  ', 2, 1, '1', 'N/A', '12', 14, '2022-08-20 12:07:32', '2022-08-20 13:55:06'),(186, '5M7FGH', 'COVA-000018827', 'COAR-000010075', '7466762939904', 'Crema de Cacao y Avellanas para untar Spread x12un x280gr  ', 2, 1, '1', 'N/A', '12', 23, '2022-08-20 12:07:32', '2022-08-20 13:55:06'),(187, 'SAOWPI', 'COVA-000026329', 'COAR-000018196', '5011013100118', 'Crema de Whisky Baileys 12Un x1000ml  ', 1, 1, '1', 'N/A', '12', 7, '2022-08-20 12:07:32', '2022-08-20 13:55:06'),(188, 'O9J9NR', 'COVA-000000917', 'COAR-000000521', '5011013100194', 'Crema de Whisky Baileys 12un x375ml  ', 1, 1, '1', 'N/A', '12', 7, '2022-08-20 12:07:32', '2022-08-20 13:55:06'),(189, 'W0JQ4H', 'COVA-000013068', 'COAR-000005499', '5011013100156', 'Crema de Whisky Baileys 12Un x700ml  ', 1, 1, '1', 'N/A', '12', 7, '2022-08-20 12:07:32', '2022-08-20 13:55:06'),(190, '2H644C', 'COVA-000049839', 'COAR-000041459', '7891024034095', 'Crema Dental Colgate Kids Fresa x72Un x50gr Fresa ', 2, 1, '1', 'N/A', '72', 5, '2022-08-20 12:07:32', '2022-08-20 13:55:06'),(191, '6X92PW', 'COVA-000027392', 'COAR-000019217', '7509546652139', 'Crema Dental Colgate Menta 144un x60ml Menta ', 2, 1, '1', 'N/A', '144', 5, '2022-08-20 12:07:32', '2022-08-20 13:55:06'),(192, '50YQPU', 'COVA-000055644', 'COAR-000047209', '7891024033715', 'Crema Dental Colgate Total12 x72Un x38ml  ', 2, 1, '1', 'N/A', '72', 5, '2022-08-20 12:07:32', '2022-08-20 13:55:06'),(193, 'NOGTXM', 'COVA-000008998', 'COAR-000004086', '7702010111501', 'Crema Dental Colgate Triple Acción 144un x60ml  ', 2, 1, '1', 'N/A', '144', 5, '2022-08-20 12:07:32', '2022-08-20 13:55:06'),(194, 'BDX0NE', 'COVA-000010101', 'COAR-000004086', '7702010111587', 'Crema Dental Colgate Triple Acción 144un x60ml Extra Blancura ', 2, 1, '1', 'N/A', '144', 5, '2022-08-20 12:07:32', '2022-08-20 13:55:06'),(195, '5BOYWQ', 'COVA-000011263', 'COAR-000004769', '7509546000343', 'Crema Dental Colgate Triple Acción 72un x100ml  ', 2, 1, '1', 'N/A', '72', 5, '2022-08-20 12:07:32', '2022-08-20 13:55:06'),(196, '17CYZX', 'COVA-000014110', 'COAR-000005405', '7509546075280', 'Crema Dental Colgate Triple Acción 72un x63ml Extra Frescura ', 2, 1, '1', 'N/A', '72', 5, '2022-08-20 12:07:32', '2022-08-20 13:55:06'),(197, '5MV341', 'COVA-000006122', 'COAR-000000320', '7702010631382', 'Crema Dental Colgate Triple Acción 96un x50ml + Cep Premier   ', 2, 1, '1', 'N/A', '96', 5, '2022-08-20 12:07:32', '2022-08-20 13:55:06'),(198, '0LQYUI', 'COVA-000040293', 'COAR-000031974', '7702210020542', 'Crema Frotex Doypack 12Un x250gr Gratis Crema Frotex x170gr  ', 2, 1, '1', 'N/A', '12', 9, '2022-08-20 12:07:32', '2022-08-20 13:55:06'),(199, 'PYYAJN', 'COVA-000056929', 'COAR-000029394', 'COVA000056929', 'Crema Lubriderm Piel Normal 12Un x120ml Piel Normal ', 2, 1, '1', 'N/A', '12', 14, '2022-08-20 12:07:32', '2022-08-20 13:55:06'),(200, 'C6D7WU', 'COVA-000040296', 'COAR-000031977', '7702210001114', 'Crema Multiusos Frotex Display 24Dp x12Un x30gr  ', 2, 1, '1', 'N/A', '288', 9, '2022-08-20 12:07:32', '2022-08-20 13:55:06'),(201, 'ZH61Y3', 'COVA-000001093', 'COAR-000000691', '7702210001282', 'Crema Multiusos Frotex Doypack 24un x170gr  ', 2, 1, '1', 'N/A', '24', 9, '2022-08-20 12:07:32', '2022-08-20 13:55:06'),(202, 'KQU1B9', 'COVA-000041110', 'COAR-000000691', 'COVA-000041110', 'Crema Multiusos Frotex Doypack 24un x170gr  ', 2, 1, '1', 'N/A', '24', 9, '2022-08-20 12:07:32', '2022-08-20 13:55:06'),(203, '1U9Q24', 'COVA-000001099', 'COAR-000000697', '7702210001121', 'Crema Multiusos Frotex Doypack 24un x250gr  ', 2, 1, '1', 'N/A', '24', 9, '2022-08-20 12:07:32', '2022-08-20 13:55:07'),(204, '6W9A4I', 'COVA-000058149', 'COAR-000049709', '7702045115406', 'Crema Para Peinar Konzil Seda Liquida Con Complejo Vita12 x2  ', 2, 1, '1', 'N/A', '432', 11, '2022-08-20 12:07:32', '2022-09-09 20:20:44'),(205, 'IF5UHV', 'COVA-000056083', 'COAR-000047647', '47647', 'Cuchilla Rasuradora Bic Doble Filo Chrome Platinum x240Dp x2 Doble Filo Acero Inoxidable', 2, 1, '1', 'N/A', '4800', 2, '2022-08-20 12:07:32', '2022-08-20 13:55:07'),(206, 'GP6XMV', 'COVA-000058136', 'COAR-000049696', '7702045200324', 'Desodorante Balance Clinical Care Crema Mujer 72 Horas x24Un Crema Mini', 2, 1, '1', 'N/A', '24', 11, '2022-08-20 12:07:32', '2022-08-20 13:55:07'),(207, '6614ON', 'COVA-000096518', 'COAR-000087870', '7702029242883', 'Desodorante Balance Clinical Care Crema Mujer Duo x24Dp x16U  ', 2, 1, '1', 'N/A', '384', 11, '2022-08-20 12:07:32', '2022-08-20 13:55:07'),(208, 'IAZ5OC', 'COVA-000096517', 'COAR-000087869', '7702029483958', 'Desodorante Balance Clinical Crema Hombre Duo x24Dp x16Un x1  ', 2, 1, '1', 'N/A', '384', 11, '2022-08-20 12:07:32', '2022-08-20 13:55:07'),(209, 'W1L703', 'COVA-000069856', 'COAR-000061280', '7702029509382', 'Desodorante Balance Clinical Crema Hombre x24Un x32gr 96 Horas Mini', 2, 1, '1', 'N/A', '24', 11, '2022-08-20 12:07:32', '2022-08-20 13:55:07'),(210, 'ZTKW5I', 'COVA-000069859', 'COAR-000061283', '61283', 'Desodorante Balance Clinical Gel Hombre x24Dp x18Un x10,5gr 96 Horas ', 2, 1, '1', 'N/A', '432', 11, '2022-08-20 12:07:32', '2022-08-20 13:55:07'),(211, '3C0B3G', 'COVA-000058138', 'COAR-000049698', '7702029867222', 'Desodorante Balance Normal Crema Unisex x24Un x32gr Crema Mini', 2, 1, '1', 'N/A', '24', 11, '2022-08-20 12:07:32', '2022-08-20 13:55:07'),(212, 'XOMJBA', 'COVA-000039733', 'COAR-000031480', '7501033204500', 'Desodorante Lady Speed Stick Active 24Dp x18 Duo Sachet x9gr  ', 2, 1, '1', 'N/A', '432', 5, '2022-08-20 12:07:32', '2022-08-20 13:55:07'),(213, 'K2JU8S', 'COVA-000029251', 'COAR-000021071', '7501033204241', 'Desodorante Lady Speed Stick Clinical Dry Sachet Tapa 24Dp 2  ', 2, 1, '1', 'N/A', '480', 5, '2022-08-20 12:07:32', '2022-08-20 13:55:07'),(214, 'CD1V8B', 'COVA-000068023', 'COAR-000059482', '7702010470486', 'Desodorante Lady Speed Stick Crema Practitubo x6Dp x6Un x30g Clinical ', 2, 1, '1', 'N/A', '36', 5, '2022-08-20 12:07:32', '2022-08-20 13:55:07'),(215, '6WN95K', 'COVA-000012914', 'COAR-000005449', '7702010972287', 'Desodorante Lady Speed Stick Crema Practitubo x6Dp x6Un x30g Talc ', 2, 1, '1', 'N/A', '36', 5, '2022-08-20 12:07:32', '2022-08-20 13:55:07'),(216, 'I7VPIP', 'COVA-000010490', 'COAR-000004484', '7702010051531', 'Desodorante Lady Speed Stick Double Defense Gel Sachet 24dp  Floral Fresh ', 2, 1, '1', 'N/A', '432', 5, '2022-08-20 12:07:32', '2022-08-23 14:42:06'),(217, '24RHK4', 'COVA-000010488', 'COAR-000004482', '7702010470189', 'Desodorante Speed Stick 24/7 Gel Sachet 24dp x18un x10gr Cool Night ', 2, 1, '1', 'N/A', '432', 5, '2022-08-20 12:07:32', '2022-08-20 13:55:07'),(218, 'W9TQ2Y', 'COVA-000039734', 'COAR-000031481', '31481', 'Desodorante Speed Stick Active 24Dp x18Un Duo Sachet x9gr  ', 2, 1, '1', 'N/A', '432', 5, '2022-08-20 12:07:32', '2022-08-20 13:55:07'),(219, 'AOZK8S', 'COVA-000029250', 'COAR-000021070', '7501033204258', 'Desodorante Speed Stick Clinical Dry Sachet Tapa 24Dp x20Un   ', 2, 1, '1', 'N/A', '480', 5, '2022-08-20 12:07:32', '2022-08-20 13:55:07'),(220, 'LA2O5D', 'COVA-000068022', 'COAR-000059481', '7702010470479', 'Desodorante Speed Stick Crema Practitubo x6Dp x6Un x30gr Clinical ', 2, 1, '1', 'N/A', '36', 5, '2022-08-20 12:07:32', '2022-08-20 13:55:07'),(221, 'ZC36NB', 'COVA-000068021', 'COAR-000059480', '7501033204920', 'Desodorante Speed Stick Xtreme Night Practicrema x6Dp x6Un x  ', 2, 1, '1', 'N/A', '36', 5, '2022-08-20 12:07:32', '2022-08-20 13:55:07'),(222, '4QMOX3', 'COVA-000068995', 'COAR-000060440', '7702210055155', 'Detergente Líquido Biodegradable Frotex x6Un x4000ml  ', 2, 1, '1', 'N/A', '6', 9, '2022-08-20 12:07:32', '2022-08-20 13:55:08'),(223, 'E3GJH4', 'COVA-000078694', 'COAR-000070098', '7702210054240', 'Detergente Líquido Poder Quitamanchas Frotex x12Un x900ml Biodegradable ', 2, 1, '1', 'N/A', '12', 9, '2022-08-20 12:07:32', '2022-08-20 13:55:08'),(224, 'BCTCAU', 'COVA-000059368', 'COAR-000050915', '070330607880', 'Encendedor Bic J3 Slim Multicolor x22Dp x12Un  ', 2, 1, '1', 'N/A', '264', 2, '2022-08-20 12:07:32', '2022-08-20 13:55:08'),(225, 'YPGSDC', 'COVA-000039718', 'COAR-000031465', '3086123397859', 'Encendedor Bic Maxi J6 x22Dp x12Un  ', 2, 1, '1', 'N/A', '264', 2, '2022-08-20 12:07:32', '2022-08-20 13:55:08'),(226, 'DUUZ7P', 'COVA-000039715', 'COAR-000031462', '7702436488492', 'Encendedor Bic Mini J5 x25Dp x15Un  ', 2, 1, '1', 'N/A', '375', 2, '2022-08-20 12:07:32', '2022-08-23 14:38:19'),(227, 'W6ZWC1', 'COVA-000039716', 'COAR-000031463', '31463', 'Encendedor Bic Mini J5 x75Dp x5Un  ', 2, 1, '1', 'N/A', '375', 2, '2022-08-20 12:07:32', '2022-08-20 13:55:08'),(228, '373X5C', 'COVA-000039717', 'COAR-000031464', '39717', 'Encendedor Mini J5 Bx x12Dp x25Un  ', 2, 1, '1', 'N/A', '300', 2, '2022-08-20 12:07:32', '2022-08-20 16:19:28'),(229, 'CHZU24', 'COVA-000032575', 'COAR-000024385', '7702035432445', 'Enjuague Bucal Listerine Control Calculo 12Un x500ml  ', 2, 1, '1', 'N/A', '12', 14, '2022-08-20 12:07:32', '2022-08-20 13:55:08'),(230, 'E90Z5Z', 'COVA-000033085', 'COAR-000024378', 'COVA000033085', 'Enjuague Bucal Listerine Cool Mint 12Un x180ml  ', 2, 1, '1', 'N/A', '12', 14, '2022-08-20 12:07:32', '2022-08-20 13:55:08'),(231, 'JM0GVK', 'COVA-000032576', 'COAR-000024386', '7702035432339', 'Enjuague Bucal Listerine Cool Mint 12Un x500ml  ', 2, 1, '1', 'N/A', '12', 14, '2022-08-20 12:07:32', '2022-08-20 13:55:08'),(232, '7MU0A0', 'COVA-000056930', 'COAR-000024386', 'COVA000056930', 'Enjuague Bucal Listerine Cool Mint 12Un x500ml  ', 2, 1, '1', 'N/A', '12', 14, '2022-08-20 12:07:32', '2022-08-20 13:55:08'),(233, '5ID27C', 'COVA-000027252', 'COAR-000019081', '7891024039625', 'Enjuague Plax Ice Infinity 12Un x180ml  ', 2, 1, '1', 'N/A', '12', 5, '2022-08-20 12:07:32', '2022-08-20 13:55:08'),(234, 'G0VJWC', 'COVA-000004861', 'COAR-000002763', '8410111007119', 'Ensalada Isabel 48un x160gr Vegetales y Maíz ', 2, 1, '1', 'N/A', '48', 6, '2022-08-20 12:07:32', '2022-08-20 13:55:08'),(235, '0D7R89', 'COVA-000022236', 'COAR-000013296', '7702746140011', 'Esveltta Himalaya Original Cx144/Ux20  ', 2, 1, '1', 'N/A', '144', 12, '2022-08-20 12:07:32', '2022-08-20 13:55:08'),(236, 'JC2B6T', 'COVA-000081932', 'COAR-000073321', '7891962037110', 'Galleta Bauducco Mini Waffer Chocolate x12Dp x14Un x30gr  ', 2, 1, '1', 'N/A', '168', 20, '2022-08-20 12:07:32', '2022-08-20 13:55:08'),(237, '3W76TP', 'COVA-000081933', 'COAR-000073322', '7891962037134', 'Galleta Bauducco Mini Waffer Fresa x12Dp x14Un x30gr  ', 2, 1, '1', 'N/A', '168', 20, '2022-08-20 12:07:32', '2022-08-20 13:55:08'),(238, 'NBYLJJ', 'COVA-000081934', 'COAR-000073323', '7891962049915', 'Galleta Bauducco Mini Waffer Vainilla x12Dp x14Un x30gr  ', 2, 1, '1', 'N/A', '168', 20, '2022-08-20 12:07:32', '2022-08-20 13:55:08'),(239, 'GII7R2', 'COVA-000081928', 'COAR-000073317', '7891962054780', 'Galleta Bauducco Rellena Con Doble Chocolate x30Un x65gr  ', 2, 1, '1', 'N/A', '30', 20, '2022-08-20 12:07:32', '2022-08-20 13:55:08'),(240, 'KGNMCC', 'COVA-000081929', 'COAR-000073318', '7891962054797', 'Galleta Bauducco Rellena De Fresa x30Un x65gr  ', 2, 1, '1', 'N/A', '30', 20, '2022-08-20 12:07:32', '2022-08-20 13:55:08'),(241, 'MK8HF5', 'COVA-000081931', 'COAR-000073320', '7891962058313', 'Galleta Bauducco Rellenitas Con Chocolate x49Un x104gr  ', 2, 1, '1', 'N/A', '49', 20, '2022-08-20 12:07:32', '2022-08-20 13:55:08'),(242, 'XIIVH7', 'COVA-000081930', 'COAR-000073319', '7891962058306', 'Galleta Bauducco Rellenitas De Guayaba x49Un x112gr  ', 2, 1, '1', 'N/A', '49', 20, '2022-08-20 12:07:32', '2022-08-20 13:55:09'),(243, 'VIDLWR', 'COVA-000081944', 'COAR-000073333', '73333', 'Galleta Bauducco Waffer Chocolate x24Dp x6Un x30gr  ', 2, 1, '1', 'N/A', '144', 20, '2022-08-20 12:07:32', '2022-08-20 13:55:09'),(244, 'KK9SQ5', 'COVA-000081938', 'COAR-000073327', '7891962032290', 'Galleta Bauducco Waffer Chocolate x24Un x140gr  ', 2, 1, '1', 'N/A', '24', 20, '2022-08-20 12:07:32', '2022-08-20 13:55:09'),(245, 'S56LW5', 'COVA-000081935', 'COAR-000073324', '7891962058399', 'Galleta Bauducco Waffer Con Chocolate x45Un x78gr  ', 2, 1, '1', 'N/A', '45', 20, '2022-08-20 12:07:32', '2022-08-20 13:55:09'),(246, 'KYMO9Q', 'COVA-000081936', 'COAR-000073325', '7891962058405', 'Galleta Bauducco Waffer Con Fresa x45Un x78gr  ', 2, 1, '1', 'N/A', '45', 20, '2022-08-20 12:07:32', '2022-08-20 13:55:09'),(247, 'RQ17DU', 'COVA-000081937', 'COAR-000073326', '7891962058412', 'Galleta Bauducco Waffer Con Vainilla x45Un x78gr  ', 2, 1, '1', 'N/A', '45', 20, '2022-08-20 12:07:32', '2022-08-20 13:55:09'),(248, '7A6OX4', 'COVA-000081945', 'COAR-000073334', '73334', 'Galleta Bauducco Waffer Fresa x24Dp x6Un x30gr  ', 2, 1, '1', 'N/A', '144', 20, '2022-08-20 12:07:32', '2022-08-20 13:55:09'),(249, '0SS56S', 'COVA-000081939', 'COAR-000073328', '7891962032283', 'Galleta Bauducco Waffer Fresa x24Un x140gr  ', 2, 1, '1', 'N/A', '24', 20, '2022-08-20 12:07:32', '2022-08-20 13:55:09'),(250, 'HLZ4D6', 'COVA-000081941', 'COAR-000073330', '7891962036915', 'Galleta Bauducco Waffer Sabor Chocolate Con Avellana x24Un x  ', 2, 1, '1', 'N/A', '24', 20, '2022-08-20 12:07:32', '2022-08-20 13:55:09'),(251, 'ZCNGPV', 'COVA-000081942', 'COAR-000073331', '875754002323', 'Galleta Bauducco Waffer Suggar Free Chocolate x24Un x120gr  ', 2, 1, '1', 'N/A', '24', 20, '2022-08-20 12:07:32', '2022-08-20 13:55:09'),(252, 'KHU3ZI', 'COVA-000081943', 'COAR-000073332', '875754002316', 'Galleta Bauducco Waffer Suggar Free Vainilla x24Un x120gr  ', 2, 1, '1', 'N/A', '24', 20, '2022-08-20 12:07:32', '2022-08-20 13:55:09'),(253, '1WS3JQ', 'COVA-000081940', 'COAR-000073329', '7891962032306', 'Galleta Bauducco Waffer Vainilla x24Un x140gr  ', 2, 1, '1', 'N/A', '24', 20, '2022-08-20 12:07:32', '2022-08-20 13:55:09'),(254, 'I6LG6V', 'COVA-000011680', 'COAR-000004896', '7702010112003', 'Gel Dental Colgate Kids 72un x50gr Surtido ', 2, 1, '1', 'N/A', '72', 5, '2022-08-20 12:07:32', '2022-08-20 13:55:09'),(255, 'Y26QPD', 'COVA-000018803', 'COAR-000010052', '5000289929417', 'Ginebra Gordons Pink 6un x700ml  ', 1, 1, '1', 'N/A', '6', 7, '2022-08-20 12:07:32', '2022-08-20 13:55:09'),(256, 'UZ1HZE', 'COVA-000034060', 'COAR-000025864', '5000289925440', 'Ginebra Gordon´s Dry Gin 12Un x700ml  ', 1, 1, '1', 'N/A', '12', 7, '2022-08-20 12:07:32', '2022-08-20 13:55:09'),(257, 'E4JX8H', 'COVA-000037009', 'COAR-000028771', '5000281015248', 'Ginebra Tanqueray London Dry Gin 12Un x700ml  ', 1, 1, '1', 'N/A', '12', 7, '2022-08-20 12:07:32', '2022-08-20 13:55:09'),(258, 'CPRYV0', 'COVA-000010013', 'COAR-000004343', '088076168640', 'Ginebra Tanqueray Rangpur 12un x750ml  ', 1, 1, '1', 'N/A', '12', 7, '2022-08-20 12:07:32', '2022-08-20 13:55:09'),(259, 'YUDEY2', 'COVA-000000983', 'COAR-000000587', '587', 'Ginebra Tanqueray Ten Gin 12un x750ml  ', 1, 1, '1', 'N/A', '12', 7, '2022-08-20 12:07:32', '2022-08-20 13:55:09'),(260, 'VLMQUT', 'COVA-000043069', 'COAR-000034742', '7702103700681', 'Granola kids Froot Loops x14Un x300gr  ', 1, 1, '1', 'N/A', '14', 15, '2022-08-20 12:07:32', '2022-08-20 13:55:10'),(261, 'KF8C1C', 'COVA-000043065', 'COAR-000034738', '7702103786074', 'Granola Kids Zucaritas Mega x54Un x125gr  ', 1, 1, '1', 'N/A', '54', 15, '2022-08-20 12:07:32', '2022-08-20 13:55:10'),(262, 'B7PORL', 'COVA-000043067', 'COAR-000034740', '7702103667984', 'Granola Kids Zucaritas x14Un x300gr  ', 1, 1, '1', 'N/A', '14', 15, '2022-08-20 12:07:32', '2022-08-20 13:55:10'),(263, 'YTAK6K', 'COVA-000055842', 'COAR-000047406', 'COVA000055842', 'Hablador Copa America Black & White  Diageo', 2, 1, '1', 'N/A', '1', 7, '2022-08-20 12:07:32', '2022-08-20 13:55:10'),(264, 'NT983G', 'COVA-000022264', 'COAR-000013324', '7702746069053', 'Ice Tea Himalaya Frutal Mangostino, Lychee Uchuva CX12/UX300  ', 2, 1, '1', 'N/A', '12', 12, '2022-08-20 12:07:32', '2022-08-20 13:55:10'),(265, '6U9EU5', 'COVA-000022255', 'COAR-000013315', '7702746066250', 'Ice Tea Himalaya Frutos Rojos Light Cx12/Ux300g  ', 2, 1, '1', 'N/A', '12', 12, '2022-08-20 12:07:32', '2022-08-20 13:55:10'),(266, 'A1BERI', 'COVA-000022256', 'COAR-000013316', '7702746066298', 'Ice Tea Himalaya Frutos Rojos Light Cx72/Ux60g  ', 2, 1, '1', 'N/A', '72', 12, '2022-08-20 12:07:32', '2022-08-20 13:55:10'),(267, 'QTMR8Y', 'COVA-000022257', 'COAR-000013317', '7702746066328', 'Ice Tea Himalaya Frutos Salvajes Light Cx12/Ux300g  ', 2, 1, '1', 'N/A', '12', 12, '2022-08-20 12:07:32', '2022-08-20 13:55:10'),(268, 'ICK5NW', 'COVA-000022263', 'COAR-000013323', '7702746069077', 'Ice Tea Himalaya Mangostino Lychee Cx72/Ux60g  ', 2, 1, '1', 'N/A', '72', 12, '2022-08-20 12:07:32', '2022-08-20 13:55:10'),(269, '19HRZN', 'COVA-000022265', 'COAR-000013325', '7702746063051', 'Ice Tea Himalaya Manzana Light Cx12/Ux300g  ', 2, 1, '1', 'N/A', '12', 12, '2022-08-20 12:07:32', '2022-08-20 13:55:10'),(270, 'D87U5N', 'COVA-000022267', 'COAR-000013327', '7702746063921', 'Ice Tea Himalaya Manzana Light Cx6/Ux600g  ', 2, 1, '1', 'N/A', '6', 12, '2022-08-20 12:07:32', '2022-08-20 13:55:10'),(271, 'QCYTLU', 'COVA-000022266', 'COAR-000013326', '7702746069046', 'Ice Tea Himalaya Manzana Light Cx72/Ux60g  ', 2, 1, '1', 'N/A', '72', 12, '2022-08-20 12:07:32', '2022-08-20 13:55:10'),(272, 'HNXDVQ', 'COVA-000021700', 'COAR-000012797', '7702746093072', 'Infusion Himalaya Frutal Frutos Rojos 12dp x6un x5gr  ', 2, 1, '1', 'N/A', '72', 12, '2022-08-20 12:07:32', '2022-08-20 13:55:10'),(273, 'U97K7U', 'COVA-000018817', 'COAR-000010065', '7702746090019', 'Infusion Himalaya Frutal Frutos Rojos Cx144/Ux20  ', 2, 1, '1', 'N/A', '144', 12, '2022-08-20 12:07:32', '2022-08-20 13:55:10'),(274, 'GX5D74', 'COVA-000028610', 'COAR-000020431', '7702746090187', 'Infusion Himalaya Frutal Frutos Rojos Cx72/Ux50  ', 2, 1, '1', 'N/A', '72', 12, '2022-08-20 12:07:32', '2022-08-20 13:55:10'),(275, 'BPOBNS', 'COVA-000018819', 'COAR-000010067', '7702746091122', 'Infusion Himalaya Frutal Frutos Rojos Ristra Cx48/Ux12  ', 2, 1, '1', 'N/A', '48', 12, '2022-08-20 12:07:32', '2022-08-20 13:55:10'),(276, 'UL1MEM', 'COVA-000021701', 'COAR-000012798', '7702746093089', 'Infusion Himalaya Frutal Frutos Tropicales 12dp x6un x5gr  ', 2, 1, '1', 'N/A', '72', 12, '2022-08-20 12:07:32', '2022-08-20 13:55:10'),(277, 'YQ2U5W', 'COVA-000026725', 'COAR-000018558', '7702746090125', 'Infusion Himalaya Frutal Frutos Tropicales Cx 30/Ux10  ', 2, 1, '1', 'N/A', '30', 12, '2022-08-20 12:07:32', '2022-08-20 13:55:10'),(278, 'ZZB7TY', 'COVA-000022232', 'COAR-000013292', '7702746090026', 'Infusion Himalaya Frutal Frutos Tropicales Cx144/Ux20  ', 2, 1, '1', 'N/A', '144', 12, '2022-08-20 12:07:32', '2022-08-20 13:55:11'),(279, '11IJ9Q', 'COVA-000018818', 'COAR-000010066', '7702746090040', 'Infusion Himalaya Frutal Frutos Verdes Cx144/Ux20  ', 2, 1, '1', 'N/A', '144', 12, '2022-08-20 12:07:32', '2022-08-20 13:55:11'),(280, 'E2WAUR', 'COVA-000021699', 'COAR-000012796', '7702746041752', 'Infusion Himalaya Saludable Para la Noche 12dp x6un x5gr  ', 2, 1, '1', 'N/A', '72', 12, '2022-08-20 12:07:32', '2022-08-20 13:55:11'),(281, '0RGUY0', 'COVA-000018815', 'COAR-000010063', '7702746040021', 'Infusion Himalaya Saludable Para La Noche Cx144/Ux20  ', 2, 1, '1', 'N/A', '144', 12, '2022-08-20 12:07:32', '2022-08-20 13:55:11'),(282, 'SL4O72', 'COVA-000047549', 'COAR-000039200', '7702210030855', 'Jabon Corporal Liquido Krols Antibacterial Cotton Blossom x8 Cotton Blossom ', 2, 1, '1', 'N/A', '8', 9, '2022-08-20 12:07:32', '2022-08-20 13:55:11'),(283, 'PUQ5I7', 'COVA-000068036', 'COAR-000059495', '7509546666501', 'Jabón Corporal Protex DuoProtect x12Dp x6Un x120gr  ', 2, 1, '1', 'N/A', '72', 5, '2022-08-20 12:07:32', '2022-08-20 13:55:11'),(284, '1J6B92', 'COVA-000032580', 'COAR-000024390', '24390', 'Jabón Johnson´S Adulto Avena Tripack 16Dp x3Un x110gr  ', 2, 1, '1', 'N/A', '48', 14, '2022-08-20 12:07:32', '2022-08-20 13:55:11'),(285, 'BRJ478', 'COVA-000032573', 'COAR-000024383', '24383', 'Jabón Johnson´S Adulto Docepack 8Dp x12Un x110gr  ', 2, 1, '1', 'N/A', '96', 14, '2022-08-20 12:07:32', '2022-08-20 13:55:11'),(286, 'GO2KJH', 'COVA-000032578', 'COAR-000024388', '24388', 'Jabón Johnson´S Baby Humectante Tripack 16Dp x3Un x110gr  ', 2, 1, '1', 'N/A', '48', 14, '2022-08-20 12:07:32', '2022-08-20 13:55:11'),(287, 'FMTV4U', 'COVA-000033771', 'COAR-000025575', '25575', 'Jabón Johnson´S Baby Original 16dp x3Un x110gr  ', 2, 1, '1', 'N/A', '48', 14, '2022-08-20 12:07:32', '2022-08-20 13:55:11'),(288, 'CAF72X', 'COVA-000033763', 'COAR-000025567', '25567', 'Jabón Johnson´S Baby Original 8dp x6Un x110gr  ', 2, 1, '1', 'N/A', '48', 14, '2022-08-20 12:07:32', '2022-08-20 13:55:11'),(289, 'EX5IG9', 'COVA-000068035', 'COAR-000059494', '7509546666341', 'Jabón Palmolive Carbon x12Dp x6Un x120gr  ', 2, 1, '1', 'N/A', '72', 5, '2022-08-20 12:07:32', '2022-08-20 13:55:11'),(290, 'ZHZU0O', 'COVA-000068033', 'COAR-000059492', '7702010410840', 'Jabón Palmolive Naturals x12Dp x6Un x120gr Aloe Oliva ', 2, 1, '1', 'N/A', '72', 5, '2022-08-20 12:07:32', '2022-08-20 13:55:11'),(291, 'FZC1KX', 'COVA-000068052', 'COAR-000059492', '7702010410857', 'Jabón Palmolive Naturals x12Dp x6Un x120gr Yoghurt y Fruta ', 2, 1, '1', 'N/A', '72', 5, '2022-08-20 12:07:32', '2022-08-20 13:55:11'),(292, 'F2QS32', 'COVA-000077294', 'COAR-000068705', '68705', 'Jabón para Manos Protex Doypack Liquido 12dp x2unidades x500 Avena ', 2, 1, '1', 'N/A', '24', 5, '2022-08-20 12:07:32', '2022-08-20 13:55:11'),(293, 'ZD5K67', 'COVA-000068044', 'COAR-000059491', '7702010420955', 'Jabón Protex x12Dp x6Un x120gr Avena ', 2, 1, '1', 'N/A', '72', 5, '2022-08-20 12:07:32', '2022-08-20 13:55:11'),(294, '86XML5', 'COVA-000068048', 'COAR-000059491', '7702010420979', 'Jabón Protex x12Dp x6Un x120gr Complete ', 2, 1, '1', 'N/A', '72', 5, '2022-08-20 12:07:32', '2022-08-20 13:55:11'),(295, 'UM7HZB', 'COVA-000068047', 'COAR-000059491', '7702010421006', 'Jabón Protex x12Dp x6Un x120gr Herbal ', 2, 1, '1', 'N/A', '72', 5, '2022-08-20 12:07:32', '2022-08-20 13:55:11'),(296, 'OZVB2Q', 'COVA-000068046', 'COAR-000059491', '7702010420962', 'Jabón Protex x12Dp x6Un x120gr Limpieza Profunda ', 2, 1, '1', 'N/A', '72', 5, '2022-08-20 12:07:32', '2022-08-20 13:55:11'),(297, '6NGP00', 'COVA-000068049', 'COAR-000059491', '7702010420993', 'Jabón Protex x12Dp x6Un x120gr Macadamia ', 2, 1, '1', 'N/A', '72', 5, '2022-08-20 12:07:32', '2022-08-20 13:55:11'),(298, 'MYXOKJ', 'COVA-000068032', 'COAR-000059491', '7702010420986', 'Jabón Protex x12Dp x6Un x120gr Omega 3 ', 2, 1, '1', 'N/A', '72', 5, '2022-08-20 12:07:32', '2022-08-20 13:55:12'),(299, '5B2M5R', 'COVA-000068045', 'COAR-000059491', '7702010421020', 'Jabón Protex x12Dp x6Un x120gr Vitamina E ', 2, 1, '1', 'N/A', '72', 5, '2022-08-20 12:07:32', '2022-08-20 13:55:12'),(300, 'RJBUHX', 'COVA-000099937', 'COAR-000091286', '7702010420337', 'Jabón Protex x72Un x110gr Avena ', 2, 1, '1', 'N/A', '72', 5, '2022-08-20 12:07:32', '2022-08-20 13:55:12'),(301, 'H4RACW', 'COVA-000099936', 'COAR-000091286', '7702010420467', 'Jabón Protex x72Un x110gr Limpieza Profunda ', 2, 1, '1', 'N/A', '72', 5, '2022-08-20 12:07:32', '2022-08-20 13:55:12'),(302, 'DOLBGG', 'COVA-000088386', 'COAR-000079766', '7702210037045', 'Lavaloza Liquido Platox Frotex Limón x24Un x250ml + 50ml Ext Biodegradable ', 2, 1, '1', 'N/A', '24', 9, '2022-08-20 12:07:32', '2022-09-13 15:32:43'),(303, 'GDX8H1', 'COVA-000039653', 'COAR-000031400', '31400-1', 'Lavaplatos Axion Crema 12Dp x2Un x450gr PE Aloe ', 2, 1, '1', 'N/A', '24', 5, '2022-08-20 12:07:32', '2022-08-20 13:55:12'),(304, 'M0EYHU', 'COVA-000039824', 'COAR-000031400', '31400-2', 'Lavaplatos Axion Crema 12Dp x2Un x450gr PE Avena ', 2, 1, '1', 'N/A', '24', 5, '2022-08-20 12:07:32', '2022-08-20 13:55:12'),(305, 'ABLC9R', 'COVA-000039823', 'COAR-000031400', '31400-3', 'Lavaplatos Axion Crema 12Dp x2Un x450gr PE Limón ', 2, 1, '1', 'N/A', '24', 5, '2022-08-20 12:07:32', '2022-08-20 13:55:12'),(306, 'L06XML', 'COVA-000018563', 'COAR-000003451', '7702010382147', 'Lavaplatos Axion Crema 12un x850gr Limon ', 2, 1, '1', 'N/A', '12', 5, '2022-08-20 12:07:32', '2022-08-20 13:55:12'),(307, 'M2WEDI', 'COVA-000011230', 'COAR-000000227', '7702010381041', 'Lavaplatos Axion Crema 24un x450gr Avena ', 2, 1, '1', 'N/A', '24', 5, '2022-08-20 12:07:32', '2022-08-20 13:55:12'),(308, '264SZB', 'COVA-000010017', 'COAR-000000227', '7702010380747', 'Lavaplatos Axion Crema 24un x450gr Limón ', 2, 1, '1', 'N/A', '24', 5, '2022-08-20 12:07:32', '2022-08-20 13:55:12'),(309, 'SG9UF2', 'COVA-000011238', 'COAR-000000230', '7702010380860', 'Lavaplatos Axion Crema 48un x235gr Aloe ', 2, 1, '1', 'N/A', '48', 5, '2022-08-20 12:07:32', '2022-08-20 13:55:12'),(310, 'YGA454', 'COVA-000017001', 'COAR-000000230', '7702010382123', 'Lavaplatos Axion Crema 48un x235gr Complete Plasticos ', 2, 1, '1', 'N/A', '48', 5, '2022-08-20 12:07:32', '2022-08-20 13:55:12'),(311, '37IQW9', 'COVA-000000481', 'COAR-000000230', '7702010381256', 'Lavaplatos Axion Crema 48un x235gr Limón ', 2, 1, '1', 'N/A', '48', 5, '2022-08-20 12:07:32', '2022-08-20 13:55:12'),(312, '0CFYSZ', 'COVA-000011672', 'COAR-000004893', '77044273', 'Lavaplatos Axion Crema 72un x150gr Nueva Presentación Limón ', 2, 1, '1', 'N/A', '72', 5, '2022-08-20 12:07:32', '2022-08-20 13:55:12'),(313, 'S5SFZ6', 'COVA-000011240', 'COAR-000000237', '7509546051932', 'Lavaplatos Axion Liquido 12un x750ml Limón ', 2, 1, '1', 'N/A', '12', 5, '2022-08-20 12:07:32', '2022-08-20 13:55:12'),(314, 'MQ2AP0', 'COVA-000007179', 'COAR-000003566', '7702010382024', 'Lavaplatos Axion Liquido 48un x180ml Limón ', 2, 1, '1', 'N/A', '48', 5, '2022-08-20 12:07:32', '2022-08-20 13:55:12'),(315, 'QD5J6X', 'COVA-000012724', 'COAR-000005353', '7702010382079', 'Lavaplatos Axion Liquido DoyPack 8un x1500ml Ahorra Pack Limón Espuma Activa', 2, 1, '1', 'N/A', '8', 5, '2022-08-20 12:07:32', '2022-08-20 13:55:12'),(316, '5YPU5Y', 'COVA-000027244', 'COAR-000019073', '7509546651804', 'Lavaplatos Axión Pasta Carbón Activado 24Un x450gr  ', 2, 1, '1', 'N/A', '24', 5, '2022-08-20 12:07:32', '2022-08-20 13:55:13'),(317, '1OONBW', 'COVA-000027243', 'COAR-000019072', '7509546651828', 'Lavaplatos Axión Pasta Carbón Activado 48Un x235gr  ', 2, 1, '1', 'N/A', '48', 5, '2022-08-20 12:07:32', '2022-08-20 13:55:13'),(318, '1VR7KZ', 'COVA-000029460', 'COAR-000021280', '7702210038271', 'Lavaplatos Frotex Crema 36Un x450gr Limón ', 2, 1, '1', 'N/A', '36', 9, '2022-08-20 12:07:32', '2022-08-20 13:55:13'),(319, 'DZZS1V', 'COVA-000046289', 'COAR-000021280', 'COVA000046289', 'Lavaplatos Frotex Crema 36Un x450gr Limón ', 2, 1, '1', 'N/A', '36', 9, '2022-08-20 12:07:32', '2022-08-20 13:55:13'),(320, '49IH05', 'COVA-000029461', 'COAR-000021281', '7702210038219', 'Lavaplatos Frotex Crema 8Un x1000gr Limón ', 2, 1, '1', 'N/A', '8', 9, '2022-08-20 12:07:32', '2022-08-20 13:55:13'),(321, 'ICSBJU', 'COVA-000011840', 'COAR-000004921', '7702210038134', 'Lavaplatos Frotex Liquido Botella 24un x500ml Limón Aloe Vera', 2, 1, '1', 'N/A', '24', 9, '2022-08-20 12:07:32', '2022-08-20 13:55:13'),(322, 'H4PA3H', 'COVA-000047550', 'COAR-000039201', '7702210037007', 'Lavaplatos Frotex Liquido Botella x12Un x750ml Limon ', 2, 1, '1', 'N/A', '12', 9, '2022-08-20 12:07:32', '2022-08-20 13:55:13'),(323, 'QE6CQ7', 'COVA-000055748', 'COAR-000047313', '7702210037014', 'Lavaplatos Frotex Liquido Eliminador De Olores x24Un x200ml  ', 2, 1, '1', 'N/A', '24', 9, '2022-08-20 12:07:32', '2022-08-20 13:55:13'),(324, '41DJ85', 'COVA-000001077', 'COAR-000000680', '7702210002036', 'Limpia Hornos Frotex 24un x280gr Con Escobilla ', 2, 1, '1', 'N/A', '24', 9, '2022-08-20 12:07:32', '2022-08-20 13:55:13'),(325, 'XS1A1Q', 'COVA-000010491', 'COAR-000004485', '7702010820526', 'Limpiador Ajax 4un x3000ml Naranja-Limón Bicarbonato', 2, 1, '1', 'N/A', '4', 5, '2022-08-20 12:07:32', '2022-08-20 13:55:13'),(326, 'MMNMHT', 'COVA-000006503', 'COAR-000000244', '7702010820472', 'Limpiador Ajax 6un x2000ml PE Naranja-Limón Bicarbonato', 2, 1, '1', 'N/A', '6', 5, '2022-08-20 12:07:32', '2022-08-20 13:55:13'),(327, 'AW6YG8', 'COVA-000014472', 'COAR-000006808', '7702010320279', 'Limpiador Ajax 72un x180ml Naranja/Limon Bicarbonato', 2, 1, '1', 'N/A', '72', 5, '2022-08-20 12:07:32', '2022-08-20 13:55:13'),(328, '3U8PT4', 'COVA-000049838', 'COAR-000041458', '7509546671918', 'Limpiador Ajax Bicarbonato Naranja Limon x24Un x500ml Naranja Limon ', 2, 1, '1', 'N/A', '24', 5, '2022-08-20 12:07:32', '2022-08-20 13:55:13'),(329, 'IAR3E8', 'COVA-000010588', 'COAR-000000245', '7702010310010', 'Limpiador Fabuloso 12un x1000ml Aroma de Bebé Antibacterial', 2, 1, '1', 'N/A', '12', 5, '2022-08-20 12:07:32', '2022-08-20 13:55:13'),(330, 'O1LXYD', 'COVA-000006510', 'COAR-000000245', '7702010225123', 'Limpiador Fabuloso 12un x1000ml Fresca Lavanda Antibacterial', 2, 1, '1', 'N/A', '12', 5, '2022-08-20 12:07:32', '2022-08-20 13:55:13'),(331, '1K2KE7', 'COVA-000006515', 'COAR-000000250', '7702010225222', 'Limpiador Fabuloso 24un x500ml Floral Antibacterial', 2, 1, '1', 'N/A', '24', 5, '2022-08-20 12:07:32', '2022-08-20 13:55:13'),(332, 'XB5ACE', 'COVA-000006527', 'COAR-000000251', '7702010310096', 'Limpiador Fabuloso 3un x5000ml Fresca Lavanda Antibacterial', 2, 1, '1', 'N/A', '3', 5, '2022-08-20 12:07:32', '2022-08-20 13:55:14'),(333, 'YQZUL8', 'COVA-000010018', 'COAR-000000253', '7702010311468', 'Limpiador Fabuloso 6un x2000ml Mar Fresco Antibacterial', 2, 1, '1', 'N/A', '6', 5, '2022-08-20 12:07:32', '2022-08-20 13:55:14'),(334, '6GSLUV', 'COVA-000028040', 'COAR-000019863', '7509546655796', 'Limpiador Fabuloso Alternativa al Cloro Lavanda 24Un x360ml  ', 2, 1, '1', 'N/A', '24', 5, '2022-08-20 12:07:32', '2022-08-20 13:55:14'),(335, '1H781A', 'COVA-000028039', 'COAR-000019862', '7509546655789', 'Limpiador Fabuloso Alternativa al Cloro Lavanda 72Un x200ml  ', 2, 1, '1', 'N/A', '72', 5, '2022-08-20 12:07:32', '2022-08-20 13:55:14'),(336, 'C3LVOZ', 'COVA-000043853', 'COAR-000035523', '7509546670362', 'Limpiador Fabuloso Alternativa Al Cloro Ultra Desinfecante x  ', 2, 1, '1', 'N/A', '336', 5, '2022-08-20 12:07:32', '2022-08-20 13:55:14'),(337, 'YE3XIF', 'COVA-000043855', 'COAR-000035525', '7509546670393', 'Limpiador Fabuloso Alternativa Al Cloro Ultra Desinfecante x  ', 2, 1, '1', 'N/A', '12', 5, '2022-08-20 12:07:32', '2022-08-20 13:55:14'),(338, 'DX7Q6N', 'COVA-000011689', 'COAR-000000258', '7702010311604', 'Limpiador Fabuloso DoyPack 72un x200ml  Alternativa de Cloro', 2, 1, '1', 'N/A', '72', 5, '2022-08-20 12:07:32', '2022-08-20 13:55:14'),(339, '5DTKNT', 'COVA-000021041', 'COAR-000000258', '7509546650883', 'Limpiador Fabuloso DoyPack 72un x200ml Alternativa al Cloro LX ', 2, 1, '1', 'N/A', '72', 5, '2022-08-20 12:07:32', '2022-08-20 13:55:14'),(340, '6MES54', 'COVA-000006540', 'COAR-000000258', '7702010311017', 'Limpiador Fabuloso DoyPack 72un x200ml Aroma de Bebé Antibacterial', 2, 1, '1', 'N/A', '72', 5, '2022-08-20 12:07:32', '2022-08-20 13:55:14'),(341, 'LZ459W', 'COVA-000006537', 'COAR-000000258', '7702010311000', 'Limpiador Fabuloso DoyPack 72un x200ml Floral Antibacterial', 2, 1, '1', 'N/A', '72', 5, '2022-08-20 12:07:32', '2022-08-20 13:55:14'),(342, '6MFV7A', 'COVA-000006539', 'COAR-000000258', '7702010310997', 'Limpiador Fabuloso DoyPack 72un x200ml Fresca Lavanda Antibacterial', 2, 1, '1', 'N/A', '72', 5, '2022-08-20 12:07:32', '2022-08-20 13:55:14'),(343, 'EA1FCT', 'COVA-000011397', 'COAR-000000258', '7702010311406', 'Limpiador Fabuloso DoyPack 72un x200ml Manzana Antibacterial', 2, 1, '1', 'N/A', '72', 5, '2022-08-20 12:07:32', '2022-08-20 13:55:14'),(344, 'ZKI32L', 'COVA-000001075', 'COAR-000000678', '7702210002012', 'Limpiahornos Frotex 18un x150gr  ', 2, 1, '1', 'N/A', '18', 9, '2022-08-20 12:07:32', '2022-08-20 13:55:15'),(345, '3JRPMG', 'COVA-000090292', 'COAR-000081654', '7709215610358', 'Mantequilla Ghee Vitad x12Un x200gr  ', 2, 1, '1', 'N/A', '12', 13, '2022-08-20 12:07:32', '2022-08-20 13:55:15'),(346, 'X1GI5N', 'COVA-000039725', 'COAR-000031472', '31472', 'Maquina de afeitar  Simply Soleil Pivot x24Dp x6Un  ', 2, 1, '1', 'N/A', '144', 2, '2022-08-20 12:07:32', '2022-08-20 13:55:15'),(347, '7K29U6', 'COVA-000039724', 'COAR-000031471', '31471', 'Maquina de afeitar Comfort 2 Sensitive x12Dp x12Un  ', 2, 1, '1', 'N/A', '144', 2, '2022-08-20 12:07:32', '2022-08-20 13:55:15'),(348, 'MPZOFV', 'COVA-000055754', 'COAR-000047318', '0703307175340', 'Maquina De Afeitar Comfort 3 Action Normal x12Dp x12Un Normal ', 2, 1, '1', 'N/A', '144', 2, '2022-08-20 12:07:32', '2022-08-20 13:55:15'),(349, 'ALK2KD', 'COVA-000060182', 'COAR-000051723', '0703307175654', 'Maquina De Afeitar Comfort 3 Action Sensitive x12Dp x12Un  ', 2, 1, '1', 'N/A', '144', 2, '2022-08-20 12:07:32', '2022-08-20 13:55:15'),(350, 'QAWD37', 'COVA-000059797', 'COAR-000051344', '7702436482056', 'Maquina De Afeitar Shaver Bic 2 Amarillo x24Dp x12Un 2 Hojas ', 2, 1, '1', 'N/A', '288', 2, '2022-08-20 12:07:32', '2022-08-20 13:55:15'),(351, 'CZD5KS', 'COVA-000090294', 'COAR-000081656', '81656', 'Merengue Natural Sin Azucar Vitad x5Dp x5Un x12gr C/U  ', 2, 1, '1', 'N/A', '25', 13, '2022-08-20 12:07:32', '2022-08-20 13:55:15'),(352, '9L42K2', 'COVA-000103241', 'COAR-000094588', '7709552851650', 'Merengue Natural Sin Azucar Vitad x5Un x5 Paquetes x12gr C/U  ', 2, 1, '1', 'N/A', '5', 13, '2022-08-20 12:07:32', '2022-08-20 13:55:15'),(353, 'F349PW', 'COVA-000090295', 'COAR-000081657', '7709280796230', 'Mezcla Pancakes Vitad x20Un x175gr  ', 2, 1, '1', 'N/A', '20', 13, '2022-08-20 12:07:32', '2022-08-20 13:55:15'),(354, 'A9UD0B', 'COVA-000092442', 'COAR-000083796', '7702746039483', 'Oft Himalaya Manz Miel Jeng + Jeng Nar Cur Cx72/Ux20 Pg1 Ll2  ', 2, 1, '1', 'N/A', '72', 12, '2022-08-20 12:07:32', '2022-08-20 13:55:15'),(355, 'ZRLKAJ', 'COVA-000014076', 'COAR-000006484', '038000846731', 'Papas Fritas Pringles 12un x37gr Original ', 2, 1, '1', 'N/A', '12', 15, '2022-08-20 12:07:32', '2022-08-20 13:55:15'),(356, 'CSDYB1', 'COVA-000004893', 'COAR-000002794', '038000846748', 'Papas Fritas Pringles 12un x40gr Crema y Cebolla ', 2, 1, '1', 'N/A', '12', 15, '2022-08-20 12:07:32', '2022-08-20 13:55:15'),(357, 'RF70RG', 'COVA-000004892', 'COAR-000002794', '038000846755', 'Papas Fritas Pringles 12un x40gr Queso ', 2, 1, '1', 'N/A', '12', 15, '2022-08-20 12:07:32', '2022-08-20 13:55:15'),(358, 'UYSRQJ', 'COVA-000014633', 'COAR-000006903', '038000184949', 'Papas Fritas Pringles 14un x124gr Crema y Cebolla ', 2, 1, '1', 'N/A', '14', 15, '2022-08-20 12:07:32', '2022-08-20 13:55:15'),(359, 'OE760T', 'COVA-000014632', 'COAR-000006903', '038000184932', 'Papas Fritas Pringles 14un x124gr Original ', 2, 1, '1', 'N/A', '14', 15, '2022-08-20 12:07:32', '2022-08-20 13:55:15'),(360, 'QQYPBE', 'COVA-000014609', 'COAR-000006903', '038000184956', 'Papas Fritas Pringles 14un x124gr Queso ', 2, 1, '1', 'N/A', '14', 15, '2022-08-20 12:07:32', '2022-08-20 13:55:15'),(361, 'GZE0N8', 'COVA-000023235', 'COAR-000014257', '7702103774248', 'Papas Fritas Pringles Lonchera (Contiene Original + Sour Cre  ', 2, 1, '1', 'N/A', '8', 15, '2022-08-20 12:07:32', '2022-08-20 13:55:15'),(362, '3C2LVB', 'COVA-000067271', 'COAR-000058734', '038000138720', 'Papas Fritas Pringles Ranch Crisps x14Un x158gr Ranch ', 2, 1, '1', 'N/A', '14', 15, '2022-08-20 12:07:32', '2022-08-20 13:55:15'),(363, '38AL87', 'COVA-000067597', 'COAR-000059056', '038000248344', 'Papas Fritas Pringles Wavy Moa Burger x8Un x137gr Moa Burger ', 2, 1, '1', 'N/A', '8', 15, '2022-08-20 12:07:32', '2022-08-20 13:55:15'),(364, 'NO3EF1', 'COVA-000107555', 'COAR-000098871', '7700509290645', 'Pechuga Desmechada Enlatada Friko x48Un x80gr  ', 2, 1, '1', 'N/A', '48', 18, '2022-08-20 12:07:32', '2022-08-20 13:55:16'),(365, 'CRTWL4', 'COVA-000107816', 'COAR-000099132', 'COVA000107816', 'POPALTIPAL_Afiche Elecciones Cafeteras  Juan Valdez', 2, 1, '1', 'N/A', '1', 17, '2022-08-20 12:07:32', '2022-08-20 13:55:16'),(366, '1PKXPP', 'COVA-000069372', 'COAR-000060802', 'COVA000069372', 'POPALTIPAL_Afiche Navidad  Enalia', 2, 1, '1', 'N/A', '1', 17, '2022-08-20 12:07:32', '2022-08-20 13:55:16'),(367, 'L9BH38', 'COVA-000106599', 'COAR-000097915', 'COVA000106599', 'POPALTIPAL_Catalogos Bauducco - Tradicional  Pandurata', 2, 1, '1', 'N/A', '1', 17, '2022-08-20 12:07:32', '2022-08-20 13:55:16'),(368, 'AWN4LM', 'COVA-000064660', 'COAR-000056177', 'COVA000064660', 'POPALTIPAL_Chispa De Precio Generico Altipal  Sindoni', 2, 1, '1', 'N/A', '1', 17, '2022-08-20 12:07:32', '2022-08-20 13:55:16'),(369, 'N575QE', 'COVA-000094742', 'COAR-000086094', 'COVA000094742', 'POPALTIPAL_Sticker Obsequi Arroz Diana Para Vitad  Vitad', 2, 1, '1', 'N/A', '1', 17, '2022-08-20 12:07:32', '2022-08-20 13:55:16'),(370, 'LRLF95', 'COVA-000102730', 'COAR-000094077', 'COVA000102730', 'POPALTIPAL_Vaso Kavo 9 Onz  Juan Valdez', 2, 1, '1', 'N/A', '1', 17, '2022-08-20 12:07:32', '2022-08-20 13:55:16'),(371, 'UQA61Q', 'COVA-000069364', 'COAR-000060794', 'COVA000069364', 'POPALTIPAL_Volante Surtiapp  Altipal', 2, 1, '1', 'N/A', '1', 17, '2022-08-20 12:07:32', '2022-08-20 13:55:16'),(372, '1RQJZ7', 'COVA-000026118', 'COAR-000017991', '7702436547922', 'Promopack Boligrafo x3cajillasCristal Dura + 1cajilla Precis  ', 2, 1, '1', 'N/A', '16', 2, '2022-08-20 12:07:32', '2022-08-20 13:55:16'),(373, 'FLP9H7', 'COVA-000032574', 'COAR-000024384', '7702031501442', 'Protector Carefree Con Perfume 12Un x100 Protectores  ', 2, 1, '1', 'N/A', '12', 14, '2022-08-20 12:07:32', '2022-08-20 13:55:16'),(374, 'LRNNB2', 'COVA-000032570', 'COAR-000024380', '7702031503118', 'Protector Carefree Con Perfume 12Un x150 Protectores  ', 2, 1, '1', 'N/A', '12', 14, '2022-08-20 12:07:32', '2022-08-20 13:55:16'),(375, 'IR0ODJ', 'COVA-000033083', 'COAR-000024376', 'COVA000033083', 'Protector Carefree Con Perfume 36Un x15 Protectores  ', 2, 1, '1', 'N/A', '36', 14, '2022-08-20 12:07:32', '2022-08-20 13:55:16'),(376, '31VKD2', 'COVA-000032571', 'COAR-000024381', '7702031503361', 'Protector Carefree Todos Los Dias 12Un x150 Protectores  ', 2, 1, '1', 'N/A', '12', 14, '2022-08-20 12:07:32', '2022-08-20 13:55:16'),(377, 'VJXGX1', 'COVA-000032567', 'COAR-000024377', '7702031501398', 'Protector Carefree Todos Los Dias 36Un x15 Protectores  ', 2, 1, '1', 'N/A', '36', 14, '2022-08-20 12:07:32', '2022-08-20 13:55:16'),(378, '47N0B0', 'COVA-000033084', 'COAR-000024377', '33084', 'Protector Carefree Todos Los Dias 36Un x15 Protectores  ', 2, 1, '1', 'N/A', '36', 14, '2022-08-20 12:07:32', '2022-08-20 13:56:25'),(379, 'X10XCS', 'COVA-000030486', 'COAR-000022303', '7702210092051', 'Quitagrasa Frotex Cocina Pistola 24Un x500ml  ', 2, 1, '1', 'N/A', '24', 9, '2022-08-20 12:07:32', '2022-08-20 13:55:16'),(380, '4ZNJ4V', 'COVA-000034061', 'COAR-000025865', '7401005008580', 'Ron Zacapa Centenario 23años 6Un x700ml  ', 2, 1, '1', 'N/A', '6', 7, '2022-08-20 12:07:32', '2022-08-20 13:55:16'),(381, 'M5IN9T', 'COVA-000012876', 'COAR-000005425', '7401005010583', 'Ron Zacapa Centenario Ambar 6un x750ml  ', 2, 1, '1', 'N/A', '6', 7, '2022-08-20 12:07:32', '2022-08-20 13:55:16'),(382, 'NAONHG', 'COVA-000107556', 'COAR-000098872', '7700509290669', 'Salchicha Viena Enlatado Friko x24Un x150gr  ', 2, 1, '1', 'N/A', '24', 18, '2022-08-20 12:07:32', '2022-08-20 13:55:16'),(383, 'ZRFVC5', 'COVA-000001152', 'COAR-000000727', '8426920635009', 'Sardina Isabel 24un x425gr Tomate ', 2, 1, '1', 'N/A', '24', 6, '2022-08-20 12:07:32', '2022-08-20 13:55:16'),(384, '3UZSFI', 'COVA-000001083', 'COAR-000000683', '7702210050297', 'Shampoo Alfombras Frotex 24un x500ml Relax ', 2, 1, '1', 'N/A', '24', 9, '2022-08-20 12:07:32', '2022-08-20 13:55:16'),(385, 'UE4JMM', 'COVA-000045919', 'COAR-000037585', '7702031293217', 'Shampoo Johnson´S Baby Cabello Claro x12Un x100ml Claro ', 2, 1, '1', 'N/A', '12', 14, '2022-08-20 12:07:32', '2022-08-20 13:55:16'),(386, '7OIXLH', 'COVA-000059330', 'COAR-000037585', 'COVA000059330', 'Shampoo Johnson´S Baby Cabello Claro x12Un x100ml Claro ', 2, 1, '1', 'N/A', '12', 14, '2022-08-20 12:07:32', '2022-08-20 13:55:17'),(387, '9AVIB4', 'COVA-000058147', 'COAR-000049707', '49707', 'Shampoo Konzil Restauracion x24Dp x18Un x20ml  ', 2, 1, '1', 'N/A', '432', 11, '2022-08-20 12:07:32', '2022-08-20 13:55:17'),(388, 'WUIFNO', 'COVA-000058150', 'COAR-000049710', '49710', 'Shampoo Konzil Seda Liquida Con Complejo Vita12 x24Dp x18Un   ', 2, 1, '1', 'N/A', '432', 11, '2022-08-20 12:07:32', '2022-08-20 13:55:17'),(389, '8OON3W', 'COVA-000055844', 'COAR-000047408', 'COVA000055844', 'Sticker Nevera Copa America Black & White  Diageo', 2, 1, '1', 'N/A', '1', 7, '2022-08-20 12:07:32', '2022-08-20 13:55:17'),(390, 'TNTZYO', 'COVA-000039659', 'COAR-000031406', '31406', 'Suavizante Suavitel 2Dp x2Un x3000ml PE Fresca Primavera ', 2, 1, '1', 'N/A', '4', 5, '2022-08-20 12:07:32', '2022-08-20 13:55:17'),(391, 'Y6NUEJ', 'COVA-000005225', 'COAR-000002979', '2979', 'Suavizante Suavitel 6dp x2un x1000ml Ahorre 15% Fresca Primavera ', 2, 1, '1', 'N/A', '12', 5, '2022-08-20 12:07:32', '2022-08-20 13:55:17'),(392, '5PY6AH', 'COVA-000093921', 'COAR-000085273', '7509546676043', 'Suavizante Suavitel Complete Flor De Primavera x56Un x160ml Flor de Primavera ', 2, 1, '1', 'N/A', '56', 5, '2022-08-20 12:07:32', '2022-08-20 13:55:17'),(393, '2U7D5R', 'COVA-000093920', 'COAR-000085272', '7509546676012', 'Suavizante Suavitel Complete Lavanda x56Un x160ml Lavanda ', 2, 1, '1', 'N/A', '56', 5, '2022-08-20 12:07:32', '2022-08-20 13:55:17'),(394, 'U6KGG1', 'COVA-000021044', 'COAR-000006806', '7702010283208', 'Suavizante Suavitel Doypack Complete 48un x180ml Flor de Primavera ', 2, 1, '1', 'N/A', '48', 5, '2022-08-20 12:07:32', '2022-08-20 13:55:17'),(395, 'HA2Z3G', 'COVA-000014470', 'COAR-000006806', '7702010282904', 'Suavizante Suavitel Doypack Complete 48un x180ml Lavanda ', 2, 1, '1', 'N/A', '48', 5, '2022-08-20 12:07:32', '2022-08-20 13:55:17'),(396, '5DDS1Q', 'COVA-000011177', 'COAR-000004725', '7702010282751', 'Suavizante Suavitel Dulces Placeres Doypack 24un x430ml Fresa y Chocolate ', 2, 1, '1', 'N/A', '24', 5, '2022-08-20 12:07:32', '2022-08-20 13:55:17'),(397, '605PQH', 'COVA-000093917', 'COAR-000085269', '7509546676050', 'Suavizante Suavitel Fresas Y Chocolate x56Un x180ml Fresas y Chocolate ', 2, 1, '1', 'N/A', '56', 5, '2022-08-20 12:07:32', '2022-08-20 13:55:17'),(398, 'CC23UD', 'COVA-000049842', 'COAR-000041462', '7509546670119', 'Suavizante Suavitel Naturals x24Un x400ml Naturals ', 2, 1, '1', 'N/A', '24', 5, '2022-08-20 12:07:32', '2022-08-20 13:55:17'),(399, 'RN8UO0', 'COVA-000093918', 'COAR-000085270', '7509546676029', 'Suavizante Suavitel Vainilla x56Un x180ml Vainilla ', 2, 1, '1', 'N/A', '56', 5, '2022-08-20 12:07:32', '2022-08-20 13:55:17'),(400, 'EL6GEX', 'COVA-000092669', 'COAR-000077922', 'COVA000092669', 'Tampon Ob Original Medio x20Un x8 Tampones Medio ', 2, 1, '1', 'N/A', '20', 14, '2022-08-20 12:07:32', '2022-08-20 13:55:17'),(401, 'BTY57N', 'COVA-000092670', 'COAR-000077923', 'COVA000092670', 'Tampon Ob Original Super x20Un x8 Tampones Super ', 2, 1, '1', 'N/A', '20', 14, '2022-08-20 12:07:32', '2022-08-20 13:55:17'),(402, 'GYB6GA', 'COVA-000022240', 'COAR-000013300', '7702746011120', 'Te Himalaya Sabores Premium Chai Cx144/Ux20  ', 2, 1, '1', 'N/A', '144', 12, '2022-08-20 12:07:32', '2022-08-20 13:55:17'),(403, 'GL4920', 'COVA-000022250', 'COAR-000013310', '7702746072008', 'Te Himalaya Verde Flor De Jamaica Cx144/Ux20  ', 2, 1, '1', 'N/A', '144', 12, '2022-08-20 12:07:32', '2022-08-20 13:55:17'),(404, 'N1HLO2', 'COVA-000022253', 'COAR-000013313', '7702746073104', 'Te Himalaya Verde Jengibre Y Miel Cx144/Ux20  ', 2, 1, '1', 'N/A', '144', 12, '2022-08-20 12:07:32', '2022-08-20 13:55:18'),(405, 'DXZXMD', 'COVA-000022244', 'COAR-000013304', '7702746070011', 'Te Himalaya Verde Original Cx144/Ux20  ', 2, 1, '1', 'N/A', '144', 12, '2022-08-20 12:07:32', '2022-08-20 13:55:18'),(406, '2VMISI', 'COVA-000022248', 'COAR-000013308', '7702746070141', 'Te Himalaya Verde Piel De Uva Cx144/Ux20  ', 2, 1, '1', 'N/A', '144', 12, '2022-08-20 12:07:32', '2022-08-20 13:55:18'),(407, '5CHWXK', 'COVA-000022246', 'COAR-000013306', '7702746070042', 'Te Himalaya Verde Piña Cx144/Ux20  ', 2, 1, '1', 'N/A', '144', 12, '2022-08-20 12:07:32', '2022-08-20 13:55:18'),(408, '5EYH7R', 'COVA-000085045', 'COAR-000076427', '7702746014060', 'Te Premium Himalaya Café Chocolate Cx144/Ux20  ', 2, 1, '1', 'N/A', '144', 12, '2022-08-20 12:07:32', '2022-08-20 13:55:18'),(409, 'MX8A9H', 'COVA-000088356', 'COAR-000079736', '7702746073173', 'Te Verde Himalaya Jengibre Y Miel Ristra Cx48/Ux12  ', 2, 1, '1', 'N/A', '48', 12, '2022-08-20 12:07:32', '2022-08-20 13:55:18'),(410, 'C8OMWN', 'COVA-000067235', 'COAR-000058701', '7702746079243', 'Te Verde Himalaya Moringa Arandanos x144Un x20 Sobres  ', 2, 1, '1', 'N/A', '144', 12, '2022-08-20 12:07:32', '2022-08-20 13:55:18'),(411, 'KR9I0E', 'COVA-000029426', 'COAR-000021246', '5000281056265', 'Tequila Don Julio 70th 12Un x700ml  ', 2, 1, '1', 'N/A', '12', 7, '2022-08-20 12:07:32', '2022-08-20 13:55:18'),(412, '172O89', 'COVA-000029427', 'COAR-000021247', '5000281060668', 'Tequila Don Julio Blanco 6Un x700ml  ', 2, 1, '1', 'N/A', '6', 7, '2022-08-20 12:07:32', '2022-08-20 13:55:18'),(413, '9L5PUO', 'COVA-000029424', 'COAR-000021244', '5000281062808', 'Tequila Don Julio Reposado 12Un x700ml  ', 2, 1, '1', 'N/A', '12', 7, '2022-08-20 12:07:32', '2022-08-20 13:55:18'),(414, 'U3VO57', 'COVA-000001134', 'COAR-000000718', '8410111005023', 'Tinapa en Conserva Isabel 50un x156gr Salsa De Tomate ', 2, 1, '1', 'N/A', '50', 6, '2022-08-20 12:07:32', '2022-08-20 13:55:18'),(415, 'AWS4KR', 'COVA-000032565', 'COAR-000024375', '7702031800682', 'Toalla Femenina Stayfree Alas 8Dp x7Un x12 Toallas  ', 2, 1, '1', 'N/A', '56', 14, '2022-08-20 12:07:32', '2022-08-20 13:55:18'),(416, 'QYJEZL', 'COVA-000033082', 'COAR-000024375', 'COVA000033082', 'Toalla Femenina Stayfree Alas 8Dp x7Un x12 Toallas  ', 2, 1, '1', 'N/A', '56', 14, '2022-08-20 12:07:32', '2022-08-20 13:55:18'),(417, '1O9PZF', 'COVA-000039819', 'COAR-000031566', '7702031800699', 'Toalla Higiénica Stayfree Sin Alas 8Dp x7Un x12 Toallas Sin Alas ', 2, 1, '1', 'N/A', '56', 14, '2022-08-20 12:07:32', '2022-08-20 13:55:18'),(418, 'YVV2GZ', 'COVA-000041457', 'COAR-000031566', 'COVA000041457', 'Toalla Higiénica Stayfree Sin Alas 8Dp x7Un x12 Toallas Sin Alas ', 2, 1, '1', 'N/A', '56', 14, '2022-08-20 12:07:32', '2022-08-20 13:55:18'),(419, 'U7O4RF', 'COVA-000093913', 'COAR-000085265', '7891962060453', 'Tostada Clasica Bauducco x36Un x142gr Clasica ', 2, 1, '1', 'N/A', '36', 20, '2022-08-20 12:07:32', '2022-08-20 13:55:18'),(420, '3VEMUW', 'COVA-000093911', 'COAR-000085263', '7891962060460', 'Tostada Integral Bauducco x36Un x142gr Integral ', 2, 1, '1', 'N/A', '36', 20, '2022-08-20 12:07:32', '2022-08-20 13:55:18'),(421, '2QU7VZ', 'COVA-000081951', 'COAR-000073340', '7891962055213', 'Tostadas Bauducco Clasica x24Un x120gr  ', 2, 1, '1', 'N/A', '24', 20, '2022-08-20 12:07:32', '2022-08-20 13:55:18'),(422, 'NWD3IV', 'COVA-000081952', 'COAR-000073341', '7891962055220', 'Tostadas Bauducco Integral x24Un x120gr  ', 2, 1, '1', 'N/A', '24', 20, '2022-08-20 12:07:32', '2022-08-20 13:55:18'),(423, 'LFLULQ', 'COVA-000017543', 'COAR-000008969', '7703588003151', 'Vino Alteza Blanco 12un x750ml  ', 1, 1, '1', 'N/A', '12', 8, '2022-08-20 12:07:32', '2022-08-20 13:55:18'),(424, 'PHV2C1', 'COVA-000017544', 'COAR-000008970', '7703588003168', 'Vino Alteza Rosado 12un x750ml  ', 1, 1, '1', 'N/A', '12', 8, '2022-08-20 12:07:32', '2022-08-20 13:55:19'),(425, '7FFK8W', 'COVA-000017542', 'COAR-000008968', '7703588000815', 'Vino Blanco de Misa Bacarles 12un x750ml  ', 1, 1, '1', 'N/A', '12', 8, '2022-08-20 12:07:32', '2022-08-20 13:55:19'),(426, '5WLD2X', 'COVA-000017534', 'COAR-000008960', '7703588000211', 'Vino Cariñoso Aroma y Sabor a Durazno 12un x750ml  ', 1, 1, '1', 'N/A', '12', 8, '2022-08-20 12:07:32', '2022-08-20 13:55:19'),(427, 'LXY7LC', 'COVA-000017533', 'COAR-000008959', '7703588000112', 'Vino Cariñoso Aroma y Sabor a Manzana 12un x750ml  ', 1, 1, '1', 'N/A', '12', 8, '2022-08-20 12:07:32', '2022-08-20 13:55:19'),(428, 'KVLCQU', 'COVA-000037575', 'COAR-000029329', '7703588001201', 'Vino Cariñoso Aroma y Sabor a Manzana Rose 12Un x750ml  ', 1, 1, '1', 'N/A', '12', 8, '2022-08-20 12:07:32', '2022-08-20 13:55:19'),(429, '00MGA5', 'COVA-000017537', 'COAR-000008963', '7703588001041', 'Vino Cariñoso Tinto de Verano 12un x750ml  ', 1, 1, '1', 'N/A', '12', 8, '2022-08-20 12:07:32', '2022-08-20 13:55:19'),(430, 'HZLQYK', 'COVA-000037574', 'COAR-000029328', '7703588002918', 'Vino Ducarles Moscatel 12Un x750ml  ', 1, 1, '1', 'N/A', '12', 8, '2022-08-20 12:07:32', '2022-08-20 13:55:19'),(431, 'DK1L1K', 'COVA-000021293', 'COAR-000012390', '7703588000495', 'Vino Dulce Sanson Compuesto Maestro 12un x750ml  ', 1, 1, '1', 'N/A', '12', 8, '2022-08-20 12:07:32', '2022-08-20 13:55:19'),(432, 'EFRDQ4', 'COVA-000017538', 'COAR-000008964', '7703588003304', 'Vino Sanson 12un x750ml  ', 1, 1, '1', 'N/A', '12', 8, '2022-08-20 12:07:32', '2022-08-20 13:55:19'),(433, 'ISLGOE', 'COVA-000017539', 'COAR-000008965', '7703588000488', 'Vino Sanson Centenario 12un x750ml  ', 1, 1, '1', 'N/A', '12', 8, '2022-08-20 12:07:32', '2022-08-20 13:55:19'),(434, 'G0EB8R', 'COVA-000017540', 'COAR-000008966', '7703588000389', 'Vino Sanson Coffee 12un x750ml  ', 1, 1, '1', 'N/A', '12', 8, '2022-08-20 12:07:32', '2022-08-20 13:55:19'),(435, 'FWAPMD', 'COVA-000017545', 'COAR-000008971', '7703588001546', 'Vino Sazón Blanco 12un x750ml  ', 1, 1, '1', 'N/A', '12', 8, '2022-08-20 12:07:32', '2022-08-20 13:55:19'),(436, 'N1O4J6', 'COVA-000017546', 'COAR-000008972', '7703588001560', 'Vino Sazón Tinto 12un x750ml  ', 1, 1, '1', 'N/A', '12', 8, '2022-08-20 12:07:32', '2022-08-20 13:55:19'),(437, 'VZWBID', 'COVA-000017541', 'COAR-000008967', '7703588000419', 'Vino Tinto Sangria Fiesta 12Un x750ml  ', 1, 1, '1', 'N/A', '12', 8, '2022-08-20 12:07:32', '2022-08-20 13:55:19'),(438, 'CL0ZGW', 'COVA-000009511', 'COAR-000004168', '5410316948999', 'Vodka Smirnoff Ice Green Apple Botella 24un x275ml  ', 1, 1, '1', 'N/A', '24', 7, '2022-08-20 12:07:32', '2022-08-20 13:55:19'),(439, 'CW62H2', 'COVA-000007305', 'COAR-000003595', '5410316945981', 'Vodka Smirnoff Ice Green Apple Lata 24un x250ml  ', 1, 1, '1', 'N/A', '24', 7, '2022-08-20 12:07:32', '2022-08-20 13:55:19'),(440, 'OKTVXT', 'COVA-000000905', 'COAR-000000509', '5410316942775', 'Vodka Smirnoff Red 12un x700ml  ', 1, 1, '1', 'N/A', '12', 7, '2022-08-20 12:07:32', '2022-08-20 13:55:19'),(441, 'JUSVI3', 'COVA-000000907', 'COAR-000000511', '5410316518994', 'Vodka Smirnoff Red 24un x350ml  ', 1, 1, '1', 'N/A', '24', 7, '2022-08-20 12:07:32', '2022-08-20 13:55:19'),(442, 'G3E9PL', 'COVA-000023420', 'COAR-000016241', '7707096271682', 'Vodka Smirnoff X1 Lulo Botella 15un x750ml  ', 1, 1, '1', 'N/A', '15', 7, '2022-08-20 12:07:32', '2022-08-20 13:55:19'),(443, '7FN03F', 'COVA-000039601', 'COAR-000031348', '7707096225951', 'Vodka Smirnoff X1 Lulo Botella 24Un x375ml  ', 1, 1, '1', 'N/A', '24', 7, '2022-08-20 12:07:32', '2022-08-20 13:55:19'),(444, 'JB0BRX', 'COVA-000075248', 'COAR-000066660', '7707096252339', 'Vodka Smirnoff X1 Lulo Sin Azúcar x15Un x750ml  ', 1, 1, '1', 'N/A', '15', 7, '2022-08-20 12:07:32', '2022-08-20 13:55:20'),(445, 'J08ZIJ', 'COVA-000026722', 'COAR-000018428', '7707096289946', 'Vodka Smirnoff X1 Lulo TetraPak 12un x1000ml  ', 1, 1, '1', 'N/A', '12', 7, '2022-08-20 12:07:32', '2022-08-20 13:55:20'),(446, 'DGW25J', 'COVA-000027809', 'COAR-000019632', '50196081', 'Whisky Black & White 12Un x1000ml  ', 1, 1, '1', 'N/A', '12', 7, '2022-08-20 12:07:32', '2022-08-20 13:55:20'),(447, '88W27W', 'COVA-000013069', 'COAR-000005500', '50196135', 'Whisky Black & White 12un x700ml  ', 1, 1, '1', 'N/A', '12', 7, '2022-08-20 12:07:32', '2022-08-20 13:55:20'),(448, 'ES8VL6', 'COVA-000027810', 'COAR-000019633', '5000196006119', 'Whisky Black & White 4dp x12Un x200ml  ', 1, 1, '1', 'N/A', '48', 7, '2022-08-20 12:07:32', '2022-08-20 13:55:20'),(449, 'I49O4R', 'COVA-000008533', 'COAR-000003903', '50196166', 'Whisky Black & White 4dp x6un x375ml  ', 1, 1, '1', 'N/A', '24', 7, '2022-08-20 12:07:32', '2022-08-20 13:55:20'),(450, 'JLKXL3', 'COVA-000052690', 'COAR-000044291', '7707096230801', 'Whisky Black & White Copa America x12Un x700ml Copa America ', 1, 1, '1', 'N/A', '12', 7, '2022-08-20 12:07:32', '2022-08-20 13:55:20'),(451, 'EYWV77', 'COVA-000046989', 'COAR-000038642', '50196838', 'Whisky Black & White Vidrio x8Dp x6Un x200ml  ', 1, 1, '1', 'N/A', '48', 7, '2022-08-20 12:07:32', '2022-08-20 13:55:20'),(452, 'TLJXSC', 'COVA-000000913', 'COAR-000000517', '50196364', 'Whisky Buchanan´s 12años D´Luxe 12un x1000ml  ', 1, 1, '1', 'N/A', '12', 7, '2022-08-20 12:07:32', '2022-08-20 13:55:20'),(453, '3GHGYQ', 'COVA-000000914', 'COAR-000000518', '50196395', 'Whisky Buchanan´s 12años D´Luxe 24un x375ml  ', 1, 1, '1', 'N/A', '24', 7, '2022-08-20 12:07:32', '2022-08-20 13:55:20'),(454, 'W4XCZT', 'COVA-000000918', 'COAR-000000522', '50196388', 'Whisky Buchanan´s D´Luxe 12un x750ml  ', 1, 1, '1', 'N/A', '12', 7, '2022-08-20 12:07:32', '2022-08-20 13:55:20'),(455, '4VPYSB', 'COVA-000024060', 'COAR-000016862', '5000196006027', 'Whisky Buchanan´s Malt Edition x12un x750ml  ', 1, 1, '1', 'N/A', '12', 7, '2022-08-20 12:07:32', '2022-08-20 13:55:20'),(456, 'RRHGCR', 'COVA-000033066', 'COAR-000024875', '5000196004023', 'Whisky Buchanan´s Master 12Un x1000ml  ', 1, 1, '1', 'N/A', '12', 7, '2022-08-20 12:07:32', '2022-08-20 13:55:20'),(457, '79GSR8', 'COVA-000000919', 'COAR-000000523', '5000196003774', 'Whisky Buchanan´s Master 12un x750ml  ', 1, 1, '1', 'N/A', '12', 7, '2022-08-20 12:07:32', '2022-08-20 13:55:20'),(458, 'O86ULN', 'COVA-000012759', 'COAR-000005370', '087000005525', 'Whisky Bulleit Bourbon 12un x750ml  ', 1, 1, '1', 'N/A', '12', 7, '2022-08-20 12:07:32', '2022-08-20 13:55:20'),(459, 'ZWYD4F', 'COVA-000018716', 'COAR-000009970', '5000281051116', 'Whisky Haig Clubman 12un x700ml  ', 1, 1, '1', 'N/A', '12', 7, '2022-08-20 12:07:32', '2022-08-20 13:55:20'),(460, 'EZ2RL0', 'COVA-000027812', 'COAR-000019635', '5000281054094', 'Whisky Haig Clubman 4dp x12Un x200ml  ', 1, 1, '1', 'N/A', '48', 7, '2022-08-20 12:07:32', '2022-08-20 13:55:20'),(461, 'KIQGQS', 'COVA-000037008', 'COAR-000028770', '5000267117560', 'Whisky Jhonnie Walker Gold Label 6Un x700ml  ', 1, 1, '1', 'N/A', '6', 7, '2022-08-20 12:07:32', '2022-08-20 13:55:20'),(462, 'ZQ5WEV', 'COVA-000012962', 'COAR-000005469', '5000267023601', 'Whisky Johnnie Walker Black Label 12años 12un x1000ml  ', 1, 1, '1', 'N/A', '12', 7, '2022-08-20 12:07:32', '2022-08-20 13:55:21'),(463, 'ETK9QX', 'COVA-000018337', 'COAR-000009607', '5000267024233', 'Whisky Johnnie Walker Black Label 12un x700ml  ', 1, 1, '1', 'N/A', '12', 7, '2022-08-20 12:07:32', '2022-08-20 13:55:21'),(464, 'BT9BQU', 'COVA-000000929', 'COAR-000000533', '5000267024608', 'Whisky Johnnie Walker Black Label 24un x375ml  ', 1, 1, '1', 'N/A', '24', 7, '2022-08-20 12:07:32', '2022-08-20 13:55:21'),(465, 'EKZU6D', 'COVA-000000934', 'COAR-000000538', '5000267114279', 'Whisky Johnnie Walker Blue Label 6un x750ml  ', 1, 1, '1', 'N/A', '6', 7, '2022-08-20 12:07:32', '2022-08-20 13:55:21'),(466, 'QPUPW8', 'COVA-000025728', 'COAR-000017604', '5000267116426', 'Whisky Johnnie Walker Double Black 6un x700ml  ', 1, 1, '1', 'N/A', '6', 7, '2022-08-20 12:07:32', '2022-08-20 13:55:21'),(467, '2CJFXC', 'COVA-000000944', 'COAR-000000548', '5000267013602', 'Whisky Johnnie Walker Red Label 12un x1000ml  ', 1, 1, '1', 'N/A', '12', 7, '2022-08-20 12:07:32', '2022-08-20 13:55:21'),(468, 'CF84EX', 'COVA-000026200', 'COAR-000018069', '5000267014203', 'Whisky Johnnie Walker Red Label 12un x700ml  ', 1, 1, '1', 'N/A', '12', 7, '2022-08-20 12:07:32', '2022-08-20 13:55:21'),(469, 'QLOD4C', 'COVA-000000948', 'COAR-000000552', '5000267014609', 'Whisky Johnnie Walker Red Label 24un x375ml  ', 1, 1, '1', 'N/A', '24', 7, '2022-08-20 12:07:32', '2022-08-20 13:55:21'),(470, 'XT47AE', 'COVA-000027811', 'COAR-000019634', '5000267171579', 'Whisky Johnnie Walker Red Label 4dp x12Un x200ml  ', 1, 1, '1', 'N/A', '48', 7, '2022-08-20 12:07:32', '2022-08-20 13:55:21'),(471, 'ZHYBE6', 'COVA-000000956', 'COAR-000000560', '5000281005034', 'Whisky Old Parr 12 años x18un x500ml  ', 1, 1, '1', 'N/A', '18', 7, '2022-08-20 12:07:32', '2022-08-20 13:55:21'),(472, 'NYBUAM', 'COVA-000000953', 'COAR-000000557', '5000281004020', 'Whisky Old Parr 12años 12un x1000ml  ', 1, 1, '1', 'N/A', '12', 7, '2022-08-20 12:07:32', '2022-08-20 13:55:21'),(473, 'MASU3C', 'COVA-000000955', 'COAR-000000559', '5000281003160', 'Whisky Old Parr 12años 12un x750ml  ', 1, 1, '1', 'N/A', '12', 7, '2022-08-20 12:07:32', '2022-08-20 13:55:21'),(474, '8G2YHB', 'COVA-000017825', 'COAR-000009205', '5000281055084', 'Whisky Old Parr 18 Años 12Un x750ml  ', 1, 1, '1', 'N/A', '12', 7, '2022-08-20 12:07:32', '2022-08-20 13:55:21'),(475, '6TW3YB', 'COVA-000027813', 'COAR-000019636', '5000281026626', 'Whisky Singleton of Dufftown 15años 6Un x700ml  ', 1, 1, '1', 'N/A', '6', 7, '2022-08-20 12:07:32', '2022-08-20 13:55:21'),(476, 'JXH9ZP', 'COVA-000061486', 'COAR-000053025', '849806002319', 'FOUR LOKO BLUE 24X 473ML', 1, 1, '1', 'SI', '6', 24, '2022-08-20 14:33:34', '2022-09-23 11:28:58'),(477, 'BAG8T9', 'COVA-000061483', 'COAR-000053022', '849806001756', 'Four Loko Gold x4Dp x6Un x473ml', 1, 1, '1', 'SI', '6', 24, '2022-08-20 14:35:53', '2022-09-23 11:09:51'),(478, 'Z20QQQ', 'COVA-000061484', 'COAR-000053023', '849806001220', 'Four Loko Ponche De Frutas x4Dp x6Un x473ml', 1, 1, '1', 'SI', '6', 24, '2022-08-20 14:41:38', '2022-09-23 11:12:44'),(479, 'AQU14E', 'COVA-000061485', 'COAR-000053024', '849806001206', 'FOUR LOKO SANDIA X4DP X6UND X473ML', 1, 1, '1', 'SI', '6', 24, '2022-08-20 14:42:38', '2022-09-23 11:28:30'),(480, 'JZKSRM', 'COVA-000107820', 'COAR-000099136', '849806002746', 'FOUR LOKO PURPLE X4DP X6UND X473ML', 1, 1, '1', 'SI', '6', 24, '2022-08-20 14:43:37', '2022-09-23 11:29:16'),(481, 'MQDXBZ', 'COVA-000093919', 'COAR-000085271', '7509546676142', 'SUAVITEL FRESCA PRIMAVERA 180ML', 2, 1, '1', 'N/A', '56', 5, '2022-08-20 15:42:59', '2022-09-02 13:55:39'),(482, '2W8O5M', 'COVA-000099935', 'COAR-000091286', '7702010420382', 'Jabón Protex x72Un x110gr Herbal', 2, 1, '1', 'N/A', '72', 5, '2022-08-20 15:49:10', '2022-09-23 11:04:10'),(483, 'XKTFG5', 'COVA-000099934', 'COAR-000091286', '7702010420511', 'JAVON PROTEX X72UN X110gr VITAMINA E', 2, 1, '1', 'N/A', '72', 5, '2022-08-20 15:57:28', '2022-09-02 13:54:48'),(484, 'IISVSW', 'N/A', 'COAR-000059480', '7509546657837', 'DESODORANTE SEED STICK ACTIVE 24DP X18UN DUO SACHET X9gr', 2, 1, '1', 'N/A', '18', 5, '2022-08-20 16:02:36', '2022-08-22 13:09:39'),(485, '4W2JK3', 'COVA-000089980', 'COAR-000081342', '7509546676920', 'JAVON PALMOLIVE SANDIA Y LYCHEE X72UN X110gr ', 2, 1, '1', 'N/A', '72', 5, '2022-08-20 16:14:57', '2022-09-02 13:53:45'),(486, '1U8A4C', 'COVA-000107456', 'COAR-000098772', '7702010420849', 'Jabón Protex Omega3 x72Un x110gr Omega3', 2, 1, '1', 'N/A', '72', 5, '2022-08-20 16:18:36', '2022-09-23 11:05:44'),(487, '7D7C4N', 'COVA-000011221', 'COAR-000004750', '7702010111464', 'Crema Dental Colgate Triple Acción 144un x22ml', 2, 1, '1', 'N/A', '144', 5, '2022-08-20 16:21:45', '2022-09-23 11:01:24'),(488, 'SECJAB', 'N/A', 'COAR-000004482', '7702010051555', 'DESODORANTE SPEED STICK 24/7 GEL SACHET 24DP X18UN X10GR COOL NIGHT', 2, 1, '1', 'N/A', '18', 5, '2022-08-20 16:30:13', '2022-08-22 13:09:39'),(489, 'OZETV8', 'COVA-000006516', 'COAR-000000250', '7702010225147', ' Limpiador Fabuloso 24un x500ml Fresca Lavanda Antibacterial', 2, 1, '1', 'N/A', '24', 5, '2022-08-20 16:47:04', '2022-09-23 10:49:51'),(490, 'AK0M4X', 'COVA-000014471', 'COAR-000006807', '7702010282898 ', 'SUAVIZANTE SUAVITEL DOYPACK COMPLETE 24UN X400ML LAVANDA', 2, 1, '1', 'N/A', '24', 5, '2022-08-20 16:51:06', '2022-09-23 11:55:02'),(491, 'YO67C5', 'COVA-000068051', 'COAR-000059492', '7702010410895', 'Jab PALMOLIVE Avena Azucar Morena', 2, 1, '1', 'N/A', '72', 5, '2022-08-20 16:57:11', '2022-09-22 17:19:58'),(493, '4URG80', 'COVA-000068050', 'COAR-000059492', '7702010410864', 'Jab PALMOLIVE Granada 120gr', 2, 1, '1', 'N/A', '72', 5, '2022-08-20 17:00:36', '2022-09-22 17:19:45'),(495, 'JZ5O44', 'COVA-000007697', 'COAR-000003680', '7702010282485', 'Suavizante Suavitel 24un x430ml gts Mas Contenido Fresca Primavera 100% Rendidor', 2, 1, '1', 'N/A', '6', 5, '2022-08-20 17:19:26', '2022-09-23 10:52:59'),(496, 'BAC0M5', 'COVA-000107998', 'COAR-000099309', '7702103778581', 'Cereal Kellogg Choco Krispis Pillows x200Un x32gr', 2, 1, '1', 'N/A', '200', 15, '2022-08-23 14:45:46', '2022-09-23 11:54:39'),(497, 'N7ZYSM', 'COVA-000103238', 'COAR-000094585', '7709936550940', 'Brownie Sin Azucar Vitad x8Un x4 Paquetes x46gr', 2, 1, '1', 'N/A', '4', 13, '2022-08-24 15:20:36', '2022-09-14 15:47:22'),(498, 'XA9Q41', 'COVA-000103239', 'COAR-000094586', '7709552851698', 'Galleta Chocolate Vitad x9Un x4 Paquetes x30gr', 2, 1, '1', 'N/A', '4', 13, '2022-08-24 15:22:23', '2022-09-23 11:29:28'),(499, 'CUG5D4', 'COVA-000103240', 'COAR-000094587', '7709552851612', 'Galletas Vainilla Vitad x9Un x4 Paquetes', 2, 1, '1', 'N/A', '4', 13, '2022-08-24 15:25:06', '2022-09-23 11:29:57'),(501, 'YLTNHK', 'COVA-000090301', 'COAR-000081663', '7708980275342', 'Snack Natural Vitad x14Un x12gr', 2, 1, '1', 'N/A', '14', 13, '2022-08-24 15:36:07', '2022-09-14 15:45:19'),(502, '3ZDA84', 'COVA-000090302', 'COAR-000081664', '7708992479455', 'Sanck Queso Vitad x14Un x12gr', 2, 1, '1', 'N/A', '14', 13, '2022-08-24 15:37:23', '2022-09-14 15:46:15'),(503, 'JH60KT', 'COVA-000018823', 'COAR-000010071', '7702746010123', 'Te Negro Himalaya Original Cx288/Ux12', 2, 1, '1', 'N/A', '288', 12, '2022-08-24 17:00:11', '2022-09-09 20:04:20'),(504, 'XMQQ20', 'COVA-000029965', 'COAR-000021785', '7702535024423', 'Gaseosa Coca-Cola Botella Pet 12Un x1500ml', 2, 1, '1', 'N/A', '12', 25, '2022-08-26 15:21:09', '2022-09-23 11:54:25'),(505, 'RQL91X', 'COVA-000029964', 'COAR-000021784', '7702535011799', 'Gaseosas Coca-Cola Sin Azucar Pet 12Un 1500ml', 2, 1, '1', 'N/A', '12', 25, '2022-08-26 15:22:47', '2022-09-23 11:38:18'),(506, '981AFT', 'COVA-000029962', 'COAR-000021782', '7702535011089', 'Gaseosas Coca-Cola Pet 12Un x400ml', 2, 1, '1', 'N/A', '12', 25, '2022-08-26 15:24:45', '2022-09-23 11:30:13'),(507, 'R0O5MD', 'COVA-000032272', 'COAR-000024082', '7702535011119', 'Gaseosas Coca-Cola Sin Azucar Pet 12Un x400ml', 2, 1, '1', 'N/A', '12', 25, '2022-08-26 15:26:03', '2022-09-23 12:10:53'),(508, '5JI7M5', 'COVA-000029967', 'COAR-000021787', '7702535024447', 'Gaseosas Coca-Cola Pet 6Un x3000ml', 2, 1, '1', 'N/A', '6', 25, '2022-08-26 15:26:59', '2022-09-23 12:11:06'),(509, 'CF7H0L', 'COVA-000058050', 'COAR-000049610', '7702609006508', 'Gaseosas Kola Roman 12Un x400ml', 2, 1, '1', 'N/A', '12', 25, '2022-08-26 15:28:16', '2022-09-23 12:11:21'),(510, 'Z61XT3', 'COVA-000058051', 'COAR-000049611', '7702609001886', 'Gaseosas Kola Roman 12Un x1500ml', 2, 1, '1', 'N/A', '12', 25, '2022-08-26 15:29:30', '2022-09-23 12:11:35'),(512, 'WKG7GF', 'COVA-000038223', 'COAR-000029975', '38223', 'Azucar Mayagüez Blanco Especial 25Un x500gr Blanco Especial', 2, 1, '1', 'N/A', '25', 16, '2022-08-26 18:28:58', '2022-08-26 18:28:58'),(513, 'J46MFK', 'COVA-000058141', 'COAR-000049701', '58141', 'Desodorante Balance Normal Crema Duo x24Dp x16Un x9gr', 2, 1, '1', 'N/A', '16', 11, '2022-08-27 10:48:46', '2022-08-27 10:48:46'),(514, 'DGS5T0', 'COVA-000081955', 'COAR-000073344', '81955', 'Mini Cake Bauducco Multipack x12Dp x8Un x27gr', 2, 1, '1', 'N/A', '8', 20, '2022-08-27 12:28:51', '2022-08-27 12:28:51'),(515, 'F3FTW7', 'COVA-000030482', 'COAR-000022299', '30482', 'Limpiador Desinfectante Pisos Frotex Bosque Marino 18Un x1000ml', 2, 1, '1', 'N/A', '18', 9, '2022-08-29 11:34:23', '2022-08-29 11:38:05'),(516, '8AZZ4R', 'COVA-000058142', 'COAR-000049702', '58142', 'Desodorante Balance Clinical Crema Mujer 72 Horas x24Dp x18Un x11,5gr', 2, 1, '1', 'N/A', '18', 11, '2022-08-29 11:48:48', '2022-08-29 11:48:48'),(517, 'D1JQ58', 'COVA-000087365', 'COAR-000078747', '87365', 'Lavaplatos Crema Platox Frotex Biodegradable x24Un x235gr', 2, 1, '1', 'N/A', '24', 9, '2022-08-29 11:51:27', '2022-08-29 11:51:27'),(518, '4Z9XJZ', 'COVA-000038216', 'COAR-000029968', '38216', 'Azucar Mayagüez Blanco Especial 10Un x2500gr', 2, 1, '1', 'N/A', '10', 16, '2022-08-30 08:55:20', '2022-08-30 08:55:20'),(519, '85IYKM', 'N/A', 'N/A', '77501064191398', 'CERVEZA CORONA ESTRA 4 SIXPACK X 355 ML ', 1, 1, '5', 'N/A', '24', 26, '2022-08-31 15:10:54', '2022-08-31 15:16:44'),(520, 'QJU8W5', 'N/A', 'N/A', '77501064199158', 'CERVEZA STELLA ARTOIS 4 SIXPACK X 330 ML ', 1, 1, '5', 'NO', '24', 26, '2022-08-31 15:11:47', '2022-08-31 15:16:57'),(522, 'QHXE37', '6237', 'N/A', '8032937130118', 'POGGIOTONDO IGT ROSATO', 1, 1, '1', 'SI', '12', 27, '2022-09-01 10:23:53', '2022-09-01 10:24:17'),(523, 'B6EMIU', '5845', 'N/A', '8410161202267', 'GINEBRA FIFTY POUNDS LONDON DRY', 1, 1, '1', 'SI', '12', 27, '2022-09-01 10:23:53', '2022-09-01 10:24:22'),(524, 'V19Z5X', '7313', 'N/A', '5013967012509', 'JURA SINGLE MALT SCOTH WHISKY 12 YEARS x 700ml', 1, 1, '1', 'SI', '12', 27, '2022-09-01 10:23:53', '2022-09-01 10:24:28'),(525, 'G140VH', '2287', 'N/A', '715126600019', 'MPN MONTES SELECCION PINOT NOIR', 1, 1, '1', 'SI', '12', 27, '2022-09-01 10:23:53', '2022-09-01 10:24:32'),(526, 'T0WXI4', '7784', 'N/A', '715126000260', 'MSAB MONTES SPARKLING ANGEL BRUT', 1, 1, '1', 'SI', '12', 27, '2022-09-01 10:23:53', '2022-09-01 10:24:35'),(527, 'NZ9N8N', '4726', 'N/A', '8437005373099', 'PRUNO', 1, 1, '1', 'SI', '12', 27, '2022-09-01 10:23:53', '2022-09-01 10:24:38'),(528, '', '4124', 'N/A', '8437015137018', 'VODKA BASMOON', 1, 1, '1', 'SI', '12', 27, '2022-09-01 10:23:53', '2022-09-01 10:23:53'),(529, '', '7084', 'N/A', '715126900379', 'Montes Seleccion Lim itada Carmenere 100%', 1, 1, '1', 'SI', '12', 27, '2022-09-01 10:23:53', '2022-09-01 10:23:53'),(530, '', '1317', 'N/A', '7707290110749', 'MCS Montes Cabernet Sauvignon Etq ESP', 1, 1, '1', 'SI', '12', 27, '2022-09-01 10:23:53', '2022-09-01 10:23:53'),(531, '', '8359', 'N/A', '715126400022', 'MMA MONTES MALBEC', 1, 1, '1', 'SI', '12', 27, '2022-09-01 10:23:53', '2022-09-01 10:23:53'),(532, '', '4866', 'N/A', '7709784181709', 'GIN COMPUESTA SELVA X 750ml', 1, 1, '1', 'SI', '12', 27, '2022-09-01 10:23:53', '2022-09-01 10:23:53'),(533, '', '9982', 'N/A', '715126000116', 'MACS  Montes Alpha Cabernet Sauvignon', 1, 1, '1', 'SI', '12', 27, '2022-09-01 10:23:53', '2022-09-01 10:23:53'),(534, '', '4524', 'N/A', '8000353000049', 'SAMBUCA DEI CESARI LUXARDO', 1, 1, '1', 'SI', '12', 27, '2022-09-01 10:23:53', '2022-09-01 10:23:53'),(535, '', '6777', 'N/A', '7707290110756', 'V.T MONTES RESERVA MERLOT', 1, 1, '1', 'SI', '12', 27, '2022-09-01 10:23:53', '2022-09-01 10:23:53'),(536, '', '6022', 'N/A', '8425327100226', 'AP VERMOUTH ROS PREM YZAGUIRRE', 1, 1, '1', 'SI', '12', 27, '2022-09-01 10:23:53', '2022-09-01 10:23:53'),(537, '', '8196', 'N/A', '8001351000871', 'COLLI EUGANEI DOC PINOT BIANCO ETQ ESP', 1, 1, '1', 'SI', '12', 27, '2022-09-01 10:23:53', '2022-09-01 10:23:53'),(538, '', '4432', 'N/A', '8001351000680', 'COLLI EUGANEI MOSCATO DOLCE', 1, 1, '1', 'SI', '12', 27, '2022-09-01 10:23:53', '2022-09-01 10:23:53'),(539, '', '5041', 'N/A', '5013967012486', 'JURA 10 YO SINGLE MALT SCOTH WHISKY', 1, 1, '1', 'SI', '12', 27, '2022-09-01 10:23:53', '2022-09-01 10:23:53'),(540, '', '2400', 'N/A', '5013967012462', 'JURA SINGLE JOURNEY MALT SCOTH WHISKY x 700ml', 1, 1, '1', 'SI', '12', 27, '2022-09-01 10:23:53', '2022-09-01 10:23:53'),(541, '', '6937', 'N/A', '8427558103113', 'LUIS CAÑAS CRIANZA', 1, 1, '1', 'SI', '12', 27, '2022-09-01 10:23:53', '2022-09-01 10:23:53'),(542, '', '9174', 'N/A', '715126000161', 'MASY Montes Alpha Syrah', 1, 1, '1', 'SI', '12', 27, '2022-09-01 10:23:53', '2022-09-01 10:23:53'),(543, '', '8219', 'N/A', '715126011228', 'MCH montes chardonnay', 1, 1, '1', 'SI', '12', 27, '2022-09-01 10:23:53', '2022-09-01 10:23:53'),(544, '', '7638', 'N/A', '715126900423', 'MAMA MONTES ALPHA MALBEC', 1, 1, '1', 'SI', '12', 27, '2022-09-01 10:23:53', '2022-09-01 10:23:53'),(545, '', '1880', 'N/A', '715126000130', 'MAMA Montes Alpha MERLOT', 1, 1, '1', 'SI', '12', 27, '2022-09-01 10:23:53', '2022-09-01 10:23:53'),(546, '', '2121', 'N/A', '8000353006201', 'LICOR FERNET LUXARDO', 1, 1, '1', 'SI', '12', 27, '2022-09-01 10:23:53', '2022-09-01 10:23:53'),(547, '', '8385', 'N/A', '715126900133', 'MONTES ALPHA PINOT NOIR', 1, 1, '1', 'SI', '12', 27, '2022-09-01 10:23:53', '2022-09-07 14:12:43'),(548, '', '1643', 'N/A', '715126600026', 'Montes Seleccion Lim itada 70% Cab30%', 1, 1, '1', 'SI', '12', 27, '2022-09-01 10:23:53', '2022-09-01 10:23:53'),(549, '', '8090', 'N/A', '71512660026', 'V. MONTES CAB. SAV 70 CARMENRE 30%', 1, 1, '1', 'SI', '12', 27, '2022-09-01 10:23:53', '2022-09-01 10:23:53'),(550, '', '8453', 'N/A', '8001351000840', 'COLLI EUGANEI DOC ROSSO 750 EQT ESP', 1, 1, '1', 'SI', '12', 27, '2022-09-01 10:23:53', '2022-09-01 10:23:53'),(551, '', '5230', 'N/A', '715126200035', 'MM Montes Merlot', 1, 1, '1', 'SI', '12', 27, '2022-09-01 10:23:53', '2022-09-01 10:23:53'),(552, '', '9830', 'N/A', '8003325002508', 'LAMBRUSCO IGT BIANCO DOLCE', 1, 1, '1', 'SI', '12', 27, '2022-09-01 10:23:53', '2022-09-01 10:23:53'),(553, '', '9312', 'N/A', '8425327301494', 'SANGRIA MAR & SOL 9% BAG-IN BOX 3 LITROS', 1, 1, '1', 'SI', '12', 27, '2022-09-01 10:23:53', '2022-09-01 10:23:53'),(554, '', '5219', 'N/A', '845327301500', 'SANGRIA MAR & SOL 9% DE 1 LITRO', 1, 1, '1', 'SI', '12', 27, '2022-09-01 10:23:53', '2022-09-01 10:23:53'),(555, '', '2079', 'N/A', '7798051950056', 'COLONIA LAS LIEBRES x 750ml', 1, 1, '1', 'SI', '12', 27, '2022-09-01 10:23:53', '2022-09-01 10:23:53'),(556, '', '9915', 'N/A', '8000353006683', 'LICOR  LIMONCELLO LUXARDO', 1, 1, '1', 'SI', '12', 27, '2022-09-01 10:23:53', '2022-09-01 10:23:53'),(557, '', '6143', 'N/A', '8032937139999', 'POGGIOTONDO CHIANTI DOCG CERRO DE MASSO/BIC', 1, 1, '1', 'SI', '12', 27, '2022-09-01 10:23:53', '2022-09-01 10:23:53'),(558, '', '4008', 'N/A', '8437002386139', 'VINO TINTO GARNACHA LEGADO MUÑOZ', 1, 1, '1', 'SI', '12', 27, '2022-09-01 10:23:53', '2022-09-01 10:23:53'),(559, '', '5335', 'N/A', '7798051950032', 'AH Altos Las Horm igas Clasico Malbec 750', 1, 1, '1', 'SI', '12', 27, '2022-09-01 10:23:53', '2022-09-01 10:23:53'),(560, '', '1136', 'N/A', '8001351000635', 'COLLI EUGANEI DOC ROSSO', 1, 1, '1', 'SI', '12', 27, '2022-09-01 10:23:53', '2022-09-01 10:23:53'),(561, '', '8867', 'N/A', '8001351000673', 'PROSECCO DOC EXTRA ORY', 1, 1, '1', 'SI', '12', 27, '2022-09-01 10:23:53', '2022-09-01 10:23:53'),(562, '', '6638', 'N/A', '8003325602128', 'LAMBRUSCO IGT ROSADO DOLCE', 1, 1, '1', 'SI', '12', 27, '2022-09-01 10:23:53', '2022-09-01 10:23:53'),(563, '', '7035', 'N/A', '5029366739060', 'ROSE LEMONADE 200 ML POR 4 PACK', 1, 1, '1', 'SI', '12', 27, '2022-09-01 10:23:53', '2022-09-01 10:23:53'),(564, '', '7171', 'N/A', '8427558000023', 'LUIS CAÑAS RESERVA', 1, 1, '1', 'SI', '13', 28, '2022-09-01 10:23:53', '2022-09-01 10:23:53'),(565, '', '1107', 'N/A', '715126000116', 'MACS  Montes Alpha Cabernet Sauvignon', 1, 1, '1', 'SI', '14', 28, '2022-09-01 10:23:53', '2022-09-01 10:23:53'),(566, '', '3368', 'N/A', '715126011228', 'MCH montes chardonnay', 1, 1, '1', 'SI', '15', 28, '2022-09-01 10:23:53', '2022-09-01 10:23:53'),(567, '', '3482', 'N/A', '5013967012462', 'JURA SINGLE JOURNEY MALT SCOTH WHISKY x 700ml', 1, 1, '1', 'SI', '16', 28, '2022-09-01 10:23:53', '2022-09-01 10:23:53'),(568, '', '5959', 'N/A', '715126600040', 'CH  Montes Cherub', 1, 1, '1', 'SI', '17', 28, '2022-09-01 10:23:53', '2022-09-01 10:23:53'),(569, '', '8904', 'N/A', '715126555005', 'KCS Kaiken  Cabernet Sauvignon', 1, 1, '1', 'SI', '18', 28, '2022-09-01 10:23:53', '2022-09-01 10:23:53'),(570, '', '2068', 'N/A', '7709274782959', 'JUNIPER LEMONGRASS WATER 4PACK', 1, 1, '1', 'SI', '19', 28, '2022-09-01 10:23:53', '2022-09-01 10:23:53'),(571, '', '9877', 'N/A', '5013967012486', 'JURA 10 YO SINGLE MALT SCOTH WHISKY', 1, 1, '1', 'SI', '20', 28, '2022-09-01 10:23:53', '2022-09-01 10:23:53'),(572, '', '6645', 'N/A', '8000353003644', 'TRIPLE SED ORANGE LUXARDO', 1, 1, '1', 'SI', '21', 28, '2022-09-01 10:23:53', '2022-09-01 10:23:53'),(573, '', '6800', 'N/A', '8000353006201', 'LICOR FERNET LUXARDO', 1, 1, '1', 'SI', '22', 28, '2022-09-01 10:23:53', '2022-09-01 10:23:53'),(574, '', '8462', 'N/A', '71512600063', 'KSBS KAIKEN SAUVIGNON BLANC SEMILLON', 1, 1, '1', 'SI', '23', 28, '2022-09-01 10:23:53', '2022-09-01 10:23:53'),(575, '', '6752', 'N/A', '715126000161', 'MASY Montes Alpha Syrah', 1, 1, '1', 'SI', '24', 28, '2022-09-01 10:23:53', '2022-09-01 10:23:53'),(576, '', '7958', 'N/A', '8425327100202', 'AP VERMOU TH BLANC RESERVA IZAGUIRRE', 1, 1, '1', 'SI', '25', 28, '2022-09-01 10:23:53', '2022-09-01 10:23:53'),(577, '', '6148', 'N/A', '8001351000635', 'COLLI EUGANEI DOC ROSSO', 1, 1, '1', 'SI', '26', 28, '2022-09-01 10:23:53', '2022-09-01 10:23:53'),(578, '', '8545', 'N/A', '8001351000840', 'COLLI EUGANEI DOC ROSSO 750 EQT ESP', 1, 1, '1', 'SI', '27', 28, '2022-09-01 10:23:53', '2022-09-01 10:23:53'),(579, '', '6883', 'N/A', '7709990303919', 'JUNIPER COCONUT WATER 4PACK', 1, 1, '1', 'SI', '28', 28, '2022-09-01 10:23:53', '2022-09-01 10:23:53'),(580, '', '1632', 'N/A', '715126555012', 'KM Kaiken Malbec', 1, 1, '1', 'SI', '29', 28, '2022-09-01 10:23:53', '2022-09-01 10:23:53'),(581, '', '2558', 'N/A', '715126600026', 'Montes Seleccion Lim itada 70% Cab30%', 1, 1, '1', 'SI', '30', 28, '2022-09-01 10:23:53', '2022-09-01 10:23:53'),(582, '', '1126', 'N/A', '8437003857720', 'V. BIENBEBIDO CERDO TINTO', 1, 1, '1', 'SI', '31', 28, '2022-09-01 10:23:53', '2022-09-01 10:23:53'),(583, '', '9795', 'N/A', '8437015137018', 'VODKA BASMOON', 1, 1, '1', 'SI', '32', 28, '2022-09-01 10:23:53', '2022-09-01 10:23:53'),(584, '', '3184', 'N/A', '8437010487309', 'ANGELES DE AMAREN', 1, 1, '1', 'SI', '33', 28, '2022-09-01 10:23:53', '2022-09-01 10:23:53'),(585, '', '2159', 'N/A', '715126900386', 'KAIKEN BRUT', 1, 1, '1', 'SI', '34', 28, '2022-09-01 10:23:53', '2022-09-01 10:23:53'),(586, '', '8854', 'N/A', '715126900317', 'KCM Kaiken Corte Malbec-Bonarda -Petit Verdot', 1, 1, '1', 'SI', '35', 28, '2022-09-01 10:23:53', '2022-09-01 10:23:53'),(587, '', '2057', 'N/A', '715126200035', 'MM Montes Merlot', 1, 1, '1', 'SI', '36', 28, '2022-09-01 10:23:53', '2022-09-01 10:23:53'),(588, '', '2012', 'N/A', '5029396738675', 'NATURALLY LIGTH TONIC WATER FORPACK FENTIMANS', 1, 1, '1', 'SI', '37', 28, '2022-09-01 10:23:53', '2022-09-01 10:23:53'),(589, '', '9869', 'N/A', '8437003857744', 'V. BIENBEBIDO JAMON TINTO', 1, 1, '1', 'SI', '38', 28, '2022-09-01 10:23:53', '2022-09-01 10:23:53'),(590, '', '8175', 'N/A', '8437003857737', 'V. BIENBEBIDO VACA TINTO', 1, 1, '1', 'SI', '39', 28, '2022-09-01 10:23:53', '2022-09-01 10:23:53'),(591, '', '7800', 'N/A', '8420871200019', 'V.B. RIAS BAIXAS TORRE DE LA MOREIRA', 1, 1, '1', 'SI', '40', 28, '2022-09-01 10:23:53', '2022-09-01 10:23:53'),(592, '', '6551', 'N/A', '5013967003972', 'WHISKY JHON BARR FINEST SCOTH x750ml', 1, 1, '1', 'SI', '41', 28, '2022-09-01 10:23:53', '2022-09-01 10:23:53'),(593, '', '4197', 'N/A', '5013967004030', 'WHISKY JOHN BARR RESERVA BLENDED SCOTCH x750ml', 1, 1, '1', 'SI', '42', 28, '2022-09-01 10:23:53', '2022-09-01 10:23:53'),(594, '', '9824', 'N/A', '7798051950872', 'ALTO LAS HORMIGAS TINTO BONARDA', 1, 1, '1', 'SI', '43', 28, '2022-09-01 10:23:53', '2022-09-01 10:23:53'),(595, '', '8284', 'N/A', '8425327101544', 'AP VERMOUTH DRY RESERVA IZAGUIRRE', 1, 1, '1', 'SI', '44', 28, '2022-09-01 10:23:53', '2022-09-01 10:23:53'),(596, '', '1080', 'N/A', '715126600019', 'MPN MONTES SELECCION PINOT NOIR', 1, 1, '1', 'SI', '45', 28, '2022-09-01 10:23:53', '2022-09-01 10:23:53'),(597, '', '9752', 'N/A', '8437003857751', 'V. BIENBEBIDO QUESO TINTO', 1, 1, '1', 'SI', '46', 28, '2022-09-01 10:23:53', '2022-09-01 10:23:53'),(598, '', '5036', 'N/A', '8423302358112', 'FLOR DE VETUS VERDEJO', 1, 1, '1', 'SI', '47', 28, '2022-09-01 10:23:53', '2022-09-01 10:23:53'),(599, '', '1663', 'N/A', '8420871400013', 'MARQUEZ DE VIZHOJA 750', 1, 1, '1', 'SI', '48', 28, '2022-09-01 10:23:53', '2022-09-01 10:23:53'),(600, '', '2654', 'N/A', '715126900379', 'Montes Seleccion Lim itada Carmenere 100%', 1, 1, '1', 'SI', '49', 28, '2022-09-01 10:23:53', '2022-09-01 10:23:53'),(601, '', '1538', 'N/A', '8437011516107', 'TINTO DO RIBERA DEL DUERO CAIR', 1, 1, '1', 'SI', '50', 28, '2022-09-01 10:23:53', '2022-09-01 10:23:53'),(602, '', '9394', 'N/A', '7798099350023', 'FINCA EL ORIGEN ESTATE MALBEC MENDOZA - ARGENTINA', 1, 1, '1', 'SI', '51', 28, '2022-09-01 10:23:53', '2022-09-01 10:23:53'),(603, '', '8396', 'N/A', '8437003857713', 'V. BIENBEBIDO POLLO TINTO', 1, 1, '1', 'SI', '52', 28, '2022-09-01 10:23:53', '2022-09-01 10:23:53'),(604, '', '2953', 'N/A', '7709784181709', 'GIN COMPUESTA SELVA X 750ml', 1, 1, '1', 'SI', '53', 28, '2022-09-01 10:23:53', '2022-09-01 10:23:53'),(605, '', '9821', 'N/A', '7709536475964', 'JUNIPER TONIC WATER 4PACK', 1, 1, '1', 'SI', '54', 28, '2022-09-01 10:23:53', '2022-09-01 10:23:53'),(606, '', '6881', 'N/A', '715126900201', 'KMR Ka iken Malbec Rose', 1, 1, '1', 'SI', '55', 28, '2022-09-01 10:23:53', '2022-09-01 10:23:53'),(607, '', '6249', 'N/A', '8000353000018', 'LICOR MARASCHINO ORIGINALE LUXARDO', 1, 1, '1', 'SI', '56', 28, '2022-09-01 10:23:53', '2022-09-01 10:23:53'),(608, '', '3777', 'N/A', '8427558108118', 'LUISCAÑAS BLANCO', 1, 1, '1', 'SI', '57', 28, '2022-09-01 10:23:53', '2022-09-01 10:23:53'),(609, '', '7517', 'N/A', '7798099350160', 'EOM El Origen Malbec Rose', 1, 1, '1', 'SI', '58', 28, '2022-09-01 10:23:53', '2022-09-01 10:23:53'),(610, '', '5364', 'N/A', '715126100113', 'MACS  Montes Alpha Cabernet Sauvignon 375 ML', 1, 1, '1', 'SI', '59', 28, '2022-09-01 10:23:53', '2022-09-01 10:23:53'),(611, '', '1580', 'N/A', '8423302158118', 'Flor de Vetus Toro Tinto 750', 1, 1, '1', 'SI', '60', 28, '2022-09-01 10:23:53', '2022-09-01 10:23:53'),(612, '', '4446', 'N/A', '8423302311100', 'IB IZADI BLANCO', 1, 1, '1', 'SI', '61', 28, '2022-09-01 10:23:53', '2022-09-01 10:23:53'),(613, '', '8778', 'N/A', '715126900195', 'MACR  Montes Alpha Carmenere', 1, 1, '1', 'SI', '62', 28, '2022-09-01 10:23:53', '2022-09-01 10:23:53'),(614, '', '5746', 'N/A', '7707290110756', 'MM Montes Merlot Etq ESP', 1, 1, '1', 'SI', '63', 28, '2022-09-01 10:23:53', '2022-09-01 10:23:53'),(615, '', '6963', 'N/A', '715126000130', 'MAMA Montes Alpha MERLOT', 1, 1, '1', 'SI', '64', 28, '2022-09-01 10:23:53', '2022-09-01 10:23:53'),(616, '', '9576', 'N/A', '5029396738668', 'FENTIMANS PREMIUM INDIAN TONIC WATER 200ML FOUR PACK', 1, 1, '1', 'SI', '65', 28, '2022-09-01 10:23:53', '2022-09-01 10:23:53'),(617, '', '8541', 'N/A', '8427558103113', 'LUIS CAÑAS CRIANZA', 1, 1, '1', 'SI', '66', 28, '2022-09-01 10:23:53', '2022-09-01 10:23:53'),(618, '', '2107', 'N/A', '8003325602128', 'LAMBRUSCO IGT ROSADO DOLCE', 1, 1, '1', 'SI', '67', 28, '2022-09-01 10:23:53', '2022-09-01 10:23:53'),(619, '', '8912', 'N/A', '8001351000611', 'COLLI EUGANEI DOC PINOT BIANCO', 1, 1, '1', 'SI', '68', 28, '2022-09-01 10:23:53', '2022-09-01 10:23:53'),(620, '', '4654', 'N/A', '715126556040', 'KUM Kaiken Ultra Malbec', 1, 1, '1', 'SI', '69', 28, '2022-09-01 10:23:53', '2022-09-01 10:23:53'),(621, '', '3761', 'N/A', '7798051950032', 'AH Altos Las Horm igas Clasico Malbec 750', 1, 1, '1', 'SI', '70', 28, '2022-09-01 10:23:53', '2022-09-01 10:23:53'),(622, '', '1496', 'N/A', '7798051950025', 'AHT Altos Las Hormigas Terroir', 1, 1, '1', 'SI', '71', 28, '2022-09-01 10:23:53', '2022-09-01 10:23:53'),(623, '', '2039', 'N/A', '7709990303940', 'JUNIPER GINGER BEER X 4PACK 207ml', 1, 1, '1', 'SI', '72', 28, '2022-09-01 10:23:53', '2022-09-01 10:23:53'),(624, '', '1778', 'N/A', '8001351000628', 'PINOT GRIGIO VENETO IGT', 1, 1, '1', 'SI', '73', 28, '2022-09-01 10:23:53', '2022-09-01 10:23:53'),(625, '', '8920', 'N/A', '8003325600056', 'LAMBRUSCO IGTTINTO DOLCE', 1, 1, '1', 'SI', '74', 28, '2022-09-01 10:23:53', '2022-09-01 10:23:53'),(626, '', '6780', 'N/A', '8427558103410', 'LUISCAÑAS CR IANZA 500 ML', 1, 1, '1', 'SI', '75', 28, '2022-09-01 10:23:53', '2022-09-01 10:23:53'),(627, '', '6676', 'N/A', '715126600033', 'MSBL Montes Selección Limitada (Valle de Leyda)', 1, 1, '1', 'SI', '76', 28, '2022-09-01 10:23:53', '2022-09-01 10:23:53'),(628, '', '9192', 'N/A', '5029396001038', 'VALENCIAN ORANGE TON IC WATER', 1, 1, '1', 'SI', '77', 28, '2022-09-01 10:23:53', '2022-09-01 10:23:53'),(629, '', '4804', 'N/A', '7798051950148', 'AH Altos Las Horm igas Clasico Malbec 375', 1, 1, '1', 'SI', '78', 28, '2022-09-01 10:23:53', '2022-09-01 10:23:53'),(630, '', '2660', 'N/A', '5029366739053', 'BOTANICAL TONIC WATER X 4 PACK FENTIMANS', 1, 1, '1', 'SI', '79', 28, '2022-09-01 10:23:53', '2022-09-01 10:23:53'),(631, '', '4139', 'N/A', '8437002386139', 'VINO TINTO GARNACHA LEGADO MUÑOZ', 1, 1, '1', 'SI', '80', 28, '2022-09-01 10:23:53', '2022-09-01 10:23:53'),(632, '', '2195', 'N/A', '715126900232', 'MCS Montes Cabernet Sauvignon 375 mi', 1, 1, '1', 'SI', '81', 28, '2022-09-01 10:23:53', '2022-09-01 10:23:53'),(633, '', '5491', 'N/A', '8003325603521', 'LAMBRUSCO ROSATO CENTENARIO', 1, 1, '1', 'SI', '82', 28, '2022-09-01 10:23:53', '2022-09-01 10:23:53'),(634, '', '2810', 'N/A', '7709784181792', 'GIN COMPUESTA SELVA x50ml', 1, 1, '1', 'SI', '83', 28, '2022-09-01 10:23:53', '2022-09-01 10:23:53'),(635, '', '5915', 'N/A', '5029396001076', 'SPARKLING RASPBERRY  FENTIMANS 275ML', 1, 1, '1', 'SI', '84', 28, '2022-09-01 10:23:53', '2022-09-01 10:23:53'),(636, '', '9359', 'N/A', '8437002386115', 'VINO TINTO TEMPRANILLO LEGADO MUÑOZ', 1, 1, '1', 'SI', '85', 28, '2022-09-01 10:23:53', '2022-09-01 10:23:53'),(637, '', '9590', 'N/A', '7709744533418', 'JUNIPER ROSE CIDER X 4PACK 207ML', 1, 1, '1', 'SI', '86', 28, '2022-09-01 10:23:53', '2022-09-01 10:23:53'),(638, '', '3672', 'N/A', '715126900218', 'MACH Montes Alpha Chardonnay 375 mi', 1, 1, '1', 'SI', '87', 28, '2022-09-01 10:23:53', '2022-09-01 10:23:53'),(639, '', '9319', 'N/A', '8003325601947', 'LAMBRUSCO GRASPAROSSA CENTENARIO', 1, 1, '1', 'SI', '88', 28, '2022-09-01 10:23:53', '2022-09-01 10:23:53'),(640, '', '4496', 'N/A', '8437002386092', 'VINO BLANCO MACABEO VERDEJO  FINCA MUÑOZ', 1, 1, '1', 'SI', '89', 28, '2022-09-01 10:23:53', '2022-09-01 10:23:53'),(641, '', '9010', 'N/A', '7709751811929', 'AP. LIT HARD SELTZER FRAMBUESA LIMON', 1, 1, '1', 'SI', '90', 28, '2022-09-01 10:23:53', '2022-09-01 17:58:36'),(642, '', '8063', 'N/A', '7709774008344', 'AP. LIT HARD SELTZER ARANDANO CEREZA', 1, 1, '1', 'SI', '91', 28, '2022-09-01 10:23:53', '2022-09-01 10:23:53'),(643, '', '8150', 'N/A', '7709751811912', 'AP. LIT HARD SELTZER SAB. MANZANA KIWI', 1, 1, '1', 'SI', '92', 28, '2022-09-01 10:23:53', '2022-09-01 10:23:53'),(644, 'OUHBJ7', 'N/A', 'N/A', '7798099350061', 'EOMR EL ORIGEN MALBEC RESERVA(FINCA EL ORIGEN RESERVA MALBEC)', 1, 1, '5', 'SI', '12', 27, '2022-09-01 11:17:46', '2022-09-01 11:17:46'),(645, 'MNEEMC', 'N/A', 'N/A', '7798099350047', 'EOCH EL ORIGEN CHARDONNAY(FINCA EL ORIGEN CHARDONNAY-V.BLANCO)', 1, 1, '5', 'SI', '12', 27, '2022-09-01 11:19:20', '2022-09-01 11:19:20'),(646, '0KLY0B', 'N/A', 'N/A', '7503016487337', 'MEZCAL JOVEN LOS SIETE MISTERIOS', 1, 1, '1', 'SI', '12', 27, '2022-09-01 11:37:51', '2022-09-01 11:37:51'),(647, 'CLUKY3', 'N/A', 'COAR-000013302', '13302', 'Te Himalaya Sabores  Premiun Lychee Fresa Cx144/Ux20', 2, 1, '1', 'N/A', '20', 12, '2022-09-01 12:08:27', '2022-09-01 12:08:27'),(648, 'Y3YDA8', 'N/A', 'COAR-000010070', '10070', 'Te Himalaya Negro Original Cx144 Ux25', 2, 1, '1', 'N/A', '25', 12, '2022-09-01 12:10:27', '2022-09-01 12:10:27'),(649, 'DLVFVJ', 'N/A', 'N/A', '7709751811912', 'AP. LIT HARD SELTZER SAB. MANZANA KIWI', 1, 1, '5', 'NO', '24', 28, '2022-09-01 17:59:09', '2022-09-01 17:59:09'),(650, 'UTDFQP', 'N/A', 'N/A', '7709784181716', 'SELVA GIN 700 ML ', 1, 1, '5', 'SI', '6', 27, '2022-09-02 09:35:19', '2022-09-02 09:41:58'),(651, 'ABWYA5', 'N/A', 'N/A', '4002103201137', 'ENDINGER ALKOHOL FREE BOT 500 X12', 1, 1, '1', 'NO', '12', 29, '2022-09-03 10:04:26', '2022-09-03 10:04:26'),(652, '52HCO9', 'N/A', 'N/A', '4002103200697', 'ERDINGER DUNKEL BOT 500 X12', 1, 1, '1', 'NO', '12', 29, '2022-09-03 10:08:18', '2022-09-03 10:08:18'),(653, '7SJMFU', 'N/A', 'N/A', '4002103255918', 'ERDINGER URWEISSE BOT 500ML X 12', 1, 1, '5', 'NO', '12', 29, '2022-09-03 10:10:20', '2022-09-03 11:01:21'),(654, 'LP7MN2', 'N/A', 'N/A', '4002103200284', 'ERDINGER WEISSBIE BOTELLA 500 ML X 12', 1, 1, '5', 'NO', '12', 29, '2022-09-03 10:12:01', '2022-09-03 11:01:55'),(655, 'J5KS0N', 'N/A', 'N/A', '4002103216476', 'ERDINGER WEISSBIE LATA 500 ML X 12', 1, 1, '5', 'NO', '12', 29, '2022-09-03 10:13:43', '2022-09-03 11:01:41'),(656, '82MSLD', 'N/A', 'N/A', '4002103117131', 'DESTAPADOR ERDINGER MADERA', 2, 1, '1', 'N/A', '1', 29, '2022-09-03 10:15:23', '2022-09-03 10:15:23'),(657, 'TGK1RS', 'N/A', 'N/A', 'M453277657', 'POSAVASOS ERDINGER', 2, 1, '1', 'N/A', '1', 29, '2022-09-03 10:17:22', '2022-09-03 10:17:22'),(658, 'P5GB4R', 'N/A', 'N/A', '7702454003028', 'TRIPLE SEC STERLING 750ML', 1, 1, '1', 'SI', '12', 30, '2022-09-03 11:26:33', '2022-09-03 11:26:33'),(659, 'WAQKZT', 'COVA-000014471', 'COAR-000006807', '14471', 'Suavizante Suavitel Doypack Complete 24un x400ml', 2, 1, '1', 'N/A', '24', 5, '2022-09-05 09:46:46', '2022-09-05 09:46:46'),(660, '0BZZNU', 'COVA-000058154', 'COAR-000049714', '58154', 'TriPack Konzil Seda Liquida(Shampoo x18 Sach+Acondicionadorx18 Sach+Crema Para Peinarx18 Sach) x8Un', 2, 1, '1', 'N/A', '8', 11, '2022-09-05 09:55:49', '2022-09-05 09:55:49'),(661, 'W3S0ET', 'N/A', 'N/A', '7707290110763', 'MONTES RESERVA SAUVIGTON BLANC', 1, 1, '1', 'N/A', '1', 28, '2022-09-06 15:12:00', '2022-09-06 15:12:00'),(662, '80YX09', 'N/A', 'N/A', '715126000017', 'MONTES CLASICO SERIE CAB SUAVIGNON ', 1, 1, '1', 'N/A', '1', 28, '2022-09-06 15:13:10', '2022-09-06 15:13:10'),(663, 'KB2BFQ', 'N/A', 'N/A', '715126000123', 'MONTES ALPHA CHARDONAY', 1, 1, '1', 'N/A', '1', 28, '2022-09-06 15:15:06', '2022-09-06 15:15:06'),(664, '6G0O98', 'N/A', 'N/A', '7798114480384', 'VINO TINTO MALBEC PASION 4', 1, 1, '5', 'SI', '6', 3, '2022-09-07 16:42:21', '2022-09-07 16:42:21'),(665, '515134', '1430013', 'N/A', '7702309000028', 'BRANDY MARCA 5 ESTRELLAS x 375 cc', 1, 1, '1', 'SI', '24', 31, '2022-09-08 12:00:32', '2022-09-08 12:00:32'),(666, '149070', '1430023', 'N/A', '7702732200453', 'CHAMPIN FRESA x 750 cc', 1, 1, '1', 'SI', '12', 31, '2022-09-08 12:00:32', '2022-09-08 12:00:32'),(667, '266967', '1430024', 'N/A', '7702732200477', 'CHAMPIN CHICLE x 750 cc', 1, 1, '1', 'SI', '12', 31, '2022-09-08 12:00:32', '2022-09-08 12:00:32'),(668, '391074', '1430040', 'N/A', '7703518003527', 'CREMA PINA COLADA REAGEE x 750 cc', 1, 1, '1', 'SI', '12', 31, '2022-09-08 12:00:32', '2022-09-08 12:00:32'),(669, '978912', '1430037', 'N/A', '7703518010051', 'CREMA DE CAFE SABOR CAPUCHINO x 700 cc', 1, 1, '1', 'SI', '12', 31, '2022-09-08 12:00:32', '2022-09-08 12:00:32'),(670, '984839', '1430001', 'N/A', '7703518010198', 'APERITIVO ESPUMOSO BLANCO LIBERTADOR x 750 cc', 1, 1, '1', 'SI', '12', 31, '2022-09-08 12:00:32', '2022-09-08 12:00:32'),(671, '304921', '1430080', 'N/A', '7703518010204', 'APERITIVO VINICO ESPUMOSO ROSADO LIBERTADOR x 750 cc', 1, 1, '1', 'SI', '12', 31, '2022-09-08 12:00:32', '2022-09-08 12:00:32'),(672, '172114', '1430018', 'N/A', '7703518011850', 'CREMA PINA COLADA JONNYKI x 700 cc', 1, 1, '1', 'SI', '12', 31, '2022-09-08 12:00:32', '2022-09-08 12:00:32'),(673, '878076', '1430047', 'N/A', '7703518013656', 'APERITIVO CREMA DE WHISKY COPACABANA x 700 cc', 1, 1, '1', 'SI', '12', 31, '2022-09-08 12:00:32', '2022-09-08 12:00:32'),(674, '819828', '1430082', 'N/A', '7703518108116', 'APERITIVO VINICO BLANCO MONASTERIO x 750 cc', 1, 1, '1', 'SI', '12', 31, '2022-09-08 12:00:32', '2022-09-08 12:00:32'),(675, '115997', '1430002', 'N/A', '7703518111345', 'APERITIVO NO VÍNICO CHERRYNOL x 750 cc', 1, 1, '1', 'SI', '12', 31, '2022-09-08 12:00:32', '2022-09-08 12:00:32'),(676, '417122', '1430097', 'N/A', '7703518118825', 'RON VIEJO CUBASON AÑEJO 35º x 700 cc', 1, 1, '1', 'SI', '12', 31, '2022-09-08 12:00:32', '2022-09-08 12:00:32'),(677, '758325', '1430003', 'N/A', '7703518130278', 'APERITIVO LIBERTADOR SABOR UVA MOSCATEL x 750 cc', 1, 1, '1', 'SI', '12', 31, '2022-09-08 12:00:32', '2022-09-08 12:00:32'),(678, '197667', '1430089', 'N/A', '7703518130643', 'APERITIVO NO VINICO CHERRYNOL x 2000 cc', 1, 1, '1', 'SI', '6', 31, '2022-09-08 12:00:32', '2022-09-08 12:00:32'),(679, '330021', '1430096', 'N/A', '7703518151396', 'WHISKY ESCOSES DUGGAN´S DEW 40º x 700 cc', 1, 1, '1', 'SI', '12', 31, '2022-09-08 12:00:32', '2022-09-08 12:00:32'),(680, '640975', '1430010', 'N/A', '7703518382332', 'APERITIVO QUINADO SALOMON x 750 cc', 1, 1, '1', 'SI', '12', 31, '2022-09-08 12:00:32', '2022-09-08 12:00:32'),(681, '192079', '1430058', 'N/A', '7703518450987', 'VINO TINTO MERLOT EMBAJADOR x 750 cc', 1, 1, '1', 'SI', '12', 31, '2022-09-08 12:00:32', '2022-09-08 12:00:32'),(682, '85496', '1430086', 'N/A', '7703518503713', 'APERITIVO CREMA DE WHISKY DE LA CORTE x 350 cc', 1, 1, '1', 'SI', '12', 31, '2022-09-08 12:00:32', '2022-09-08 12:00:32'),(683, '685931', '1430090', 'N/A', '7703518503737', 'APERITIVO CREMA MARACUYA DE LA CORTE x 350 cc', 1, 1, '1', 'SI', '12', 31, '2022-09-08 12:00:32', '2022-09-08 12:00:32'),(684, '481306', '1430031', 'N/A', '7703518503867', 'VINO BLANCO CATA VIEJA SIN TAPA x 1000 cc', 1, 1, '1', 'SI', '12', 31, '2022-09-08 12:00:32', '2022-09-08 12:00:32'),(685, '40534', '1430030', 'N/A', '7703518503874', 'VINO TINTO CATA VIEJA SIN TAPA x 1000 cc', 1, 1, '1', 'SI', '12', 31, '2022-09-08 12:00:32', '2022-09-08 12:00:32'),(686, '98238', '1430021', 'N/A', '7703518505298', 'BEBIDA GASIFICADA SAB VINO MOSTELO ROSADO x 750 cc', 1, 1, '1', 'SI', '12', 31, '2022-09-08 12:00:32', '2022-09-08 12:00:32'),(687, '680842', '1430092', 'N/A', '7703518738382', 'APERITIVO VINICO MOSCATEL J. ALFONSO x 2000 cc', 1, 1, '1', 'SI', '6', 31, '2022-09-08 12:00:32', '2022-09-08 12:00:32'),(688, '89698', '1430041', 'N/A', '7703518765661', 'VINO TINTO EMBAJADOR x 750 cc', 1, 1, '1', 'SI', '12', 31, '2022-09-08 12:00:32', '2022-09-08 12:00:32'),(689, '830604', '1430060', 'N/A', '7703518804131', 'VINO TINTO CABERNET SAUVIGNON EMBAJADOR x 750 cc', 1, 1, '1', 'SI', '12', 31, '2022-09-08 12:00:32', '2022-09-08 12:00:32'),(690, '202497', '1430093', 'N/A', '7703518846230', 'APERITIVO VINICO MOSCATEL J. ALFONSO x 1000 cc', 1, 1, '1', 'SI', '12', 31, '2022-09-08 12:00:32', '2022-09-08 12:00:32'),(691, '338631', '1430011', 'N/A', '11', 'CREMA DE WHISKY DE LA CORTE x 700 cc', 1, 1, '1', 'SI', '12', 31, '2022-09-08 12:00:32', '2022-09-08 12:00:32'),(692, '849814', '1430014', 'N/A', '14', 'BRANDY MARCA 5 ESTRELLAS x 750 cc', 1, 1, '1', 'SI', '12', 31, '2022-09-08 12:00:32', '2022-09-08 12:00:32'),(693, '6FEE7T', 'N/A', 'N/A', '7703518464199', 'ALCOHOL ANTISEPTICO M.D PET 600ML', 2, 1, '1', 'N/A', '24', 26, '2022-09-09 11:57:20', '2022-09-09 11:57:20'),(694, '636537', '1130119', 'N/A', '7702559020333', 'AP. CREMA DE MANDARINA CONVIER x 750 cc', 1, 1, '1', 'SI', '12', 32, '2022-09-09 15:04:28', '2022-09-09 15:04:28'),(695, '180361', '1130163', 'N/A', '7702559090039', 'AP. CREMA SABOR WHISKY PINAR DEL RIO x 750 cc', 1, 1, '1', 'SI', '12', 32, '2022-09-09 15:04:28', '2022-09-09 15:04:28'),(696, '307029', '1130143', 'N/A', '7702559020432', 'AP. FRESA CONVIER x 750 cc', 1, 1, '1', 'SI', '12', 32, '2022-09-09 15:04:28', '2022-09-09 15:04:28'),(697, '560346', '1130170', 'N/A', '7702559021835', 'AP. OCEANIC  CONVIER x 750 cc', 1, 1, '1', 'SI', '12', 32, '2022-09-09 15:04:28', '2022-09-09 15:04:28'),(698, '509183', '1130182', 'N/A', '7702559020630', 'AP. PIÑA COLADA CONVIER x 750 cc', 1, 1, '1', 'SI', '12', 32, '2022-09-09 15:04:28', '2022-09-09 15:04:28'),(699, '352909', '1131101', 'N/A', '7702559080528', 'AP. VINO BURBUJ MANZANA CONVIER x 750 cc', 1, 1, '1', 'SI', '12', 32, '2022-09-09 15:04:28', '2022-09-09 15:04:28'),(700, '242961', '1130120', 'N/A', '7702559020937', 'AP.CREMA DE DURAZNO CONVER x 750 cc', 1, 1, '1', 'SI', '12', 32, '2022-09-09 15:04:28', '2022-09-09 15:04:28'),(701, '899030', '1131103', 'N/A', '7702559080726', 'AP.VINO VERMOUTH ROJO CONVIER  x 750 cc', 1, 1, '1', 'SI', '12', 32, '2022-09-09 15:04:28', '2022-09-09 15:04:28'),(702, '256698', '1130149', 'N/A', '7702559021231', 'APERITIVO COCO x 750 cc', 1, 1, '1', 'SI', '12', 32, '2022-09-09 15:04:28', '2022-09-09 15:04:28'),(703, '691622', '1130180', 'N/A', '7702559010136', 'APERITIVO CREMA DE WHISKY COLOMA x 750 cc', 1, 1, '1', 'SI', '12', 32, '2022-09-09 15:04:28', '2022-09-09 15:04:28'),(704, '150996', '1130167', 'N/A', '7702559020838', 'APERITIVO DE MENTA x 750 cc', 1, 1, '1', 'SI', '12', 32, '2022-09-09 15:04:28', '2022-09-09 15:04:28'),(705, '108927', '1130161', 'N/A', '7702559020135', 'APERITIVO MARACUYA x 750 cc', 1, 1, '1', 'SI', '12', 32, '2022-09-09 15:04:28', '2022-09-09 15:04:28'),(706, '653664', '1130188', 'N/A', '7702559010334', 'LICOR DE CAFE COLOMA GRAN RESERVA x 750 cc', 1, 1, '1', 'SI', '12', 32, '2022-09-09 15:04:28', '2022-09-09 15:04:28'),(707, '271367', '1130113', 'N/A', '7702559010037', 'LICOR DE CAFE COLOMA x 750 cc', 1, 1, '1', 'SI', '12', 32, '2022-09-09 15:04:28', '2022-09-09 15:04:28'),(708, '733176', '1133101', 'N/A', '7702559120033', 'LICOR GINEBRA HOWARD  x 750 cc', 1, 1, '1', 'SI', '12', 32, '2022-09-09 15:04:28', '2022-09-09 15:04:28'),(709, '404997', '1130107', 'N/A', '7702559021330', 'LICOR TRIPLE SEC BLUE x 750 cc', 1, 1, '1', 'SI', '12', 32, '2022-09-09 15:04:28', '2022-09-09 15:04:28'),(710, '950350', '1130101', 'N/A', '7702559021132', 'LICOR TRIPLE SEC x 750 cc', 1, 1, '1', 'SI', '12', 32, '2022-09-09 15:04:28', '2022-09-09 15:04:28'),(711, '724480', '1130108', 'N/A', '7702559706183', 'LICOR TROPICO SECO x 750 cc', 1, 1, '1', 'SI', '12', 32, '2022-09-09 15:04:28', '2022-09-09 15:04:28'),(712, '414125', '1132101', 'N/A', '7702559040232', 'LICOR VODKA TROPKAYA  x 750 cc', 1, 1, '1', 'SI', '12', 32, '2022-09-09 15:04:28', '2022-09-09 15:04:28'),(713, '552681', '1130153', 'N/A', '7702559130131', 'LICOR WHISKY SIR HOWARD x 750 cc', 1, 1, '1', 'SI', '12', 32, '2022-09-09 15:04:28', '2022-09-09 15:04:28'),(714, '418460', '1133204', 'N/A', '88291100050', 'RON ABUELO AÑEJO RESERVA ESPECIAL x 750 cc', 1, 1, '1', 'SI', '12', 32, '2022-09-09 15:04:28', '2022-09-09 15:04:28'),(715, '955540', '1133102', 'N/A', '7702559497043', 'RON AÑEJO NAVIO x 700 cc', 1, 1, '1', 'SI', '12', 32, '2022-09-09 15:04:28', '2022-09-09 15:04:28'),(716, '359138', '1130300', 'N/A', '610395953401', 'RON PARCE 12 AÑOS x 750 cc', 1, 1, '1', 'SI', '6', 32, '2022-09-09 15:04:28', '2022-09-09 15:04:28'),(717, '326829', '1130301', 'N/A', '610395953395', 'RON PARCE 8 AÑOS x 750 cc', 1, 1, '1', 'SI', '6', 32, '2022-09-09 15:04:28', '2022-09-09 15:04:28'),(718, '560451', '1130302', 'N/A', '860229000386', 'RON PARCE BROTHERS BLEND x 750 cc', 1, 1, '1', 'SI', '12', 32, '2022-09-09 15:04:28', '2022-09-09 15:04:28'),(719, '778353', '1131126', 'N/A', '7702559080238', 'VINO MOSCATEL CONVIER x 750 cc', 1, 1, '1', 'SI', '12', 32, '2022-09-09 15:04:28', '2022-09-09 15:04:28'),(720, '590719', '1131117', 'N/A', '7802180089263', 'VINO VALDIVIESO CABERNET FRANC SINGLE VINEYARD x 750 cc', 1, 1, '1', 'SI', '12', 32, '2022-09-09 15:04:28', '2022-09-09 15:04:28'),(721, '157281', '1131118', 'N/A', '7802180000824', 'VINO VALDIVIESO CABERNET SAUV SINGLE VINEYARD  x 750 cc', 1, 1, '1', 'SI', '12', 32, '2022-09-09 15:04:28', '2022-09-09 15:04:28'),(722, '584029', '1131106', 'N/A', '7802180088907', 'VINO VALDIVIESO CHARDONNAY VARIETAL x 750 cc', 1, 1, '1', 'SI', '12', 32, '2022-09-09 15:04:28', '2022-09-09 15:04:28'),(723, '771447', '1131128', 'N/A', '7802180068169', 'VINO VALDIVIESO ESPUMANTE BRUT x 750 cc', 1, 1, '1', 'SI', '12', 32, '2022-09-09 15:04:28', '2022-09-09 15:04:28'),(724, '992859', '1131122', 'N/A', '7802180068152', 'VINO VALDIVIESO ESPUMANTE GRAND BRUT x 750 cc', 1, 1, '1', 'SI', '12', 32, '2022-09-09 15:04:28', '2022-09-09 15:04:28'),(725, '840665', '1131123', 'N/A', '7802180068039', 'VINO VALDIVIESO ESPUMANTE GRAND DEMI SEC x 750 cc', 1, 1, '1', 'SI', '12', 32, '2022-09-09 15:04:28', '2022-09-09 15:04:28'),(726, '717829', '1131125', 'N/A', '7802180068107', 'VINO VALDIVIESO ESPUMANTE ROSE x 750 cc', 1, 1, '1', 'SI', '12', 32, '2022-09-09 15:04:28', '2022-09-09 15:04:28'),(727, '961340', '1131109', 'N/A', '7802180088914', 'VINO VALDIVIESO GRAN RESERV CHARDONNAY x 750 cc', 1, 1, '1', 'SI', '12', 32, '2022-09-09 15:04:28', '2022-09-09 15:04:28'),(728, '399132', '1131113', 'N/A', '7802180097282', 'VINO VALDIVIESO WINEMARKER CHARDONNAY RESERVA x 750 cc', 1, 1, '1', 'SI', '12', 32, '2022-09-09 15:04:28', '2022-09-09 15:04:28'),(729, '232118', '1131104', 'N/A', '7702559080627', 'VINO VERMOUTH EXTRASECO CONVIER x 750 cc', 1, 1, '1', 'SI', '12', 32, '2022-09-09 15:04:28', '2022-09-09 15:04:28'),(730, 'O4I8D7', 'COVA-000092056', 'COAR-000083417', 'COVA000092056', 'POPALTIPAL_Display Tostadas Bauducco', 2, 1, '1', 'N/A', '1', 20, '2022-09-10 13:29:15', '2022-09-10 13:29:15'),(731, 'OSI18V', 'COVA-0000104194', 'COAR-000095510', '1845678901001', 'Exibidor Bic x120Un x5 Boligrafos', 2, 1, '1', 'N/A', '5', 2, '2022-09-10 13:32:08', '2022-09-10 13:32:08'),(732, 'GUCBI8', '24085765', 'N/A', '7709050549486', 'AGUARDIENTE BENDITO SIN AZUCAR 375ml', 1, 1, '1', 'N/A', '24', 33, '2022-09-12 14:35:12', '2022-09-12 14:59:18'),(733, 'NV0ZPN', '24085764', 'N/A', '7709050549431', 'AGUARDIENTE BENDITO SIN AZUCAR 750ml', 1, 1, '1', 'SI', '12', 33, '2022-09-12 14:42:03', '2022-09-12 14:42:03'),(734, 'XO8CMD', '24085782', 'N/A', '7709589929919', 'RON MOJANA BLANCO 375ml', 1, 1, '1', 'SI', '24', 33, '2022-09-12 14:45:09', '2022-09-12 14:45:09'),(735, 'TIYA0S', '24085783', 'N/A', '7709589929957', 'RON CIERVA DORADA 12 AÑOS EXTRA AÑEJO 750ml', 1, 1, '1', 'SI', '6', 33, '2022-09-12 14:46:40', '2022-09-13 09:35:13'),(736, 'FZUZ07', '24085788', 'N/A', '7709589929933', 'RON LA MOJANA BLANCO 750ml', 1, 1, '1', 'SI', '12', 33, '2022-09-12 14:49:31', '2022-09-12 14:49:31'),(737, 'QO7VT3', '24085789', 'N/A', '7709589929995', 'RON LA MOJANA AÑEJO 750ml', 1, 1, '1', 'SI', '12', 33, '2022-09-12 14:55:32', '2022-09-12 14:55:32'),(738, '0V6P15', '24085790', 'N/A', '7709589929964', 'RON LA MOJANA AÑEJO 375ml', 1, 1, '1', 'SI', '24', 33, '2022-09-12 14:58:38', '2022-09-12 14:58:38'),(739, 'PNH0Z4', 'COVA-000085286', 'COAR-000076668', '7702210020955', 'Limpia Pisos Frotex Lavanda Relax x12Un x950ml', 2, 1, '1', 'N/A', '12', 9, '2022-09-13 16:05:58', '2022-09-23 12:20:04'),(740, 'DB5XDA', '3751', 'N/A', '7702004003454', 'CLUB COLOBIA DORADA 330ML', 1, 1, '1', 'N/A', '30', 26, '2022-09-14 16:10:16', '2022-09-14 16:10:16'),(741, '62R7FB', 'N/A', 'N/A', '7707113805302', 'LICOR TRIPLE SEC 750ML 35%Vol', 1, 1, '1', 'SI', '12', 34, '2022-09-15 11:13:14', '2022-09-15 11:13:14'),(742, 'XPFL19', 'N/A', 'N/A', '7707113804862', 'LICOR CASTLE HOUSE X750 28°', 1, 1, '1', 'SI', '12', 34, '2022-09-15 11:24:06', '2022-09-15 11:24:06'),(743, 'TW0Y5J', 'N/A', 'N/A', '7707113804893', 'BASE COCTELERIA SABOR GRANADINA AXIS 0° 1000ML', 1, 1, '1', 'SI', '6', 34, '2022-09-15 11:28:43', '2022-09-15 11:28:43'),(744, '6R9DQO', 'N/A', 'N/A', '7707113805982', 'LICOR DE GINEBRA  AXIS 35° 750ML', 1, 1, '1', 'SI', '12', 34, '2022-09-15 11:36:18', '2022-09-15 11:36:18'),(745, '4IZDW5', 'N/A', 'N/A', '7707113804886', 'LICODE DE VODKA ALEJANDRIA NATURAL 29° 750ML', 1, 1, '1', 'SI', '12', 34, '2022-09-15 11:37:19', '2022-09-15 11:37:19'),(746, '79EEQK', 'N/A', 'N/A', '7707113805661', 'LICOR PIÑA COLADA JAMMING 15.5° 750ML', 1, 1, '1', 'SI', '12', 34, '2022-09-15 11:39:56', '2022-09-15 11:39:56'),(747, 'CG9Y88', 'N/A', 'N/A', '7707113804909', 'BASE COCTELERIA SABOR CURAZAO AXIS 0° 1000ML', 1, 1, '1', 'SI', '6', 34, '2022-09-15 11:40:57', '2022-09-15 11:42:36'),(748, 'MPKGME', 'N/A', 'N/A', '7707113803001', 'ROM AÑEJO CIENFUEGOS 35° 750ML', 1, 1, '1', 'SI', '12', 34, '2022-09-15 11:43:46', '2022-09-15 11:43:46'),(749, 'Y020O3', 'N/A', 'N/A', '7707113805531', 'APERITIVO NO VINICO CREMA DE SABOR A CAFE SORTILEGIO 14° 750ML', 1, 1, '1', 'SI', '12', 34, '2022-09-15 11:55:18', '2022-09-15 11:55:18'),(750, 'O6MFP9', 'N/A', 'COAR- 000099713', '7702626211770', 'Gaviscon Doble Accion Sachet x12Dp x12Un', 2, 1, '1', 'N/A', '12', 35, '2022-09-15 15:22:12', '2022-09-15 15:27:45'),(751, 'CE5TSI', 'COVA-000018822', 'COAR-000010070', '18822', 'Te Negro Himalaya Original Cx144/Ux12', 2, 1, '1', 'N/A', '144', 12, '2022-09-16 10:07:20', '2022-09-16 10:07:20'),(752, '322128', 'N/A', 'N/A', '57000100001', 'AP CREMA DE WHISKY BRAYTTON 750*14*6', 1, 1, '1', 'SI', '6', 36, '2022-09-20 16:20:26', '2022-09-20 17:29:36'),(753, '19257', 'N/A', 'N/A', '56000100003', 'AP PIÑA COLADA BRAY BRAYTTON 750*6*14', 1, 1, '1', 'SI', '6', 36, '2022-09-20 16:20:26', '2022-09-20 17:29:36'),(754, '286574', 'N/A', 'N/A', '58000100007', 'V TINTO DULCE LA BODEGUITA 3800*10*4', 1, 1, '1', 'SI', '4', 36, '2022-09-20 16:20:26', '2022-09-20 17:53:08'),(755, '763338', 'N/A', 'N/A', '58000100004', 'V E BLANCO LA BODEGUITA 750*6*6', 1, 1, '1', 'SI', '6', 36, '2022-09-20 16:20:26', '2022-09-20 17:54:03'),(756, '424841', 'N/A', 'N/A', '58000100003', 'V E ROSADO LA BODEGUITA 750*6*6', 1, 1, '1', 'SI', '6', 36, '2022-09-20 16:20:26', '2022-09-20 17:29:36'),(757, '71198', 'N/A', 'N/A', '58000100009', 'V BLANCO SECO LA BODEGUITA 2000*10*6', 1, 1, '1', 'SI', '6', 36, '2022-09-20 16:20:26', '2022-09-20 17:29:36'),(758, '649054', 'N/A', 'N/A', '58000100010', 'V BLANCO SECO LA BODEGUITA 3800*10*4', 1, 1, '1', 'SI', '4', 36, '2022-09-20 16:20:26', '2022-09-20 17:30:19'),(759, '919547', 'N/A', 'N/A', '58000100002', 'V BLANCO SECO LA BODEGUITA 750*10*6', 1, 1, '1', 'SI', '6', 36, '2022-09-20 16:20:26', '2022-09-20 17:29:36'),(760, '170866', 'N/A', 'N/A', '60000200002', 'V D TINTO EL TONELITO 1000*10*6', 1, 1, '1', 'SI', '6', 36, '2022-09-20 16:20:26', '2022-09-20 17:29:36'),(761, '256003', 'N/A', 'N/A', '58000100015', 'VINO GENEROSO LA BODEGUITA 750*6*14', 1, 1, '1', 'SI', '6', 36, '2022-09-20 16:20:26', '2022-09-20 17:29:36'),(762, '432495', 'N/A', 'N/A', '58000100008', 'V B MANZANA LA BODEGUITA 750*6*6', 1, 1, '1', 'SI', '6', 36, '2022-09-20 16:20:26', '2022-09-20 17:25:21'),(763, '499859', 'N/A', 'N/A', '58000100001', 'V TINTO D LA BODEGUITA 750*6*6', 1, 1, '1', 'SI', '6', 36, '2022-09-20 16:20:26', '2022-09-20 17:21:39'),(764, 'M5TPYM', 'COVA-000004873', 'COAR-000002777', '5410316983693', 'Vodka Smirnoff Ice Botella 24un x275ml', 1, 1, '1', 'SI', '24', 7, '2022-09-21 15:04:35', '2022-09-23 11:07:02'),(765, 'BREB02', 'COVA-000004872', 'COAR-000002776', '5410316997980', 'Vodka Smirnoff Ice Lata 4dp x6un x250ml', 1, 1, '1', 'SI', '24', 7, '2022-09-21 15:07:59', '2022-09-23 11:06:13'),(766, '2P4E1X', 'N/A', 'COAR-00003691', '75095466522559', 'Lavaplatos Disco Axion 72un Limon La nueva Formula', 2, 1, '1', 'N/A', '72', 5, '2022-09-22 16:59:44', '2022-09-22 16:59:44'),(767, '7KPL93', 'N/A', 'COAR-000098771', '7702010097966', 'Jabón Protex Duo Protect x72Un x110gr', 2, 1, '1', 'N/A', '72', 5, '2022-09-22 17:02:29', '2022-09-22 17:02:29'),(768, '43FBQ2', 'N/A', 'COAR-000098770', '7702010420917', 'Jabón Protex Macadamia x72Un x110gr', 2, 1, '1', 'N/A', '72', 5, '2022-09-22 17:04:50', '2022-09-22 17:04:50'),(769, 'RZBB5U', 'COVA-000022242', 'COAR-000013302', '7702746014015', 'Te Himalaya Sabores Premium Lychee Fresa', 2, 1, '1', 'N/A', '144', 12, '2022-09-23 10:28:37', '2022-09-23 10:28:37'),(770, 'JYAIXJ', 'COVA-000104194', 'COAR-000095510', '1845678901001', 'Exhibidor Bic x120Un x5 Boligrafos', 2, 1, '1', 'N/A', '120', 2, '2022-09-23 10:44:10', '2022-09-23 10:44:10'),(771, 'XWM30D', 'COVA-000005000', 'COAR-000002795', '7702103002143', 'Cereal Kellogg Musli 14un x300gr Manzana', 2, 1, '1', 'N/A', '14', 15, '2022-09-23 12:20:52', '2022-09-23 12:20:52'),(772, '8WCIP3', 'COVA-000043068', 'COAR-000034741', '7702103161567', 'Granola Kids Choco Krispis x14Un x300gr', 2, 1, '1', 'N/A', '14', 15, '2022-09-23 12:25:29', '2022-09-23 12:25:29'),(773, 'RHE7M1', 'COVA-000051408', 'COAR-000043018', '7702103810359', 'Cereal Kellogg Zucaritas Arequipe x54Un x120gr Arequipe', 2, 1, '1', 'N/A', '54', 15, '2022-09-23 12:29:54', '2022-09-23 12:29:54'),(774, 'B0DOW2', 'COVA-000108402', 'COAR-000099713', '108402', 'Gaviscon Doble Accion Sachet x12Dp x12Un', 2, 1, '1', 'N/A', '12', 35, '2022-09-23 12:32:50', '2022-09-23 12:32:50'),(775, 'OAK24A', 'COVA-000102144', 'COAR-000093491', 'COVA000102144', 'POPALTIPAL_Tester Bic El Bueno J6', 2, 1, '1', 'N/A', '1', 17, '2022-09-23 13:54:15', '2022-09-23 13:54:15'),(776, 'T9FUBM', 'COVA-000102145', 'COAR-000093492', 'COVA000102145', 'POPALTIPAL_Afiche Bic El Bueno J6', 2, 1, '1', 'N/A', '1', 17, '2022-09-23 13:56:04', '2022-09-23 13:56:04'),(777, 'MYK9LR', 'COVA-000102146', 'COAR-000093493', 'COVA000102146', 'POPALTIPAL_Mueble Exhibidor J5 X25 Bic El Bueno', 2, 1, '1', 'N/A', '1', 17, '2022-09-23 13:56:48', '2022-09-23 13:56:48'),(778, '0Z7QYM', 'N/A', 'N/A', '7709990276930', 'GIN ASTUTTO', 1, 1, '1', 'SI', '6', 37, '2022-09-27 12:00:36', '2022-09-27 12:00:36'),(779, 'MFX5TV', '1130173', 'N/A', '0173', 'AP CREMA AMARETTO CONVIER', 1, 1, '1', 'N/A', '12', 32, '2022-09-27 14:18:09', '2022-09-27 14:18:09'),(780, 'XUG1V2', '1130182', 'N/A', '0182', 'AP. PIÑA COLADA CONVIER x750cc', 1, 1, '1', 'SI', '12', 37, '2022-09-27 14:20:46', '2022-09-27 14:20:46'),(781, '5NYUMW', '1132102', 'N/A', '2102', 'LICOR VODKA MOSKAYA x750cc', 1, 1, '1', 'SI', '12', 32, '2022-09-27 14:31:35', '2022-09-27 14:31:35'),(782, '', '1900104', 'N/A', '1900104', 'ROYAL SALUTE 21 AÑOS x 700 cc', 1, 1, '1', 'SI', '12', 38, '2022-09-28 13:02:00', '2022-09-28 14:03:55'),(783, '', '1900106', 'N/A', '1900106', 'CHIVAS REGAL 18 AÑOS x 200 cc', 1, 1, '1', 'SI', '12', 38, '2022-09-28 13:02:00', '2022-09-28 14:03:57'),(784, '', '1900107', 'N/A', '1900107', 'CHIVAS REGAL 18 AÑOS x 50 cc', 1, 1, '1', 'SI', '', 38, '2022-09-28 13:02:00', '2022-09-28 13:02:00'),(785, '', '1900109', 'N/A', '1900109', 'CHIVAS REGAL 12 AÑOS x 1750 cc', 1, 1, '1', 'SI', '6', 38, '2022-09-28 13:02:00', '2022-09-28 14:04:05'),(786, '', '1900110', 'N/A', '1900110', 'CHIVAS REGAL 12 AÑOS x 1000 cc', 1, 1, '1', 'SI', '6', 38, '2022-09-28 13:02:00', '2022-09-28 14:04:04'),(787, '', '1900112', 'N/A', '1900112', 'CHIVAS REGAL 12 AÑOS x 375 cc', 1, 1, '1', 'SI', '', 38, '2022-09-28 13:02:00', '2022-09-28 13:02:00'),(788, '', '1900116', 'N/A', '1900116', 'SOMETHING SPECIAL x 1000 cc', 1, 1, '1', 'SI', '', 38, '2022-09-28 13:02:00', '2022-09-28 13:02:00'),(789, '', '1900117', 'N/A', '1900117', 'SOMETHING SPECIAL x 750 cc', 1, 1, '1', 'SI', '', 38, '2022-09-28 13:02:00', '2022-09-28 13:02:00'),(790, '', '1900120', 'N/A', '1900120', 'BALLANTINES FINEST x 375 cc', 1, 1, '1', 'SI', '', 38, '2022-09-28 13:02:00', '2022-09-28 13:02:00'),(791, '', '1900132', 'N/A', '1900132', 'PASSPORT x 700 cc', 1, 1, '1', 'SI', '', 38, '2022-09-28 13:02:00', '2022-09-28 13:02:00'),(792, '', '1900136', 'N/A', '1900136', 'CHIVAS REGAL EXTRA 13 AÑOS x 200 cc', 1, 1, '1', 'SI', '', 38, '2022-09-28 13:02:00', '2022-09-28 13:02:00'),(793, '', '1900139', 'N/A', '1900139', 'JAMESON STD x 350 cc', 1, 1, '1', 'SI', '', 38, '2022-09-28 13:02:00', '2022-09-28 13:02:00'),(794, '', '1900141', 'N/A', '1900141', 'BALLANTINES FINEST x 700 cc', 1, 1, '1', 'SI', '', 38, '2022-09-28 13:02:00', '2022-09-28 13:02:00'),(795, '', '1900142', 'N/A', '1900142', 'CHIVAS REGAL 18 AÑOS x 700 cc', 1, 1, '1', 'SI', '', 38, '2022-09-28 13:02:00', '2022-09-28 13:02:00'),(796, '', '1900143', 'N/A', '1900143', 'CHIVAS REGAL 12 AÑOS x 700 cc', 1, 1, '1', 'SI', '', 38, '2022-09-28 13:02:00', '2022-09-28 13:02:00'),(797, '', '1900144', 'N/A', '1900144', 'BALLANTINES 12 AÑOS x 700 cc', 1, 1, '1', 'SI', '', 38, '2022-09-28 13:02:00', '2022-09-28 13:02:00'),(798, '', '1900145', 'N/A', '1900145', 'CHIVAS REGAL EXTRA x 700 cc', 1, 1, '1', 'SI', '', 38, '2022-09-28 13:02:00', '2022-09-28 13:02:00'),(799, '', '1900146', 'N/A', '1900146', 'CHIVAS REGAL EXTRA x 375 cc', 1, 1, '1', 'SI', '', 38, '2022-09-28 13:02:00', '2022-09-28 13:02:00'),(800, '', '1900147', 'N/A', '1900147', 'CHIVAS REGAL EXTRA 13 AÑOS x 50 cc', 1, 1, '1', 'SI', '', 38, '2022-09-28 13:02:00', '2022-09-28 13:02:00'),(801, '', '1900148', 'N/A', '1900148', 'PASSPORT x 1000 cc', 1, 1, '1', 'SI', '', 38, '2022-09-28 13:02:00', '2022-09-28 13:02:00'),(802, '', '1900149', 'N/A', '1900149', 'PASSPORT x 200 cc', 1, 1, '1', 'SI', '', 38, '2022-09-28 13:02:00', '2022-09-28 13:02:00'),(803, '', '1900152', 'N/A', '1900152', 'BEEFEATER x 1000 cc', 1, 1, '1', 'SI', '', 38, '2022-09-28 13:02:00', '2022-09-28 13:02:00'),(804, '', '1900154', 'N/A', '1900154', 'CHIVAS REGAL EXTRA x 1000 cc', 1, 1, '1', 'SI', '', 38, '2022-09-28 13:02:00', '2022-09-28 13:02:00'),(805, '', '1900155', 'N/A', '1900155', 'BALLANTINES FINEST x 1000 cc', 1, 1, '1', 'SI', '', 38, '2022-09-28 13:02:00', '2022-09-28 13:02:00'),(806, '', '1900162', 'N/A', '1900162', 'SOMETHING SPECIAL x 350 cc', 1, 1, '1', 'SI', '', 38, '2022-09-28 13:02:00', '2022-09-28 13:02:00'),(807, '', '1900163', 'N/A', '1900163', 'SOMETHING SPECIAL x 200 cc', 1, 1, '1', 'SI', '', 38, '2022-09-28 13:02:00', '2022-09-28 13:02:00'),(808, '', '1900164', 'N/A', '1900164', 'CHIVAS REGAL 12 AÑOS x 200 cc', 1, 1, '1', 'SI', '', 38, '2022-09-28 13:02:00', '2022-09-28 13:02:00'),(809, '', '1900205', 'N/A', '1900205', 'ABSOLUT VODKA x 50 cc', 1, 1, '1', 'SI', '', 38, '2022-09-28 13:02:00', '2022-09-28 13:02:00'),(810, '', '1900214', 'N/A', '1900214', 'WYBOROWA x 700 cc', 1, 1, '1', 'SI', '', 38, '2022-09-28 13:02:00', '2022-09-28 13:02:00'),(811, '', '1900221', 'N/A', '1900221', 'WYBOROWA x 1000 cc', 1, 1, '1', 'SI', '', 38, '2022-09-28 13:02:00', '2022-09-28 13:02:00'),(812, '', '1900222', 'N/A', '1900222', 'ABSOLUT VODKA x 700 cc', 1, 1, '1', 'SI', '', 38, '2022-09-28 13:02:00', '2022-09-28 13:02:00'),(813, '', '1900225', 'N/A', '1900225', 'ABSOLUT CITRON x 700 cc', 1, 1, '1', 'SI', '', 38, '2022-09-28 13:02:00', '2022-09-28 13:02:00'),(814, '', '1900227', 'N/A', '1900227', 'ABSOLUT MANDRIN x 700 cc', 1, 1, '1', 'SI', '', 38, '2022-09-28 13:02:00', '2022-09-28 13:02:00'),(815, '', '1900229', 'N/A', '1900229', 'BALLANTINES FINEST x 200 cc', 1, 1, '1', 'SI', '', 38, '2022-09-28 13:02:00', '2022-09-28 13:02:00'),(816, '', '1900304', 'N/A', '1900304', 'BEEFEATER LONDON 40º x 350 cc', 1, 1, '1', 'SI', '', 38, '2022-09-28 13:02:00', '2022-09-28 13:02:00'),(817, '', '1900311', 'N/A', '1900311', 'BEEFEATER LONDON 40º x 700 cc', 1, 1, '1', 'SI', '', 38, '2022-09-28 13:02:00', '2022-09-28 13:02:00'),(818, '', '1900312', 'N/A', '1900312', 'BEEFEATER LONDON PINK x 700 cc', 1, 1, '1', 'SI', '', 38, '2022-09-28 13:02:00', '2022-09-28 13:02:00'),(819, '', '1900401', 'N/A', '1900401', 'RON HAVANA CLUB 7 AÑOS x 750 cc', 1, 1, '1', 'SI', '', 38, '2022-09-28 13:02:00', '2022-09-28 13:02:00'),(820, '', '1900407', 'N/A', '1900407', 'RON HAVANA CLUB 3 AÑOS x 700 cc', 1, 1, '1', 'SI', '', 38, '2022-09-28 13:02:00', '2022-09-28 13:02:00'),(821, '', '1900410', 'N/A', '1900410', 'RON HAVANA CLUB 3 AÑOS x 1000 cc', 1, 1, '1', 'SI', '', 38, '2022-09-28 13:02:00', '2022-09-28 13:02:00'),(822, '', '1900503', 'N/A', '1900503', 'OLMECA REPOSADO x 700 cc', 1, 1, '1', 'SI', '', 38, '2022-09-28 13:02:00', '2022-09-28 13:02:00'),(823, '', '1900506', 'N/A', '1900506', 'OLMECA BLANCO x 700 cc', 1, 1, '1', 'SI', '', 38, '2022-09-28 13:02:00', '2022-09-28 13:02:00'),(824, '', '1900507', 'N/A', '1900507', 'OLMECA REPOSADO x 1000 cc', 1, 1, '1', 'SI', '', 38, '2022-09-28 13:02:00', '2022-09-28 13:02:00'),(825, '', '1900601', 'N/A', '1900601', 'SOHO x 700 cc', 1, 1, '1', 'SI', '', 38, '2022-09-28 13:02:00', '2022-09-28 13:02:00'),(826, '', '1900701', 'N/A', '1900701', 'DUBONNET x 750 cc', 1, 1, '1', 'SI', '', 38, '2022-09-28 13:02:00', '2022-09-28 13:02:00'),(827, '', '1900702', 'N/A', '1900702', 'DUBONNET x 375 cc', 1, 1, '1', 'SI', '', 38, '2022-09-28 13:02:00', '2022-09-28 13:02:00'),(828, '', '1900900', 'N/A', '1900900', 'MEZCAL DEL MAGUEY VIDA x 750 cc', 1, 1, '1', 'SI', '', 38, '2022-09-28 13:02:00', '2022-09-28 13:02:00'),(829, '', '1900904', 'N/A', '1900904', 'PLYMOUTH GIN x 700 cc', 1, 1, '1', 'SI', '', 38, '2022-09-28 13:02:00', '2022-09-28 13:02:00'),(830, '', '1900920', 'N/A', '1900920', 'RON LA HECHICERA X 700 CC', 1, 1, '1', 'SI', '', 38, '2022-09-28 13:02:00', '2022-09-28 13:02:00'),(831, '', '1901225', 'N/A', '1901225', 'CORONITA EXTRA BOT x 210 CC', 1, 1, '1', 'SI', '', 38, '2022-09-28 13:02:00', '2022-09-28 13:02:00');
UNLOCK TABLES;
COMMIT;
BEGIN;
LOCK TABLES `db_deca`.`salida` WRITE;
DELETE FROM `db_deca`.`salida`;
INSERT INTO `db_deca`.`salida` (`id_salida`,`id_cliente`,`referencia`,`factura`,`fecha_de_comprobante`,`serie`,`archivo`,`tpago`,`observacion`,`direccion`,`devolucion`,`created_at`) VALUES (1, '3', 'DECA SOLCUIONES LOGISTICA Y SERVICIOS S.A.S', 'JE-3995', '2022-06-21', '00000001', 'upload_files/1659185695_2022-07-30_SALIDA.pdf', 'CREDITO', 'N/A', NULL, 0, '2022-07-30 07:54:55'),(2, '3', 'VALDEZ VALENCIA NELIS BEATRIZ', 'JE-4013', '2022-06-29', '00000002', 'upload_files/1659185816_2022-07-30_SALIDA.pdf', 'CREDITO', 'N/A', NULL, 0, '2022-07-30 07:56:56'),(3, '3', 'ESCOBAR LONDOÑO OLGA PATRICA', 'JE-4028', '2022-07-01', '00000003', 'upload_files/1659185905_2022-07-30_SALIDA.pdf', 'CREDITO', 'N/A', NULL, 0, '2022-07-30 07:58:25'),(4, '3', 'SCORDAMAGLIA PAOLO', 'JE-4031', '2022-07-01', '00000004', 'upload_files/1659185983_2022-07-30_SALIDA.pdf', 'CREDITO', 'N/A', NULL, 0, '2022-07-30 07:59:43'),(5, '3', 'BASILEA COMIDA FRNACESA Y MEDITERRANEA', 'JE-4032', '2022-07-01', '00000005', 'upload_files/1659186108_2022-07-30_SALIDA.pdf', 'CREDITO', 'N/A', NULL, 0, '2022-07-30 08:01:48'),(6, '3', 'SUNSET MARINA S.A.S', 'JE-4040', '2022-07-06', '00000006', 'upload_files/1659186169_2022-07-30_SALIDA.pdf', 'CREDITO', 'N/A', NULL, 0, '2022-07-30 08:02:49'),(7, '3', 'JOYA RUEDA LUIS HERNANDO', 'JE-4041', '2022-07-06', '00000007', 'upload_files/1659186263_2022-07-30_SALIDA.pdf', 'CREDITO', 'N/A', NULL, 0, '2022-07-30 08:04:23'),(8, '3', 'OSPINA MEDINA LEYDYS MARIA', 'JE-4045', '2022-07-06', '00000008', 'upload_files/1659186361_2022-07-30_SALIDA.pdf', 'CREDITO', 'N/A', NULL, 0, '2022-07-30 08:06:01'),(9, '3', 'CASTILLO CASTILLON KAREN DAYANA - COMERCIAL DANNA', 'JE-4051', '2022-07-08', '00000009', 'upload_files/1659186451_2022-07-30_SALIDA.pdf', 'CREDITO', 'N/A', NULL, 0, '2022-07-30 08:07:31'),(10, '3', 'CASTILLO CASTRILLON KAREN DAYANA - DANNA LIQUORE', 'JE-4052', '2022-07-08', '00000010', 'upload_files/1659186613_2022-07-30_SALIDA.pdf', 'CREDITO', 'N/A', NULL, 0, '2022-07-30 08:10:13'),(11, '3', 'VIZCAINO GUTIERREZ ORLANDO EMILIO', 'JE-4063', '2022-07-18', '00000011', 'upload_files/1659186696_2022-07-30_SALIDA.pdf', 'CREDITO', 'N/A', NULL, 0, '2022-07-30 08:11:36'),(12, '3', 'URANGO VASQUEZ NELVER ANTONIO', 'JE-4064', '2022-07-18', '00000012', 'upload_files/1659186788_2022-07-30_SALIDA.pdf', 'CREDITO', 'N/A', NULL, 0, '2022-07-30 08:13:08'),(13, '3', 'ESCOBAR LONDOÑO OLGA PATRICIA', 'JE-4086', '2022-07-22', '00000013', 'upload_files/1659186863_2022-07-30_SALIDA.pdf', 'CREDITO', 'N/A', NULL, 0, '2022-07-30 08:14:23'),(14, '3', 'ORTEGA ACEVEDO GABRIEL / PUNTO HEINEKEN', 'JE-4087', '2022-07-22', '00000014', 'upload_files/1659186968_2022-07-30_SALIDA.pdf', 'CREDITO', 'N/A', NULL, 0, '2022-07-30 08:16:08'),(15, '3', 'AMOROCHO VESGA ALBA YANETH / HOLGUER PIZZA CALLEJON DEL CORREO', 'JE-4088', '2022-07-22', '00000015', 'upload_files/1659187053_2022-07-30_SALIDA.pdf', 'CREDITO', 'N/A', NULL, 0, '2022-07-30 08:17:33'),(16, '3', 'SILVA GUERRERO BUDDY ENDER / BAKARU', 'JE-4089', '2022-07-22', '00000016', 'upload_files/1659187118_2022-07-30_SALIDA.pdf', 'CREDITO', 'N/A', NULL, 0, '2022-07-30 08:18:38'),(17, '3', 'SIERRA LAGUNA', '7526', '2022-07-13', '00000017', 'upload_files/1659187236_2022-07-30_SALIDA.pdf', 'CREDITO', 'N/A', NULL, 0, '2022-07-30 08:20:36'),(18, '3', 'PORDUCTOS EN AVERIA', 'JE-AVERIA', '2022-06-30', '00000018', 'upload_files/1659195845_2022-07-30_SALIDA.pdf', 'CREDITO', 'SALIDA DE PRODUCTOS EN AVERIA\n7802940049605 - 1 Botella rota + 5 Botellas etiquetas manchadas\n7802940049612 - 11 Botellas etiquetas rasgadas\n7802940049582 - 1 Botella sin corcho\n7802940049629 - 6 Botellas con etiquetas rasgadas', NULL, 0, '2022-07-30 10:44:05'),(19, '3', 'TRAFFIC SAS', 'JE-4128', '2022-08-03', '00000019', 'upload_files/1660140748_2022-08-10_SALIDA.pdf', 'CREDITO', 'N/A', NULL, 0, '2022-08-10 09:12:28'),(20, '3', 'SUNSET MARINA SAS', 'JE-4129', '2022-08-03', '00000020', 'upload_files/1660140831_2022-08-10_SALIDA.pdf', 'CREDITO', 'N/A', NULL, 0, '2022-08-10 09:13:51'),(21, '3', 'DURAN PRADA AMAPRO / LICORES SPRIT', 'JE-4139', '2022-08-05', '00000021', 'upload_files/1660141018_2022-08-10_SALIDA.pdf', 'CREDITO', 'N/A', NULL, 0, '2022-08-10 09:16:58'),(22, '3', 'VEGA ROJAS YOSELIN CRISTINA / BEER HOUSE', 'JE-4140', '2022-08-05', '00000022', 'upload_files/1660141342_2022-08-10_SALIDA.pdf', 'CREDITO', 'N/A', NULL, 0, '2022-08-10 09:22:22'),(23, '3', 'VALDES VALENCIA NELIS BEATRIZ', 'JE-4146', '2022-08-09', '00000023', 'upload_files/1660141913_2022-08-10_SALIDA.pdf', 'CREDITO', 'N/A', NULL, 0, '2022-08-10 09:31:53'),(24, '3', 'BASILEA COMIDA FRANCESA Y MEDITERRANEA', 'JE-4147', '2022-08-09', '00000024', 'upload_files/1660141976_2022-08-10_SALIDA.pdf', 'CREDITO', 'N/A', NULL, 0, '2022-08-10 09:32:56'),(25, '3', 'TASCON QUENGUAN RAFAEL', 'JE-4166', '2022-08-19', '00000025', 'upload_files/1660918550_2022-08-19_SALIDA.pdf', 'CREDITO', 'N/A', NULL, 0, '2022-08-19 09:15:50'),(26, '3', 'ROSAS RAMIREZ JOSEPH', 'JE-4167', '2022-08-19', '00000026', 'upload_files/1660918840_2022-08-19_SALIDA.pdf', 'CREDITO', 'N/A', NULL, 0, '2022-08-19 09:20:40'),(27, '2', 'MULTICANAL - PROVISIONES DONDE YIYO - ENVI-000696606', 'ENVI-000696606', '2022-08-20', '00000027', 'upload_files/1661202802_2022-08-22_SALIDA.pdf', 'CONTADO', 'SM01-1024645			PEVE-017408928', 'CL 12 12 09 LC, SANTA MARTA', 0, '2022-08-22 16:13:22'),(28, '2', 'CONFITERIA TITA - ENVI-000696624', 'ENVI-000696624', '2022-08-20', '00000028', 'upload_files/1661203846_2022-08-22_SALIDA.pdf', 'CONTADO', 'SM01-1024663\nENVI-000696624', 'CL 12 4 18, SANTA MARTA', 0, '2022-08-22 16:30:46'),(29, '2', 'TAT - ENVI-000696605	', 'ENVI-000696605', '2022-08-20', '00000029', 'upload_files/1661283649_2022-08-23_SALIDA.pdf', 'CONTADO', 'PRDUCTO CADUCADO NO SALIO --> 7702103245397  Cereal Kellogg Choco Krispis Megapaketicos x54Un x120gr', 'n/a', 0, '2022-08-23 14:40:49'),(30, '2', 'SURTIAPP - ENVI-000696608', 'ENVI-000696608', '2022-08-20', '00000030', 'upload_files/1661283811_2022-08-23_SALIDA.pdf', 'CONTADO', 'N/A', 'N/A', 0, '2022-08-23 14:43:31'),(31, '2', 'SALIDA ENVI-000697788 MULTICANAL', 'ENVI-000697788', '2022-08-23', '00000031', 'upload_files/1661875002_2022-08-30_SALIDA.pdf', 'CONTADO', 'N/A', 'S/D', 0, '2022-08-30 10:56:42'),(32, '2', 'SALIDA MASSER ENVI-000697800', 'ENVI-000697800', '2022-08-23', '00000032', 'upload_files/1661875248_2022-08-30_SALIDA.pdf', 'CONTADO', 'N/A', 'S/D', 0, '2022-08-30 11:00:48'),(33, '2', 'SALIDA SUTIAPP ENVI-000697797', 'ENVI-000697797', '2022-08-23', '00000033', 'upload_files/1661876542_2022-08-30_SALIDA.pdf', 'CONTADO', 'N/A', 'S/D', 0, '2022-08-30 11:22:22'),(34, '2', 'SALIDA TAT 1 ENVI-000697791', 'ENVI-000697791', '2022-08-23', '00000034', 'upload_files/1661878284_2022-08-30_SALIDA.pdf', 'CONTADO', 'NO HAY EXISTENCA EN BODEGA DE \nCOVA-000087365 - COAR-000078747 \nLavaplatos Crema Platox Frotex Biodegradable x24Un x235gr \nFALTARON 2 UNIDADES POR SALIR\n\nNO HAY EXISTENCA EN BODEGA DE \nCOVA-000058142 COAR-000049702\nDesodorante Balance Clinical Crema Mujer', 'S/D', 0, '2022-08-30 11:51:24'),(35, '2', 'SALIDA TAT 2 ENVI-000697748', 'ENVI-000697748', '2022-08-23', '00000035', 'upload_files/1661887932_2022-08-30_SALIDA.pdf', 'CONTADO', '7702103245397	Cereal Kellogg Choco Krispis Megapaketicos x54Un x120gr VENCIDO', 'S/D', 0, '2022-08-30 14:32:12'),(36, '2', 'SALIDA MULTICANAL ENVI-000698436', 'ENVI-000698436', '2022-08-24', '00000036', 'upload_files/1661889989_2022-08-30_SALIDA.pdf', 'CONTADO', 'FALTANTE DE UNA UNIDAD POR EXTENCIA 070330429741 Boligrafo Bic Cristal Fashion x36un x12 Boligrafos Surtido ', 'N/A', 0, '2022-08-30 15:06:29'),(37, '2', 'SALIDA SUTIAPP ENVI-000698425', 'ENVI-000698425', '2022-08-24', '00000037', 'upload_files/1661890418_2022-08-30_SALIDA.pdf', 'CONTADO', 'N/A', 'S/D', 0, '2022-08-30 15:13:38'),(38, '2', 'SALIDA TAT ENVI-000698431', 'ENVI-000698431', '2022-08-24', '00000038', 'upload_files/1661891286_2022-08-30_SALIDA.pdf', 'CONTADO', 'N/A', 'S/A', 0, '2022-08-30 15:28:06'),(39, '2', 'SALIDA RAPIMERCAR ENVI-000698369', 'ENVI-000698369', '2022-08-24', '00000039', 'upload_files/1661891762_2022-08-30_SALIDA.pdf', 'CONTADO', 'NO SE SACO POR PRDUCTO VENCIDO 7501008005231 - Cereal Kellogg Barra Mega Rice Krispies Treats x32Un x37gr\nNO SE SACO POR PRDUCTO VENCIDO 7702103002174 - Cereal Kellogg Musli 14un x300gr Cosecha Roja', 'S/D', 0, '2022-08-30 15:36:02'),(40, '2', 'SALIDA MULTICANAL ENVI-000699051', 'ENVI-000699051', '2022-08-25', '00000040', 'upload_files/1661964679_2022-08-31_SALIDA.pdf', 'CONTADO', 'N/A', 'S/D', 0, '2022-08-31 11:51:19'),(41, '6', 'TRASLADO DE CERVEZAS A BODEGA DE DISLICORES', '0039', '2022-09-01', '00000041', 'upload_files/1661977231_2022-08-31_SALIDA.pdf', 'CREDITO', 'TRASLADO DE MERCANCIA A BODEGA PRINCIPAL DE DISLICORES.', 'BODEGA DISLICORES SANTA MARTA', 0, '2022-08-31 15:20:31'),(42, '2', 'SALIDA TAT', 'ENVI-000699047', '2022-08-25', '00000042', 'upload_files/1661980360_2022-08-31_SALIDA.pdf', 'CONTADO', 'N/A', 'S/D', 0, '2022-08-31 16:12:40'),(43, '3', 'ARANGOP GARCIA ADRIANA  ISABEL', 'JE-4218', '2022-08-31', '00000043', 'upload_files/1661980452_2022-08-31_SALIDA.pdf', 'CREDITO', 'N/A', 'CRA 1 11 41 AP 532 BL 5 SANTA MARTA ', 0, '2022-08-31 16:14:12'),(44, '4', 'ALMACENES EXITO S.A - CARULLA ARRECIFE', 'FEBL-2306', '2022-08-03', '00000044', 'upload_files/1662071736_2022-09-01_SALIDA.pdf', 'CREDITO', 'N/A', 'SANTA MARTA CRA 49 CLL 32', 1, '2022-09-01 17:35:36'),(45, '4', 'ALMACENES EXITO S.A - CARULLA ZAZUE', 'FEBL-2305', '2022-08-05', '00000045', 'upload_files/1662072065_2022-09-01_SALIDA.pdf', 'CREDITO', 'N/A', 'SANTA MARTA CR 48 CLL 32 ', 0, '2022-09-01 17:41:05'),(46, '4', 'EL MORRO INVERSIONES SAS.', 'FEBG-28332', '2022-08-06', '00000046', 'upload_files/1662072244_2022-09-01_SALIDA.pdf', 'CREDITO', 'DEVOLUCION POR AÑADA', 'CLL 16 3 112 CENTRO ', 1, '2022-09-01 17:44:04'),(47, '4', 'CENCOSUD COLOMBIA SA. JUMBO SANTA MARTA', 'FEBL-2346', '2022-08-16', '00000047', 'upload_files/1662127563_2022-09-02_SALIDA.pdf', 'CREDITO', 'LAS REFERENCIAS DE TRIPACK LIT SE SACAN POR UNIDADES PARA LUEGO REALIZAR LAS TRANSFORMACION.', 'AV 9 125 30 SANTA MARTA ', 1, '2022-09-02 09:06:03'),(48, '4', 'CENCOSUD COLOMBIA SA. JUMBO SANTA MARTA ', 'FEBL-2348', '2022-08-16', '00000048', 'upload_files/1662128260_2022-09-02_SALIDA.pdf', 'CONTADO', 'N/A', 'AV9 125 30 ', 1, '2022-09-02 09:17:40'),(49, '4', 'ALMACENES EXITO SA. - CARULLA ARRECIFE', '7000948', '2022-08-16', '00000049', 'upload_files/1662128460_2022-09-02_SALIDA.pdf', 'CREDITO', 'N/A', 'CRA 48 CLL 32 B SUS 139 ', 0, '2022-09-02 09:21:00'),(50, '4', 'EL MORRO INVERSIONES SAS.', 'FEBG-28727', '2022-08-19', '00000050', 'upload_files/1662128653_2022-09-02_SALIDA.pdf', 'CREDITO', 'N/A', 'CRA 48 CLL 32 B SUS 139 ', 0, '2022-09-02 09:24:13'),(51, '4', 'MIKE Y MIKE SAS.', 'FEBL-2387', '2022-08-23', '00000051', 'upload_files/1662130615_2022-09-02_SALIDA.pdf', 'CREDITO', 'N/A', 'CLL 18 2 85 CENTRO ', 0, '2022-09-02 09:56:55'),(52, '4', 'ALMACENES EXITO S.A - BUENA VISTA', 'FEBL-2383', '2022-08-23', '00000052', 'upload_files/1662130897_2022-09-02_SALIDA.pdf', 'CREDITO', 'N/A', 'CRA 48 CLL 32 B SUR ', 0, '2022-09-02 10:01:37'),(53, '4', 'ALAMCENES EXITO SA. - CARULLA ZAZUE', '7000954', '2022-08-23', '00000053', 'upload_files/1662131118_2022-09-02_SALIDA.pdf', 'CREDITO', 'N/A', 'CRA 48 CL 32 B SUR ', 0, '2022-09-02 10:05:18'),(54, '4', 'ALMACENES EXITO S.A - CARULLA BELLAVISTA', '7000955', '2022-08-24', '00000054', 'upload_files/1662131395_2022-09-02_SALIDA.pdf', 'CREDITO', 'N/A', 'CR 48 CLL 32 B SUR 139 ', 1, '2022-09-02 10:09:55'),(55, '4', 'EL MORRO INVERSIONES SAS. ', 'FEBG-28995', '2022-09-30', '00000055', 'upload_files/1662131561_2022-09-02_SALIDA.pdf', 'CREDITO', 'N/A', 'CLL 16 3 112 CENTRO', 0, '2022-09-02 10:12:41'),(56, '4', 'CENCOSUD COLOMBIA SA -  JUMBO SANTA MARTA ', 'FEBL-2281', '2022-09-26', '00000056', 'upload_files/1662131768_2022-09-02_SALIDA.pdf', 'CREDITO', 'ORDEN DE COMPRA NO CORRESPONDE A LA TIENDA', 'AV 9 125 30 - JUMBO SANTA MARTA ', 1, '2022-09-02 10:16:08'),(57, '4', 'ALMACENES EXITO SA - EXITO LIBERTADOR', 'FEBL-2403', '2022-08-30', '00000057', 'upload_files/1662132061_2022-09-02_SALIDA.pdf', 'CONTADO', 'N/A', 'CRA 48 CL 32 B SUR 139 - EXITO LIBERTADOR', 0, '2022-09-02 10:21:01'),(58, '4', 'ALMACENES EXITOS SA - CARULLA BUENA VISTA', '7000959', '2022-08-30', '00000058', 'upload_files/1662132241_2022-09-02_SALIDA.pdf', 'CREDITO', 'N/A', 'CRA 48 CL 32 B SUR 139 - EXITO LIBERTADOR', 1, '2022-09-02 10:24:01'),(59, '4', 'ALMACENES EXITO SA. - BUENA VISTA', 'FEBL-2404', '2022-08-30', '00000059', 'upload_files/1662132421_2022-09-02_SALIDA.pdf', 'CREDITO', 'SACADOS EN UNIDAD PARA POSTERIOR TRANSFORMACION ', 'CRA 48 CLL 32B SUR', 0, '2022-09-02 10:27:01'),(60, '4', 'ALAMCENES EXITO SA - CARULLA ZAZUE', '7000958', '2022-08-30', '00000060', 'upload_files/1662132569_2022-09-02_SALIDA.pdf', 'CREDITO', 'N/A', 'CRA 48 CLL 32B SUR', 0, '2022-09-02 10:29:29'),(61, '4', 'ALMACENES EXITO SA - CARULLA ARRECIFE', 'FEBL-2405', '2022-08-30', '00000061', 'upload_files/1662132736_2022-09-02_SALIDA.pdf', 'CREDITO', 'N/A', 'CRA 48 CLL 32B SUR', 0, '2022-09-02 10:32:16'),(62, '4', 'ESCOBAR GUTIERREZ PIA', 'FECL-4378', '2022-08-31', '00000062', 'upload_files/1662132868_2022-09-02_SALIDA.pdf', 'CREDITO', 'N/A', 'CRA 48 CLL 32B SUR', 0, '2022-09-02 10:34:28'),(63, '6', 'DISLICORES SANTA MARTA ', '040', '2022-09-05', '00000063', 'upload_files/1662387251_2022-09-05_SALIDA.pdf', 'CREDITO', 'ENTREGADA EN LA BODEGA DE DISLICORES', 'SANTA MARTA DISLICORES ', 0, '2022-09-05 09:14:11'),(64, '3', 'ROCOTO CEVICHERIA SAS', 'JE-4233', '2022-09-05', '00000064', 'upload_files/1662475210_2022-09-06_SALIDA.pdf', 'CREDITO', 'N/A', 'CLL 15 KR 1 CC TESORO DEL  MAR ', 0, '2022-09-06 09:40:10'),(65, '4', 'CENCOSUD COLOMBIA SA.', 'FEBL-2424', '2022-09-05', '00000065', 'upload_files/1662481106_2022-09-06_SALIDA.pdf', 'CREDITO', 'TRANSFROMACION DE LA REFERENCIA LIT DE UNIDADES A TRIPACK', 'SANTA MARTA, AV 9 125 30 ', 0, '2022-09-06 11:18:26'),(66, '4', 'ALMACENES EXITO SANTA MARTA ', 'FEBL-2431', '2022-09-05', '00000066', 'upload_files/1662481419_2022-09-06_SALIDA.pdf', 'CREDITO', 'CR 48 CLL 32 B SUR 139', 'SANTA MARTA, AV 9 125 30 ', 0, '2022-09-06 11:23:39'),(67, '6', 'ENTREGA EN BODEGA DECA SANTA MARTA', '0041', '2022-09-07', '00000067', 'upload_files/1662570082_2022-09-07_SALIDA.pdf', 'CONTADO', 'N/A', 'Bodega principal DISLICORES Santa Marta', 0, '2022-09-07 12:01:22'),(68, '6', 'DISLICORES SANTA MARTA BODEGA PRINCIPAL', '042', '2022-09-08', '00000068', 'upload_files/1662641974_2022-09-08_SALIDA.pdf', 'CONTADO', 'MERCANCIA ENVIADA A DISLICORES A SU BODEGA PRINCIPAL ', 'BODEGA PRINCIPAL DISLICORES', 0, '2022-09-08 07:59:34'),(69, '6', 'ENTREGA A DISLICORES ', '0043', '2022-09-08', '00000069', 'upload_files/1662648131_2022-09-08_SALIDA.pdf', 'CONTADO', 'ENTREGADA EN BODEGA DECA', 'BODEGA PRINCIPAL DISLICORES SANTA MARTA', 0, '2022-09-08 09:42:11'),(70, '2', 'SALIDA ENVI-000699637', 'ENVI-000699637', '2022-08-26', '00000070', 'upload_files/1662666609_2022-09-08_SALIDA.pdf', 'CONTADO', 'N/A', 'N/A', 0, '2022-09-08 14:50:09'),(71, '2', 'SALIDA ENVI-000699636', 'ENVI-000699636', '2022-08-26', '00000071', 'upload_files/1662667396_2022-09-08_SALIDA.pdf', 'CONTADO', 'N/A', 'N/A', 0, '2022-09-08 15:03:16'),(72, '2', 'SALIDA ENVI-000699635', 'ENVI-000699635', '2022-08-26', '00000072', 'upload_files/1662672018_2022-09-08_SALIDA.pdf', 'CONTADO', 'N/A', 'N/A', 0, '2022-09-08 16:20:18'),(73, '2', 'DECA SOLUCIONES', 'N/A', '2022-09-09', '00000073', 'upload_files/1662753356_2022-09-09_SALIDA.pdf', 'CONTADO', 'N/A', 'N/A', 0, '2022-09-09 14:55:56'),(74, '2', 'SALIDA ENVI-000700270', 'ENVI-000700270', '2022-08-27', '00000074', 'upload_files/1662767429_2022-09-09_SALIDA.pdf', 'CONTADO', 'N/A', 'N/A', 0, '2022-09-09 18:50:29'),(75, '2', 'SALIDA ENVI-000700275', 'ENVI-000700275', '2022-08-27', '00000075', 'upload_files/1662772411_2022-09-09_SALIDA.pdf', 'CONTADO', 'N/A', 'N/A', 0, '2022-09-09 20:13:31'),(76, '2', 'SALIDA ENVI-000700279', 'ENVI-000700279', '2022-08-27', '00000076', 'upload_files/1662773100_2022-09-09_SALIDA.pdf', 'CONTADO', 'ENVI-000700279', 'N/A', 0, '2022-09-09 20:25:00'),(77, '2', 'SALIDA ENVI-000701304', 'ENVI-000701304', '2022-08-30', '00000077', 'upload_files/1662906636_2022-09-11_SALIDA.pdf', 'CONTADO', 'N/A', 'N/A', 0, '2022-09-11 09:30:36'),(78, '2', 'SALIDA ENVI-000701307', 'ENVI-000701307', '2022-08-30', '00000078', 'upload_files/1662907545_2022-09-11_SALIDA.pdf', 'CONTADO', 'N/A', 'N/A', 0, '2022-09-11 09:45:45'),(79, '2', 'SALIDA ENVI-000701303', 'ENVI-000701303', '2022-08-30', '00000079', 'upload_files/1662908517_2022-09-11_SALIDA.pdf', 'CONTADO', 'N/A', 'N/A', 0, '2022-09-11 10:01:57'),(80, '2', 'SALIDA ENVI-000701291', 'ENVI-000701291', '2022-08-30', '00000080', 'upload_files/1662910764_2022-09-11_SALIDA.pdf', 'CONTADO', 'N/A', 'N/A', 0, '2022-09-11 10:39:24'),(81, '2', 'SALIDA EMVI-000700278', 'EMVI-000700278', '2022-08-30', '00000081', 'upload_files/1662925259_2022-09-11_SALIDA.pdf', 'CONTADO', 'N/A', 'N/A', 0, '2022-09-11 14:40:59'),(82, '2', 'SALIDA ENVI-000701895', 'ENVI-000701895', '2022-08-31', '00000082', 'upload_files/1662943117_2022-09-11_SALIDA.pdf', 'CONTADO', 'N/A', 'N/A', 0, '2022-09-11 19:38:37'),(83, '2', 'SALIDA ENVI-000701892', 'ENVI-000701892', '2022-08-31', '00000083', 'upload_files/1662944840_2022-09-11_SALIDA.pdf', 'CONTADO', 'N/A', 'N/A', 0, '2022-09-11 20:07:20'),(84, '2', 'SALIDA ENVI-000701888', 'ENVI-000701888', '2022-08-31', '00000084', 'upload_files/1662948908_2022-09-11_SALIDA.pdf', 'CONTADO', 'N/A', 'N/A', 0, '2022-09-11 21:15:08'),(85, '2', 'SALIDA ENVI-000702536', 'ENVI-000702536', '2022-08-31', '00000085', 'upload_files/1662958643_2022-09-11_SALIDA.pdf', 'CONTADO', 'N/A', 'N/A', 0, '2022-09-11 23:57:23'),(86, '2', 'SALIDA ENVI-000703430', 'ENVI-000703430', '2022-09-01', '00000086', 'upload_files/1662959595_2022-09-12_SALIDA.pdf', 'CONTADO', 'N/A', 'N/A', 0, '2022-09-12 00:13:15'),(87, '2', 'SALIDA MULTIPLE', 'MULTIPLE', '2022-09-03', '00000087', 'upload_files/1662960199_2022-09-12_SALIDA.pdf', 'CONTADO', 'ENVI-000701835\nENVI-000701828\nENVI-000701825\nENVI-000704027', 'N/A', 0, '2022-09-12 00:23:19'),(88, '2', 'SALIDA ENVI-000704128', 'ENVI-000704128', '2022-09-03', '00000088', 'upload_files/1662960701_2022-09-12_SALIDA.pdf', 'CONTADO', 'N/A', 'N/A', 0, '2022-09-12 00:31:41'),(89, '2', 'SALIDA ENVI-000704025', 'ENVI-000704025', '2022-09-03', '00000089', 'upload_files/1662961769_2022-09-12_SALIDA.pdf', 'CONTADO', 'N/A', 'N/A', 0, '2022-09-12 00:49:29'),(90, '6', 'VICTOR OSPINO ', 'SALIDA 46', '2022-09-16', '00000090', 'upload_files/1663362340_2022-09-16_SALIDA.pdf', 'CREDITO', 'N/A', 'SANTA MARTA', 0, '2022-09-16 16:05:40'),(91, '6', 'DISLICORES', '0047', '2022-09-17', '00000091', 'upload_files/1663424973_2022-09-17_SALIDA.pdf', 'CREDITO', 'ENTREGADA EN LA BODEGA PRINCIPAL DE DISLICORES', 'SANTA MARTA ', 0, '2022-09-17 09:29:33'),(92, '6', 'DISLICORES ', '0045', '2022-09-17', '00000092', 'upload_files/1663425538_2022-09-17_SALIDA.pdf', 'CREDITO', 'ENVIADA A LA BODEGA PRINCIPAL DE DISLICORES ', 'SANTA MARTA ', 0, '2022-09-17 09:38:58'),(93, '6', 'DISLICORES', '0044', '2022-09-10', '00000093', 'upload_files/1663425919_2022-09-17_SALIDA.pdf', 'CREDITO', 'ENVIADA A BODEGA PRINCIUPAL DE DISLIOCORES ', 'SANTA MARTA ', 0, '2022-09-17 09:45:19'),(94, '6', 'TRASLADO DE BODEGA', '0049', '2022-09-20', '00000094', 'upload_files/1663687656_2022-09-20_SALIDA.pdf', 'CONTADO', 'ENTREGA EN BODEGA SANTA MARTA', 'BODEGA PRINCIPAL DE SANTA MARTA DISLICORES', 0, '2022-09-20 10:27:36'),(95, '6', 'TRASLADO DE BODEGA', '0050', '2022-09-21', '00000095', 'upload_files/1663763946_2022-09-21_SALIDA.pdf', 'CONTADO', 'ENTREGA EN BODEGA SANTA MARTA DECA', 'N/A', 0, '2022-09-21 07:39:06'),(96, '6', 'TRASLADO DE CERVESA STELLA', '0051', '2022-09-23', '00000096', 'upload_files/1663938148_2022-09-23_SALIDA.pdf', 'CONTADO', 'ENTREGA DE BODEGA DECA', 'BODEGA PRINCIPAL DISLICORES', 0, '2022-09-23 08:02:28'),(97, '2', 'SALIDA ENVI-000714306 TAT', 'ENVI-000714306', '2022-09-23', '00000097', 'upload_files/1663970037_2022-09-23_SALIDA.pdf', 'CONTADO', 'TAT\nENVI-000714306', 'TAT', 0, '2022-09-23 16:53:57'),(98, '2', 'ENVI-000714309', 'ENVI-000714309', '2022-09-23', '00000098', 'upload_files/1663970711_2022-09-23_SALIDA.pdf', 'CONTADO', 'SURTIAPP\nENVI-000714309', 'N/A', 0, '2022-09-23 17:05:11'),(99, '2', 'ENVI-000712938', 'ENVI-000712938', '2022-09-23', '00000099', 'upload_files/1663971071_2022-09-23_SALIDA.pdf', 'CONTADO', 'MULTICANAL\nENVI-000712938', 'N/A', 0, '2022-09-23 17:11:11'),(100, '9', 'ENTREGA DE BODEGA', '153', '2022-09-27', '00000100', 'upload_files/1664290386_2022-09-27_SALIDA.pdf', 'CONTADO', 'ENTREGA EN BODEGA', 'BODEGA PRINCIPAL DECA SOLUCIONES Y LOGISTICA', 0, '2022-09-27 09:53:06'),(101, '1', 'SALIDA DESIMEL', '39011', '2022-09-27', '00000101', 'upload_files/1664307734_2022-09-27_SALIDA.pdf', 'CONTADO', 'N/A', 'S/D', 0, '2022-09-27 14:42:14'),(102, '6', 'ENTREGA EN BODEGA', '0052', '2022-09-28', '00000102', 'upload_files/1664369200_2022-09-28_SALIDA.pdf', 'CONTADO', 'ENTREGA EN BODEGA DECA', 'BODEGA PRINCIPAL SANTA MARTA', 0, '2022-09-28 07:46:40');
UNLOCK TABLES;
COMMIT;
BEGIN;
LOCK TABLES `db_deca`.`salida_detalle` WRITE;
DELETE FROM `db_deca`.`salida_detalle`;
INSERT INTO `db_deca`.`salida_detalle` (`id`,`id_serie`,`id_producto`,`cantidad`,`created_at`,`update_at`) VALUES (1, '00000001', 30, 1, '2022-07-30 07:54:55', NULL),(2, '00000001', 31, 1, '2022-07-30 07:54:56', NULL),(3, '00000001', 34, 1, '2022-07-30 07:54:56', NULL),(4, '00000002', 34, 6, '2022-07-30 07:56:56', NULL),(5, '00000002', 31, 6, '2022-07-30 07:56:56', NULL),(6, '00000002', 30, 6, '2022-07-30 07:56:56', NULL),(7, '00000002', 28, 3, '2022-07-30 07:56:56', NULL),(8, '00000002', 26, 3, '2022-07-30 07:56:56', NULL),(9, '00000003', 31, 6, '2022-07-30 07:58:25', NULL),(10, '00000004', 31, 4, '2022-07-30 07:59:43', NULL),(11, '00000004', 30, 2, '2022-07-30 07:59:43', NULL),(12, '00000005', 31, 2, '2022-07-30 08:01:48', NULL),(13, '00000005', 34, 1, '2022-07-30 08:01:48', NULL),(14, '00000005', 30, 1, '2022-07-30 08:01:48', NULL),(15, '00000005', 28, 1, '2022-07-30 08:01:48', NULL),(16, '00000005', 26, 1, '2022-07-30 08:01:48', NULL),(17, '00000005', 25, 1, '2022-07-30 08:01:49', NULL),(18, '00000006', 31, 16, '2022-07-30 08:02:49', NULL),(19, '00000007', 30, 7, '2022-07-30 08:04:23', NULL),(20, '00000007', 32, 4, '2022-07-30 08:04:24', NULL),(21, '00000007', 33, 6, '2022-07-30 08:04:24', NULL),(22, '00000007', 31, 4, '2022-07-30 08:04:24', NULL),(23, '00000007', 34, 3, '2022-07-30 08:04:24', NULL),(24, '00000008', 32, 3, '2022-07-30 08:06:01', NULL),(25, '00000008', 33, 3, '2022-07-30 08:06:02', NULL),(26, '00000008', 34, 2, '2022-07-30 08:06:02', NULL),(27, '00000008', 30, 3, '2022-07-30 08:06:02', NULL),(28, '00000008', 31, 1, '2022-07-30 08:06:02', NULL),(29, '00000009', 30, 8, '2022-07-30 08:07:31', NULL),(30, '00000009', 34, 8, '2022-07-30 08:07:31', NULL),(31, '00000009', 31, 8, '2022-07-30 08:07:31', NULL),(32, '00000009', 33, 6, '2022-07-30 08:07:31', NULL),(33, '00000009', 32, 6, '2022-07-30 08:07:31', NULL),(34, '00000010', 30, 8, '2022-07-30 08:10:13', NULL),(35, '00000010', 34, 8, '2022-07-30 08:10:13', NULL),(36, '00000010', 31, 8, '2022-07-30 08:10:13', NULL),(37, '00000010', 33, 6, '2022-07-30 08:10:13', NULL),(38, '00000010', 32, 6, '2022-07-30 08:10:13', NULL),(39, '00000011', 30, 3, '2022-07-30 08:11:36', NULL),(40, '00000011', 33, 3, '2022-07-30 08:11:36', NULL),(41, '00000011', 31, 3, '2022-07-30 08:11:36', NULL),(42, '00000011', 34, 3, '2022-07-30 08:11:36', NULL),(43, '00000012', 30, 4, '2022-07-30 08:13:08', NULL),(44, '00000012', 33, 4, '2022-07-30 08:13:08', NULL),(45, '00000012', 31, 2, '2022-07-30 08:13:08', NULL),(46, '00000012', 34, 2, '2022-07-30 08:13:08', NULL),(47, '00000013', 31, 12, '2022-07-30 08:14:24', NULL),(48, '00000014', 30, 3, '2022-07-30 08:16:08', NULL),(49, '00000014', 34, 3, '2022-07-30 08:16:09', NULL),(50, '00000015', 33, 5, '2022-07-30 08:17:34', NULL),(51, '00000015', 30, 5, '2022-07-30 08:17:34', NULL),(52, '00000015', 31, 5, '2022-07-30 08:17:34', NULL),(53, '00000015', 34, 3, '2022-07-30 08:17:34', NULL),(54, '00000016', 28, 6, '2022-07-30 08:18:38', NULL),(55, '00000016', 31, 3, '2022-07-30 08:18:38', NULL),(56, '00000016', 34, 3, '2022-07-30 08:18:38', NULL),(57, '00000017', 29, 4, '2022-07-30 08:20:36', NULL),(58, '00000017', 26, 2, '2022-07-30 08:20:36', NULL),(59, '00000017', 32, 2, '2022-07-30 08:20:36', NULL),(60, '00000017', 30, 2, '2022-07-30 08:20:37', NULL),(61, '00000017', 28, 2, '2022-07-30 08:20:37', NULL),(62, '00000018', 25, 6, '2022-07-30 10:44:05', NULL),(63, '00000018', 27, 11, '2022-07-30 10:44:05', NULL),(64, '00000018', 28, 1, '2022-07-30 10:44:05', NULL),(65, '00000018', 29, 6, '2022-07-30 10:44:06', NULL),(66, '00000019', 30, 3, '2022-08-10 09:12:28', NULL),(67, '00000019', 33, 3, '2022-08-10 09:12:28', NULL),(68, '00000019', 34, 3, '2022-08-10 09:12:28', NULL),(69, '00000019', 31, 3, '2022-08-10 09:12:28', NULL),(70, '00000019', 28, 4, '2022-08-10 09:12:28', NULL),(71, '00000019', 25, 3, '2022-08-10 09:12:28', NULL),(72, '00000019', 26, 3, '2022-08-10 09:12:28', NULL),(73, '00000019', 27, 2, '2022-08-10 09:12:29', NULL),(74, '00000020', 31, 8, '2022-08-10 09:13:51', NULL),(75, '00000021', 30, 6, '2022-08-10 09:16:58', NULL),(76, '00000021', 32, 6, '2022-08-10 09:16:59', NULL),(77, '00000022', 34, 4, '2022-08-10 09:22:22', NULL),(78, '00000022', 31, 3, '2022-08-10 09:22:22', NULL),(79, '00000022', 30, 4, '2022-08-10 09:22:22', NULL),(80, '00000022', 32, 2, '2022-08-10 09:22:22', NULL),(81, '00000023', 31, 6, '2022-08-10 09:31:53', NULL),(82, '00000024', 30, 6, '2022-08-10 09:32:56', NULL),(83, '00000024', 34, 6, '2022-08-10 09:32:56', NULL),(84, '00000025', 28, 3, '2022-08-19 09:15:50', NULL),(85, '00000025', 25, 3, '2022-08-19 09:15:50', NULL),(86, '00000025', 31, 6, '2022-08-19 09:15:50', NULL),(87, '00000026', 28, 4, '2022-08-19 09:20:40', NULL),(88, '00000026', 34, 2, '2022-08-19 09:20:40', NULL),(89, '00000027', 435, 24, '2022-08-22 16:13:22', NULL),(90, '00000028', 172, 80, '2022-08-22 16:30:46', '2022-08-26 17:51:09'),(91, '00000029', 52, 2, '2022-08-23 14:40:49', NULL),(92, '00000029', 61, 140, '2022-08-23 14:40:49', NULL),(93, '00000029', 62, 195, '2022-08-23 14:40:49', NULL),(94, '00000029', 64, 84, '2022-08-23 14:40:49', NULL),(95, '00000029', 65, 78, '2022-08-23 14:40:49', NULL),(96, '00000029', 70, 15, '2022-08-23 14:40:50', NULL),(97, '00000029', 71, 5, '2022-08-23 14:40:50', NULL),(98, '00000029', 73, 33, '2022-08-23 14:40:50', NULL),(99, '00000029', 83, 3, '2022-08-23 14:40:50', NULL),(100, '00000029', 89, 2, '2022-08-23 14:40:50', NULL),(101, '00000029', 102, 1, '2022-08-23 14:40:50', NULL),(102, '00000029', 108, 6, '2022-08-23 14:40:50', NULL),(103, '00000029', 110, 2, '2022-08-23 14:40:50', NULL),(104, '00000029', 113, 100, '2022-08-23 14:40:50', '2022-08-26 17:47:46'),(105, '00000029', 114, 53, '2022-08-23 14:40:50', NULL),(106, '00000029', 115, 310, '2022-08-23 14:40:50', '2022-08-26 17:47:46'),(107, '00000029', 143, 48, '2022-08-23 14:40:50', '2022-08-26 17:47:46'),(108, '00000029', 152, 3, '2022-08-23 14:40:51', NULL),(109, '00000029', 153, 64, '2022-08-23 14:40:51', '2022-08-26 17:47:46'),(110, '00000029', 159, 1, '2022-08-23 14:40:51', NULL),(111, '00000029', 166, 5, '2022-08-23 14:40:51', NULL),(112, '00000029', 167, 232, '2022-08-23 14:40:51', '2022-08-26 17:47:46'),(113, '00000029', 207, 32, '2022-08-23 14:40:51', '2022-08-26 17:47:46'),(114, '00000029', 208, 32, '2022-08-23 14:40:51', '2022-08-26 17:47:46'),(115, '00000029', 211, 3, '2022-08-23 14:40:51', NULL),(116, '00000029', 226, 3, '2022-08-23 14:40:51', NULL),(117, '00000029', 237, 14, '2022-08-23 14:40:51', '2022-08-26 17:47:46'),(118, '00000029', 238, 28, '2022-08-23 14:40:51', '2022-08-26 17:47:46'),(119, '00000029', 332, 1, '2022-08-23 14:40:52', NULL),(120, '00000029', 348, 36, '2022-08-23 14:40:52', '2022-08-26 17:47:46'),(121, '00000029', 349, 12, '2022-08-23 14:40:52', '2022-08-26 17:47:46'),(122, '00000029', 350, 12, '2022-08-23 14:40:52', '2022-08-26 17:47:46'),(123, '00000029', 365, 11, '2022-08-23 14:40:52', NULL),(124, '00000030', 438, 9, '2022-08-23 14:43:31', NULL),(125, '00000030', 216, 18, '2022-08-23 14:43:31', '2022-08-26 17:35:46'),(126, '00000030', 71, 5, '2022-08-23 14:43:31', NULL),(127, '00000030', 62, 10, '2022-08-23 14:43:31', NULL),(128, '00000030', 65, 24, '2022-08-23 14:43:32', NULL),(129, '00000030', 219, 9, '2022-08-23 14:43:32', NULL),(130, '00000030', 169, 24, '2022-08-23 14:43:32', '2022-08-26 17:35:46'),(131, '00000030', 142, 2, '2022-08-23 14:43:32', NULL),(132, '00000030', 153, 8, '2022-08-23 14:43:32', '2022-08-26 17:35:46'),(133, '00000030', 115, 30, '2022-08-23 14:43:32', '2022-08-26 17:35:46'),(134, '00000030', 114, 9, '2022-08-23 14:43:32', NULL),(135, '00000030', 161, 8, '2022-08-23 14:43:32', '2022-08-26 17:35:46'),(136, '00000030', 206, 3, '2022-08-23 14:43:33', NULL),(137, '00000030', 209, 3, '2022-08-23 14:43:33', NULL),(138, '00000030', 145, 1, '2022-08-23 14:43:33', NULL),(139, '00000031', 43, 24, '2022-08-30 10:56:42', NULL),(140, '00000031', 52, 24, '2022-08-30 10:56:42', NULL),(141, '00000031', 53, 24, '2022-08-30 10:56:42', NULL),(142, '00000031', 54, 48, '2022-08-30 10:56:42', NULL),(143, '00000031', 58, 24, '2022-08-30 10:56:42', NULL),(144, '00000031', 78, 6, '2022-08-30 10:56:42', NULL),(145, '00000031', 356, 14, '2022-08-30 10:56:42', NULL),(146, '00000032', 442, 2, '2022-08-30 11:00:48', NULL),(147, '00000032', 443, 2, '2022-08-30 11:00:48', NULL),(148, '00000032', 447, 2, '2022-08-30 11:00:48', NULL),(149, '00000032', 448, 2, '2022-08-30 11:00:48', NULL),(150, '00000032', 453, 2, '2022-08-30 11:00:48', NULL),(151, '00000032', 454, 2, '2022-08-30 11:00:48', NULL),(152, '00000032', 468, 2, '2022-08-30 11:00:48', NULL),(153, '00000032', 470, 2, '2022-08-30 11:00:48', NULL),(154, '00000033', 59, 100, '2022-08-30 11:22:22', NULL),(155, '00000033', 60, 25, '2022-08-30 11:22:22', NULL),(156, '00000033', 62, 20, '2022-08-30 11:22:22', NULL),(157, '00000033', 64, 6, '2022-08-30 11:22:22', NULL),(158, '00000033', 65, 18, '2022-08-30 11:22:22', NULL),(159, '00000033', 71, 5, '2022-08-30 11:22:22', NULL),(160, '00000033', 73, 3, '2022-08-30 11:22:22', NULL),(161, '00000033', 512, 8, '2022-08-30 11:22:22', NULL),(162, '00000033', 88, 2, '2022-08-30 11:22:22', NULL),(163, '00000033', 89, 3, '2022-08-30 11:22:22', NULL),(164, '00000033', 107, 7, '2022-08-30 11:22:22', NULL),(165, '00000033', 110, 2, '2022-08-30 11:22:22', NULL),(166, '00000033', 114, 12, '2022-08-30 11:22:22', NULL),(167, '00000033', 115, 110, '2022-08-30 11:22:22', NULL),(168, '00000033', 197, 6, '2022-08-30 11:22:22', NULL),(169, '00000033', 207, 32, '2022-08-30 11:22:22', NULL),(170, '00000033', 216, 1, '2022-08-30 11:22:22', NULL),(171, '00000033', 219, 13, '2022-08-30 11:22:22', NULL),(172, '00000033', 236, 14, '2022-08-30 11:22:22', NULL),(173, '00000033', 237, 14, '2022-08-30 11:22:22', NULL),(174, '00000033', 349, 12, '2022-08-30 11:22:22', NULL),(175, '00000033', 409, 4, '2022-08-30 11:22:22', NULL),(176, '00000033', 432, 1, '2022-08-30 11:22:22', NULL),(177, '00000033', 439, 24, '2022-08-30 11:22:22', NULL),(178, '00000034', 45, 2, '2022-08-30 11:51:24', NULL),(179, '00000034', 52, 2, '2022-08-30 11:51:24', NULL),(180, '00000034', 54, 2, '2022-08-30 11:51:24', NULL),(181, '00000034', 61, 5, '2022-08-30 11:51:24', NULL),(182, '00000034', 62, 35, '2022-08-30 11:51:24', NULL),(183, '00000034', 63, 10, '2022-08-30 11:51:24', NULL),(184, '00000034', 64, 60, '2022-08-30 11:51:24', NULL),(185, '00000034', 65, 24, '2022-08-30 11:51:24', NULL),(186, '00000034', 73, 25, '2022-08-30 11:51:24', NULL),(187, '00000034', 83, 4, '2022-08-30 11:51:24', NULL),(188, '00000034', 113, 300, '2022-08-30 11:51:24', NULL),(189, '00000034', 114, 26, '2022-08-30 11:51:24', NULL),(190, '00000034', 115, 340, '2022-08-30 11:51:24', NULL),(191, '00000034', 143, 96, '2022-08-30 11:51:24', NULL),(192, '00000034', 166, 6, '2022-08-30 11:51:24', NULL),(193, '00000034', 167, 240, '2022-08-30 11:51:24', NULL),(194, '00000034', 207, 64, '2022-08-30 11:51:24', NULL),(195, '00000034', 208, 128, '2022-08-30 11:51:24', NULL),(196, '00000034', 513, 16, '2022-08-30 11:51:24', NULL),(197, '00000034', 227, 5, '2022-08-30 11:51:24', NULL),(198, '00000034', 238, 14, '2022-08-30 11:51:24', NULL),(199, '00000034', 247, 1, '2022-08-30 11:51:24', NULL),(200, '00000034', 517, 4, '2022-08-30 11:51:24', NULL),(201, '00000034', 348, 12, '2022-08-30 11:51:24', NULL),(202, '00000034', 349, 12, '2022-08-30 11:51:24', NULL),(203, '00000034', 350, 12, '2022-08-30 11:51:24', NULL),(204, '00000034', 365, 9, '2022-08-30 11:51:24', NULL),(205, '00000034', 409, 1, '2022-08-30 11:51:24', NULL),(206, '00000034', 429, 1, '2022-08-30 11:51:24', NULL),(207, '00000034', 432, 5, '2022-08-30 11:51:24', NULL),(208, '00000035', 38, 18, '2022-08-30 14:32:12', NULL),(209, '00000035', 61, 84, '2022-08-30 14:32:12', NULL),(210, '00000035', 62, 90, '2022-08-30 14:32:12', NULL),(211, '00000035', 64, 36, '2022-08-30 14:32:12', NULL),(212, '00000035', 65, 48, '2022-08-30 14:32:12', NULL),(213, '00000035', 73, 4, '2022-08-30 14:32:12', NULL),(214, '00000035', 512, 75, '2022-08-30 14:32:12', NULL),(215, '00000035', 82, 1, '2022-08-30 14:32:12', NULL),(216, '00000035', 83, 7, '2022-08-30 14:32:12', NULL),(217, '00000035', 87, 1, '2022-08-30 14:32:12', NULL),(218, '00000035', 88, 2, '2022-08-30 14:32:12', NULL),(219, '00000035', 89, 4, '2022-08-30 14:32:12', NULL),(220, '00000035', 110, 1, '2022-08-30 14:32:12', NULL),(221, '00000035', 113, 100, '2022-08-30 14:32:12', NULL),(222, '00000035', 114, 24, '2022-08-30 14:32:12', NULL),(223, '00000035', 115, 300, '2022-08-30 14:32:12', NULL),(224, '00000035', 116, 1, '2022-08-30 14:32:12', NULL),(225, '00000035', 143, 72, '2022-08-30 14:32:12', NULL),(226, '00000035', 152, 15, '2022-08-30 14:32:12', NULL),(227, '00000035', 153, 8, '2022-08-30 14:32:12', NULL),(228, '00000035', 166, 23, '2022-08-30 14:32:12', NULL),(229, '00000035', 167, 144, '2022-08-30 14:32:12', NULL),(230, '00000035', 207, 32, '2022-08-30 14:32:12', NULL),(231, '00000035', 513, 112, '2022-08-30 14:32:12', NULL),(232, '00000035', 225, 12, '2022-08-30 14:32:12', NULL),(233, '00000035', 226, 15, '2022-08-30 14:32:12', NULL),(234, '00000035', 227, 5, '2022-08-30 14:32:12', NULL),(235, '00000035', 236, 14, '2022-08-30 14:32:12', NULL),(236, '00000035', 237, 14, '2022-08-30 14:32:12', NULL),(237, '00000035', 282, 1, '2022-08-30 14:32:12', NULL),(238, '00000035', 321, 4, '2022-08-30 14:32:12', NULL),(239, '00000035', 323, 6, '2022-08-30 14:32:12', NULL),(240, '00000035', 346, 6, '2022-08-30 14:32:12', NULL),(241, '00000035', 349, 12, '2022-08-30 14:32:12', NULL),(242, '00000035', 350, 12, '2022-08-30 14:32:12', NULL),(243, '00000035', 363, 1, '2022-08-30 14:32:12', NULL),(244, '00000035', 365, 12, '2022-08-30 14:32:12', NULL),(245, '00000035', 388, 18, '2022-08-30 14:32:12', NULL),(246, '00000035', 427, 2, '2022-08-30 14:32:12', NULL),(247, '00000035', 432, 4, '2022-08-30 14:32:12', NULL),(248, '00000036', 73, 335, '2022-08-30 15:06:29', NULL),(249, '00000036', 78, 24, '2022-08-30 15:06:29', NULL),(250, '00000036', 79, 24, '2022-08-30 15:06:29', NULL),(251, '00000036', 82, 216, '2022-08-30 15:06:29', NULL),(252, '00000036', 83, 1188, '2022-08-30 15:06:29', NULL),(253, '00000036', 87, 86, '2022-08-30 15:06:29', NULL),(254, '00000036', 88, 108, '2022-08-30 15:06:29', NULL),(255, '00000037', 60, 25, '2022-08-30 15:13:38', NULL),(256, '00000037', 84, 1, '2022-08-30 15:13:38', NULL),(257, '00000037', 89, 18, '2022-08-30 15:13:38', NULL),(258, '00000037', 173, 3, '2022-08-30 15:13:38', NULL),(259, '00000037', 194, 2, '2022-08-30 15:13:38', '2022-08-31 17:00:09'),(260, '00000037', 193, 7, '2022-08-30 15:13:38', '2022-08-31 17:00:31'),(261, '00000037', 217, 18, '2022-08-30 15:13:38', NULL),(262, '00000037', 219, 22, '2022-08-30 15:13:38', NULL),(263, '00000037', 289, 27, '2022-08-30 15:13:38', NULL),(264, '00000037', 290, 63, '2022-08-30 15:13:38', NULL),(265, '00000037', 291, 50, '2022-08-30 15:13:38', '2022-08-31 16:50:46'),(266, '00000037', 493, 45, '2022-08-30 15:13:38', '2022-08-31 16:51:04'),(267, '00000037', 485, 4, '2022-08-30 15:13:38', NULL),(268, '00000037', 300, 16, '2022-08-30 15:13:39', NULL),(269, '00000037', 483, 8, '2022-08-30 15:13:39', '2022-08-31 16:52:54'),(270, '00000037', 309, 2, '2022-08-30 15:13:39', NULL),(271, '00000037', 317, 2, '2022-08-30 15:13:39', NULL),(272, '00000037', 481, 13, '2022-08-30 15:13:39', NULL),(273, '00000038', 38, 36, '2022-08-30 15:28:06', NULL),(274, '00000038', 52, 1, '2022-08-30 15:28:06', NULL),(275, '00000038', 54, 1, '2022-08-30 15:28:06', NULL),(276, '00000038', 62, 50, '2022-08-30 15:28:06', NULL),(277, '00000038', 64, 18, '2022-08-30 15:28:06', NULL),(278, '00000038', 65, 42, '2022-08-30 15:28:06', NULL),(279, '00000038', 71, 15, '2022-08-30 15:28:06', NULL),(280, '00000038', 82, 1, '2022-08-30 15:28:06', NULL),(281, '00000038', 83, 11, '2022-08-30 15:28:06', NULL),(282, '00000038', 88, 1, '2022-08-30 15:28:06', NULL),(283, '00000038', 89, 8, '2022-08-30 15:28:06', NULL),(284, '00000038', 114, 18, '2022-08-30 15:28:06', NULL),(285, '00000038', 115, 310, '2022-08-30 15:28:06', NULL),(286, '00000038', 141, 4, '2022-08-30 15:28:06', NULL),(287, '00000038', 143, 64, '2022-08-30 15:28:06', NULL),(288, '00000038', 166, 6, '2022-08-30 15:28:06', NULL),(289, '00000038', 167, 120, '2022-08-30 15:28:06', NULL),(290, '00000038', 204, 36, '2022-08-30 15:28:06', NULL),(291, '00000038', 206, 4, '2022-08-30 15:28:06', NULL),(292, '00000038', 208, 64, '2022-08-30 15:28:06', NULL),(293, '00000038', 210, 36, '2022-08-30 15:28:06', NULL),(294, '00000038', 226, 15, '2022-08-30 15:28:06', NULL),(295, '00000038', 227, 5, '2022-08-30 15:28:06', NULL),(296, '00000038', 236, 14, '2022-08-30 15:28:06', NULL),(297, '00000038', 237, 14, '2022-08-30 15:28:06', NULL),(298, '00000038', 238, 14, '2022-08-30 15:28:06', NULL),(299, '00000038', 302, 6, '2022-08-30 15:28:06', NULL),(300, '00000038', 323, 7, '2022-08-30 15:28:06', NULL),(301, '00000038', 362, 1, '2022-08-30 15:28:06', NULL),(302, '00000038', 365, 6, '2022-08-30 15:28:06', NULL),(303, '00000038', 371, 1, '2022-08-30 15:28:06', NULL),(304, '00000038', 388, 36, '2022-08-30 15:28:06', NULL),(305, '00000038', 409, 1, '2022-08-30 15:28:06', NULL),(306, '00000038', 437, 1, '2022-08-30 15:28:06', NULL),(307, '00000039', 44, 48, '2022-08-30 15:36:02', NULL),(308, '00000039', 45, 24, '2022-08-30 15:36:02', NULL),(309, '00000039', 47, 45, '2022-08-30 15:36:02', NULL),(310, '00000039', 50, 36, '2022-08-30 15:36:02', NULL),(311, '00000039', 52, 48, '2022-08-30 15:36:02', NULL),(312, '00000039', 54, 192, '2022-08-30 15:36:02', NULL),(313, '00000039', 131, 12, '2022-08-30 15:36:02', NULL),(314, '00000039', 134, 54, '2022-08-30 15:36:02', NULL),(315, '00000039', 138, 48, '2022-08-30 15:36:02', NULL),(316, '00000039', 140, 72, '2022-08-30 15:36:02', NULL),(317, '00000039', 146, 24, '2022-08-30 15:36:02', NULL),(318, '00000039', 147, 54, '2022-08-30 15:36:02', NULL),(319, '00000039', 148, 60, '2022-08-30 15:36:02', NULL),(320, '00000039', 150, 48, '2022-08-30 15:36:02', NULL),(321, '00000039', 151, 24, '2022-08-30 15:36:02', NULL),(322, '00000039', 157, 5, '2022-08-30 15:36:02', NULL),(323, '00000039', 158, 12, '2022-08-30 15:36:02', NULL),(324, '00000039', 164, 96, '2022-08-30 15:36:02', NULL),(325, '00000039', 168, 48, '2022-08-30 15:36:02', NULL),(326, '00000039', 235, 12, '2022-08-30 15:36:02', NULL),(327, '00000039', 261, 24, '2022-08-30 15:36:02', NULL),(328, '00000039', 264, 12, '2022-08-30 15:36:02', NULL),(329, '00000039', 266, 36, '2022-08-30 15:36:02', NULL),(330, '00000039', 268, 48, '2022-08-30 15:36:02', NULL),(331, '00000039', 272, 12, '2022-08-30 15:36:02', NULL),(332, '00000039', 273, 36, '2022-08-30 15:36:02', NULL),(333, '00000039', 280, 24, '2022-08-30 15:36:02', NULL),(334, '00000039', 281, 36, '2022-08-30 15:36:02', NULL),(335, '00000039', 355, 60, '2022-08-30 15:36:02', NULL),(336, '00000039', 356, 120, '2022-08-30 15:36:02', NULL),(337, '00000039', 356, 56, '2022-08-30 15:36:02', NULL),(338, '00000039', 402, 36, '2022-08-30 15:36:02', NULL),(339, '00000039', 407, 24, '2022-08-30 15:36:02', NULL),(340, '00000039', 410, 20, '2022-08-30 15:36:02', NULL),(341, '00000040', 43, 6, '2022-08-31 11:51:19', NULL),(342, '00000040', 44, 3, '2022-08-31 11:51:19', NULL),(343, '00000040', 45, 9, '2022-08-31 11:51:19', NULL),(344, '00000040', 52, 3, '2022-08-31 11:51:19', NULL),(345, '00000040', 54, 8, '2022-08-31 11:51:19', NULL),(346, '00000040', 64, 24, '2022-08-31 11:51:19', NULL),(347, '00000040', 65, 48, '2022-08-31 11:51:19', NULL),(348, '00000040', 78, 12, '2022-08-31 11:51:19', NULL),(349, '00000040', 79, 48, '2022-08-31 11:51:19', NULL),(350, '00000040', 108, 72, '2022-08-31 11:51:19', NULL),(351, '00000040', 111, 9, '2022-08-31 11:51:19', NULL),(352, '00000040', 114, 6, '2022-08-31 11:51:19', NULL),(353, '00000040', 115, 80, '2022-08-31 11:51:19', NULL),(354, '00000040', 152, 12, '2022-08-31 11:51:19', NULL),(355, '00000040', 180, 48, '2022-08-31 11:51:19', NULL),(356, '00000040', 183, 36, '2022-08-31 11:51:19', NULL),(357, '00000040', 236, 112, '2022-08-31 11:51:19', NULL),(358, '00000040', 237, 112, '2022-08-31 11:51:19', NULL),(359, '00000040', 238, 112, '2022-08-31 11:51:19', NULL),(360, '00000040', 239, 63, '2022-08-31 11:51:19', NULL),(361, '00000040', 240, 62, '2022-08-31 11:51:19', NULL),(362, '00000040', 241, 6, '2022-08-31 11:51:19', NULL),(363, '00000040', 242, 6, '2022-08-31 11:51:19', NULL),(364, '00000040', 243, 42, '2022-08-31 11:51:19', NULL),(365, '00000040', 244, 16, '2022-08-31 11:51:19', NULL),(366, '00000040', 245, 62, '2022-08-31 11:51:19', NULL),(367, '00000040', 246, 56, '2022-08-31 11:51:19', NULL),(368, '00000040', 247, 62, '2022-08-31 11:51:19', NULL),(369, '00000040', 248, 42, '2022-08-31 11:51:19', NULL),(370, '00000040', 249, 16, '2022-08-31 11:51:19', NULL),(371, '00000040', 250, 6, '2022-08-31 11:51:19', NULL),(372, '00000040', 251, 2, '2022-08-31 11:51:19', NULL),(373, '00000040', 252, 2, '2022-08-31 11:51:19', NULL),(374, '00000040', 253, 16, '2022-08-31 11:51:19', NULL),(375, '00000040', 435, 6, '2022-08-31 11:51:19', NULL),(376, '00000041', 520, 2400, '2022-08-31 15:20:31', NULL),(377, '00000041', 519, 2400, '2022-08-31 15:20:31', NULL),(378, '00000042', 38, 54, '2022-08-31 16:12:40', NULL),(379, '00000042', 45, 2, '2022-08-31 16:12:40', NULL),(380, '00000042', 61, 5, '2022-08-31 16:12:40', NULL),(381, '00000042', 62, 65, '2022-08-31 16:12:40', NULL),(382, '00000042', 64, 18, '2022-08-31 16:12:40', NULL),(383, '00000042', 65, 18, '2022-08-31 16:12:40', NULL),(384, '00000042', 73, 64, '2022-08-31 16:12:40', NULL),(385, '00000042', 82, 1, '2022-08-31 16:12:40', NULL),(386, '00000042', 89, 8, '2022-08-31 16:12:40', NULL),(387, '00000042', 96, 10, '2022-08-31 16:12:40', NULL),(388, '00000042', 108, 6, '2022-08-31 16:12:40', NULL),(389, '00000042', 114, 26, '2022-08-31 16:12:40', NULL),(390, '00000042', 115, 340, '2022-08-31 16:12:40', NULL),(391, '00000042', 143, 48, '2022-08-31 16:12:40', NULL),(392, '00000042', 153, 24, '2022-08-31 16:12:40', NULL),(393, '00000042', 166, 3, '2022-08-31 16:12:40', NULL),(394, '00000042', 167, 184, '2022-08-31 16:12:40', NULL),(395, '00000042', 204, 90, '2022-08-31 16:12:40', NULL),(396, '00000042', 205, 20, '2022-08-31 16:12:40', NULL),(397, '00000042', 206, 4, '2022-08-31 16:12:40', NULL),(398, '00000042', 207, 48, '2022-08-31 16:12:40', NULL),(399, '00000042', 208, 1, '2022-08-31 16:12:40', NULL),(400, '00000042', 226, 15, '2022-08-31 16:12:40', NULL),(401, '00000042', 227, 5, '2022-08-31 16:12:40', NULL),(402, '00000042', 275, 25, '2022-08-31 16:12:40', NULL),(403, '00000042', 332, 1, '2022-08-31 16:12:40', NULL),(404, '00000042', 349, 12, '2022-08-31 16:12:40', NULL),(405, '00000042', 355, 3, '2022-08-31 16:12:40', NULL),(406, '00000042', 356, 3, '2022-08-31 16:12:40', NULL),(407, '00000042', 356, 3, '2022-08-31 16:12:40', NULL),(408, '00000042', 365, 16, '2022-08-31 16:12:40', NULL),(409, '00000042', 372, 1, '2022-08-31 16:12:40', NULL),(410, '00000042', 388, 18, '2022-08-31 16:12:40', NULL),(411, '00000042', 432, 2, '2022-08-31 16:12:40', NULL),(412, '00000043', 27, 1, '2022-08-31 16:14:12', '2022-08-31 16:18:30'),(413, '00000043', 25, 1, '2022-08-31 16:14:12', '2022-08-31 16:18:38'),(414, '00000043', 26, 1, '2022-08-31 16:14:12', '2022-08-31 16:18:38'),(415, '00000043', 29, 1, '2022-08-31 16:14:12', '2022-08-31 16:18:38'),(416, '00000043', 27, 1, '2022-08-31 16:14:12', '2022-08-31 16:18:38'),(417, '00000043', 25, 1, '2022-08-31 16:14:12', '2022-08-31 16:18:38'),(418, '00000044', 639, 3, '2022-09-01 17:35:36', NULL),(419, '00000045', 633, 2, '2022-09-01 17:41:05', NULL),(420, '00000046', 543, 3, '2022-09-01 17:44:04', NULL),(421, '00000046', 542, 4, '2022-09-01 17:44:04', NULL),(422, '00000046', 574, 2, '2022-09-01 17:44:04', NULL),(423, '00000046', 640, 4, '2022-09-01 17:44:04', NULL),(424, '00000047', 642, 32, '2022-09-02 09:06:03', NULL),(425, '00000047', 641, 8, '2022-09-02 09:06:03', NULL),(426, '00000047', 649, 8, '2022-09-02 09:06:03', NULL),(427, '00000048', 649, 8, '2022-09-02 09:17:40', NULL),(428, '00000048', 641, 8, '2022-09-02 09:17:40', NULL),(429, '00000048', 642, 8, '2022-09-02 09:17:40', NULL),(430, '00000049', 633, 1, '2022-09-02 09:21:00', NULL),(431, '00000049', 639, 4, '2022-09-02 09:21:00', NULL),(432, '00000050', 548, 4, '2022-09-02 09:24:13', NULL),(433, '00000050', 574, 2, '2022-09-02 09:24:13', NULL),(434, '00000050', 598, 4, '2022-09-02 09:24:13', NULL),(435, '00000050', 543, 3, '2022-09-02 09:24:13', NULL),(436, '00000051', 650, 2, '2022-09-02 09:56:55', NULL),(437, '00000052', 649, 16, '2022-09-02 10:01:37', NULL),(438, '00000052', 641, 16, '2022-09-02 10:01:37', NULL),(439, '00000052', 642, 16, '2022-09-02 10:01:37', NULL),(440, '00000053', 633, 2, '2022-09-02 10:05:18', NULL),(441, '00000053', 534, 1, '2022-09-02 10:05:18', NULL),(442, '00000054', 560, 6, '2022-09-02 10:09:55', NULL),(443, '00000055', 543, 3, '2022-09-02 10:12:41', NULL),(444, '00000056', 649, 16, '2022-09-02 10:16:08', NULL),(445, '00000056', 641, 16, '2022-09-02 10:16:08', NULL),(446, '00000056', 642, 16, '2022-09-02 10:16:08', NULL),(447, '00000057', 642, 24, '2022-09-02 10:21:01', NULL),(448, '00000058', 625, 2, '2022-09-02 10:24:01', NULL),(449, '00000059', 649, 16, '2022-09-02 10:27:01', NULL),(450, '00000059', 641, 16, '2022-09-02 10:27:01', NULL),(451, '00000059', 642, 16, '2022-09-02 10:27:01', NULL),(452, '00000060', 646, 2, '2022-09-02 10:29:29', NULL),(453, '00000061', 649, 32, '2022-09-02 10:32:16', NULL),(454, '00000061', 641, 32, '2022-09-02 10:32:16', NULL),(455, '00000061', 642, 8, '2022-09-02 10:32:16', NULL),(456, '00000062', 619, 6, '2022-09-02 10:34:28', NULL),(457, '00000063', 519, 4800, '2022-09-05 09:14:11', NULL),(458, '00000064', 28, 3, '2022-09-06 09:40:10', NULL),(459, '00000064', 26, 3, '2022-09-06 09:40:10', NULL),(460, '00000064', 25, 3, '2022-09-06 09:40:10', NULL),(461, '00000064', 29, 3, '2022-09-06 09:40:10', NULL),(462, '00000065', 641, 32, '2022-09-06 11:18:26', NULL),(463, '00000065', 649, 8, '2022-09-06 11:18:26', NULL),(464, '00000065', 642, 8, '2022-09-06 11:18:26', NULL),(465, '00000066', 649, 8, '2022-09-06 11:23:39', NULL),(466, '00000066', 641, 8, '2022-09-06 11:23:39', NULL),(467, '00000066', 642, 8, '2022-09-06 11:23:39', NULL),(468, '00000067', 520, 1680, '2022-09-07 12:01:22', NULL),(469, '00000068', 520, 2400, '2022-09-08 07:59:34', NULL),(470, '00000069', 519, 2400, '2022-09-08 09:42:11', NULL),(471, '00000070', 64, 6, '2022-09-08 14:50:09', NULL),(472, '00000070', 64, 6, '2022-09-08 14:50:09', NULL),(473, '00000070', 114, 2, '2022-09-08 14:50:09', NULL),(474, '00000070', 173, 24, '2022-09-08 14:50:09', NULL),(475, '00000070', 217, 18, '2022-09-08 14:50:09', NULL),(476, '00000070', 491, 3, '2022-09-08 14:50:09', NULL),(477, '00000070', 291, 3, '2022-09-08 14:50:09', NULL),(478, '00000070', 493, 4, '2022-09-08 14:50:09', NULL),(479, '00000071', 62, 20, '2022-09-08 15:03:16', NULL),(480, '00000071', 82, 3, '2022-09-08 15:03:16', NULL),(481, '00000071', 83, 4, '2022-09-08 15:03:16', NULL),(482, '00000071', 88, 3, '2022-09-08 15:03:16', NULL),(483, '00000071', 108, 24, '2022-09-08 15:03:16', NULL),(484, '00000071', 111, 5, '2022-09-08 15:03:16', NULL),(485, '00000071', 114, 22, '2022-09-08 15:03:16', NULL),(486, '00000071', 115, 80, '2022-09-08 15:03:16', NULL),(487, '00000071', 172, 12, '2022-09-08 15:03:16', NULL),(488, '00000071', 175, 24, '2022-09-08 15:03:16', NULL),(489, '00000071', 180, 24, '2022-09-08 15:03:16', NULL),(490, '00000071', 183, 24, '2022-09-08 15:03:16', NULL),(491, '00000071', 239, 24, '2022-09-08 15:03:16', NULL),(492, '00000071', 240, 24, '2022-09-08 15:03:16', NULL),(493, '00000071', 243, 18, '2022-09-08 15:03:16', NULL),(494, '00000071', 248, 18, '2022-09-08 15:03:16', NULL),(495, '00000071', 302, 12, '2022-09-08 15:03:16', NULL),(496, '00000071', 318, 12, '2022-09-08 15:03:16', NULL),(497, '00000071', 319, 6, '2022-09-08 15:03:16', NULL),(498, '00000071', 320, 6, '2022-09-08 15:03:16', NULL),(499, '00000071', 321, 12, '2022-09-08 15:03:16', NULL),(500, '00000071', 372, 2, '2022-09-08 15:03:16', NULL),(501, '00000072', 43, 1, '2022-09-08 16:20:18', NULL),(502, '00000072', 45, 1, '2022-09-08 16:20:18', NULL),(503, '00000072', 46, 1, '2022-09-08 16:20:18', NULL),(504, '00000072', 52, 2, '2022-09-08 16:20:18', NULL),(505, '00000072', 54, 1, '2022-09-08 16:20:18', NULL),(506, '00000072', 55, 1, '2022-09-08 16:20:18', NULL),(507, '00000072', 58, 1, '2022-09-08 16:20:18', NULL),(508, '00000072', 62, 50, '2022-09-08 16:20:18', NULL),(509, '00000072', 64, 42, '2022-09-08 16:20:18', NULL),(510, '00000072', 65, 42, '2022-09-08 16:20:18', NULL),(511, '00000072', 70, 5, '2022-09-08 16:20:18', NULL),(512, '00000072', 73, 29, '2022-09-08 16:20:18', NULL),(513, '00000072', 82, 3, '2022-09-08 16:20:18', NULL),(514, '00000072', 83, 5, '2022-09-08 16:20:18', NULL),(515, '00000072', 88, 2, '2022-09-08 16:20:18', NULL),(516, '00000072', 89, 4, '2022-09-08 16:20:18', NULL),(517, '00000072', 108, 240, '2022-09-08 16:20:18', NULL),(518, '00000072', 110, 2, '2022-09-08 16:20:18', NULL),(519, '00000072', 111, 1, '2022-09-08 16:20:18', NULL),(520, '00000072', 114, 39, '2022-09-08 16:20:18', NULL),(521, '00000072', 115, 420, '2022-09-08 16:20:18', NULL),(522, '00000072', 143, 32, '2022-09-08 16:20:18', NULL),(523, '00000072', 167, 136, '2022-09-08 16:20:18', NULL),(524, '00000072', 95, 6, '2022-09-08 16:20:18', NULL),(525, '00000072', 204, 18, '2022-09-08 16:20:18', NULL),(526, '00000072', 206, 1, '2022-09-08 16:20:18', NULL),(527, '00000072', 208, 128, '2022-09-08 16:20:18', NULL),(528, '00000072', 209, 1, '2022-09-08 16:20:18', NULL),(529, '00000072', 210, 32, '2022-09-08 16:20:18', NULL),(530, '00000072', 211, 1, '2022-09-08 16:20:18', NULL),(531, '00000072', 226, 15, '2022-09-08 16:20:18', NULL),(532, '00000072', 227, 5, '2022-09-08 16:20:18', NULL),(533, '00000072', 236, 14, '2022-09-08 16:20:18', NULL),(534, '00000072', 237, 14, '2022-09-08 16:20:18', NULL),(535, '00000072', 238, 42, '2022-09-08 16:20:18', NULL),(536, '00000072', 247, 2, '2022-09-08 16:20:18', NULL),(537, '00000072', 275, 1, '2022-09-08 16:20:18', NULL),(538, '00000072', 302, 3, '2022-09-08 16:20:18', NULL),(539, '00000072', 323, 3, '2022-09-08 16:20:18', NULL),(540, '00000072', 349, 36, '2022-09-08 16:20:18', NULL),(541, '00000072', 350, 12, '2022-09-08 16:20:18', NULL),(542, '00000072', 355, 3, '2022-09-08 16:20:18', NULL),(543, '00000072', 357, 3, '2022-09-08 16:20:18', NULL),(544, '00000072', 365, 21, '2022-09-08 16:20:18', NULL),(545, '00000072', 370, 1, '2022-09-08 16:20:18', NULL),(546, '00000072', 371, 2, '2022-09-08 16:20:18', NULL),(547, '00000072', 409, 1, '2022-09-08 16:20:18', NULL),(548, '00000072', 432, 11, '2022-09-08 16:20:18', NULL),(549, '00000073', 176, 6, '2022-09-09 14:55:56', NULL),(550, '00000074', 79, 24, '2022-09-09 18:50:29', NULL),(551, '00000074', 112, 6, '2022-09-09 18:50:30', NULL),(552, '00000074', 115, 420, '2022-09-09 18:50:30', NULL),(553, '00000074', 238, 84, '2022-09-09 18:50:30', NULL),(554, '00000074', 243, 60, '2022-09-09 18:50:30', NULL),(555, '00000074', 245, 20, '2022-09-09 18:50:30', NULL),(556, '00000074', 247, 20, '2022-09-09 18:50:30', NULL),(557, '00000074', 248, 60, '2022-09-09 18:50:30', NULL),(558, '00000074', 423, 24, '2022-09-09 18:50:30', NULL),(559, '00000074', 424, 12, '2022-09-09 18:50:30', NULL),(560, '00000074', 432, 60, '2022-09-09 18:50:30', NULL),(561, '00000074', 435, 204, '2022-09-09 18:50:31', NULL),(562, '00000075', 59, 50, '2022-09-09 20:13:31', NULL),(563, '00000075', 61, 5, '2022-09-09 20:13:32', NULL),(564, '00000075', 70, 5, '2022-09-09 20:13:32', NULL),(565, '00000075', 71, 5, '2022-09-09 20:13:32', NULL),(566, '00000075', 106, 1, '2022-09-09 20:13:32', NULL),(567, '00000075', 114, 5, '2022-09-09 20:13:32', NULL),(568, '00000075', 126, 4, '2022-09-09 20:13:32', NULL),(569, '00000075', 141, 3, '2022-09-09 20:13:32', NULL),(570, '00000075', 152, 3, '2022-09-09 20:13:32', NULL),(571, '00000075', 161, 8, '2022-09-09 20:13:32', NULL),(572, '00000075', 166, 3, '2022-09-09 20:13:32', NULL),(573, '00000075', 173, 24, '2022-09-09 20:13:32', NULL),(574, '00000075', 206, 6, '2022-09-09 20:13:32', NULL),(575, '00000075', 209, 6, '2022-09-09 20:13:33', NULL),(576, '00000075', 217, 18, '2022-09-09 20:13:33', NULL),(577, '00000075', 272, 1, '2022-09-09 20:13:33', NULL),(578, '00000075', 291, 9, '2022-09-09 20:13:33', NULL),(579, '00000075', 491, 8, '2022-09-09 20:13:33', NULL),(580, '00000075', 493, 5, '2022-09-09 20:13:33', NULL),(581, '00000075', 485, 4, '2022-09-09 20:13:33', NULL),(582, '00000075', 335, 3, '2022-09-09 20:13:33', NULL),(583, '00000075', 341, 3, '2022-09-09 20:13:33', NULL),(584, '00000075', 338, 2, '2022-09-09 20:13:33', NULL),(585, '00000075', 339, 2, '2022-09-09 20:13:33', NULL),(586, '00000075', 392, 2, '2022-09-09 20:13:33', NULL),(587, '00000075', 397, 3, '2022-09-09 20:13:33', NULL),(588, '00000075', 481, 5, '2022-09-09 20:13:33', NULL),(589, '00000075', 503, 1, '2022-09-09 20:13:33', NULL),(590, '00000075', 427, 1, '2022-09-09 20:13:33', NULL),(591, '00000075', 432, 1, '2022-09-09 20:13:33', NULL),(592, '00000075', 435, 1, '2022-09-09 20:13:33', NULL),(593, '00000075', 436, 1, '2022-09-09 20:13:34', NULL),(594, '00000076', 38, 36, '2022-09-09 20:25:00', NULL),(595, '00000076', 54, 6, '2022-09-09 20:25:01', NULL),(596, '00000076', 61, 75, '2022-09-09 20:25:01', NULL),(597, '00000076', 62, 105, '2022-09-09 20:25:01', NULL),(598, '00000076', 64, 42, '2022-09-09 20:25:01', NULL),(599, '00000076', 65, 42, '2022-09-09 20:25:01', NULL),(600, '00000076', 70, 15, '2022-09-09 20:25:01', NULL),(601, '00000076', 71, 5, '2022-09-09 20:25:01', NULL),(602, '00000076', 73, 30, '2022-09-09 20:25:01', NULL),(603, '00000076', 82, 2, '2022-09-09 20:25:01', NULL),(604, '00000076', 88, 4, '2022-09-09 20:25:01', NULL),(605, '00000076', 89, 4, '2022-09-09 20:25:01', NULL),(606, '00000076', 95, 7, '2022-09-09 20:25:02', NULL),(607, '00000076', 102, 1, '2022-09-09 20:25:02', NULL),(608, '00000076', 108, 24, '2022-09-09 20:25:02', NULL),(609, '00000076', 110, 1, '2022-09-09 20:25:02', NULL),(610, '00000076', 114, 58, '2022-09-09 20:25:02', NULL),(611, '00000076', 115, 520, '2022-09-09 20:25:02', NULL),(612, '00000076', 141, 3, '2022-09-09 20:25:02', NULL),(613, '00000076', 143, 72, '2022-09-09 20:25:02', NULL),(614, '00000076', 153, 8, '2022-09-09 20:25:02', NULL),(615, '00000076', 166, 3, '2022-09-09 20:25:03', NULL),(616, '00000076', 167, 152, '2022-09-09 20:25:03', NULL),(617, '00000076', 204, 18, '2022-09-09 20:25:03', NULL),(618, '00000076', 205, 20, '2022-09-09 20:25:03', NULL),(619, '00000076', 206, 9, '2022-09-09 20:25:03', NULL),(620, '00000076', 208, 32, '2022-09-09 20:25:03', NULL),(621, '00000076', 209, 9, '2022-09-09 20:25:03', NULL),(622, '00000076', 211, 2, '2022-09-09 20:25:03', NULL),(623, '00000076', 226, 15, '2022-09-09 20:25:03', NULL),(624, '00000076', 234, 3, '2022-09-09 20:25:03', NULL),(625, '00000076', 275, 1, '2022-09-09 20:25:04', NULL),(626, '00000076', 349, 12, '2022-09-09 20:25:04', NULL),(627, '00000076', 365, 22, '2022-09-09 20:25:04', NULL),(628, '00000076', 371, 1, '2022-09-09 20:25:04', NULL),(629, '00000076', 388, 18, '2022-09-09 20:25:04', NULL),(630, '00000076', 409, 1, '2022-09-09 20:25:04', NULL),(631, '00000076', 421, 4, '2022-09-09 20:25:04', NULL),(632, '00000076', 423, 1, '2022-09-09 20:25:04', NULL),(633, '00000076', 424, 1, '2022-09-09 20:25:04', NULL),(634, '00000076', 426, 1, '2022-09-09 20:25:04', NULL),(635, '00000076', 427, 5, '2022-09-09 20:25:04', NULL),(636, '00000076', 432, 2, '2022-09-09 20:25:04', NULL),(637, '00000077', 78, 24, '2022-09-11 09:30:36', NULL),(638, '00000077', 114, 42, '2022-09-11 09:30:36', NULL),(639, '00000077', 186, 6, '2022-09-11 09:30:36', NULL),(640, '00000077', 236, 168, '2022-09-11 09:30:36', NULL),(641, '00000077', 237, 168, '2022-09-11 09:30:36', NULL),(642, '00000077', 238, 168, '2022-09-11 09:30:36', NULL),(643, '00000077', 239, 16, '2022-09-11 09:30:37', NULL),(644, '00000077', 240, 30, '2022-09-11 09:30:37', NULL),(645, '00000077', 241, 49, '2022-09-11 09:30:37', NULL),(646, '00000077', 242, 11, '2022-09-11 09:30:37', NULL),(647, '00000077', 243, 180, '2022-09-11 09:30:37', NULL),(648, '00000077', 245, 30, '2022-09-11 09:30:37', NULL),(649, '00000077', 247, 19, '2022-09-11 09:30:37', NULL),(650, '00000077', 248, 180, '2022-09-11 09:30:37', NULL),(651, '00000077', 278, 12, '2022-09-11 09:30:37', NULL),(652, '00000077', 424, 60, '2022-09-11 09:30:37', NULL),(653, '00000077', 432, 48, '2022-09-11 09:30:37', NULL),(654, '00000078', 59, 50, '2022-09-11 09:45:45', NULL),(655, '00000078', 114, 6, '2022-09-11 09:45:45', NULL),(656, '00000078', 115, 10, '2022-09-11 09:45:45', NULL),(657, '00000078', 170, 1, '2022-09-11 09:45:46', NULL),(658, '00000078', 171, 6, '2022-09-11 09:45:46', NULL),(659, '00000078', 172, 4, '2022-09-11 09:45:46', NULL),(660, '00000078', 173, 24, '2022-09-11 09:45:46', NULL),(661, '00000078', 190, 1, '2022-09-11 09:45:46', NULL),(662, '00000078', 192, 1, '2022-09-11 09:45:46', NULL),(663, '00000078', 197, 1, '2022-09-11 09:45:46', NULL),(664, '00000078', 217, 18, '2022-09-11 09:45:46', NULL),(665, '00000078', 219, 2, '2022-09-11 09:45:46', NULL),(666, '00000078', 289, 8, '2022-09-11 09:45:46', NULL),(667, '00000078', 491, 3, '2022-09-11 09:45:46', NULL),(668, '00000078', 291, 10, '2022-09-11 09:45:46', NULL),(669, '00000078', 493, 4, '2022-09-11 09:45:46', NULL),(670, '00000078', 485, 4, '2022-09-11 09:45:46', NULL),(671, '00000078', 311, 1, '2022-09-11 09:45:47', NULL),(672, '00000078', 314, 3, '2022-09-11 09:45:47', NULL),(673, '00000078', 321, 3, '2022-09-11 09:45:47', NULL),(674, '00000078', 335, 11, '2022-09-11 09:45:47', NULL),(675, '00000078', 338, 15, '2022-09-11 09:45:47', NULL),(676, '00000078', 339, 14, '2022-09-11 09:45:47', NULL),(677, '00000078', 349, 12, '2022-09-11 09:45:47', NULL),(678, '00000078', 392, 1, '2022-09-11 09:45:47', NULL),(679, '00000078', 393, 1, '2022-09-11 09:45:47', NULL),(680, '00000078', 659, 3, '2022-09-11 09:45:47', NULL),(681, '00000078', 481, 22, '2022-09-11 09:45:47', NULL),(682, '00000078', 398, 1, '2022-09-11 09:45:47', NULL),(683, '00000078', 399, 13, '2022-09-11 09:45:47', NULL),(684, '00000078', 432, 1, '2022-09-11 09:45:47', NULL),(685, '00000079', 61, 20, '2022-09-11 10:01:57', NULL),(686, '00000079', 62, 30, '2022-09-11 10:01:57', NULL),(687, '00000079', 64, 78, '2022-09-11 10:01:57', NULL),(688, '00000079', 65, 60, '2022-09-11 10:01:57', NULL),(689, '00000079', 73, 7, '2022-09-11 10:01:57', NULL),(690, '00000079', 82, 3, '2022-09-11 10:01:57', NULL),(691, '00000079', 83, 11, '2022-09-11 10:01:58', NULL),(692, '00000079', 89, 9, '2022-09-11 10:01:58', NULL),(693, '00000079', 95, 8, '2022-09-11 10:01:58', NULL),(694, '00000079', 111, 2, '2022-09-11 10:01:58', NULL),(695, '00000079', 113, 100, '2022-09-11 10:01:58', NULL),(696, '00000079', 114, 34, '2022-09-11 10:01:58', NULL),(697, '00000079', 115, 340, '2022-09-11 10:01:58', NULL),(698, '00000079', 143, 56, '2022-09-11 10:01:58', NULL),(699, '00000079', 167, 48, '2022-09-11 10:01:58', NULL),(700, '00000079', 226, 15, '2022-09-11 10:01:58', NULL),(701, '00000079', 236, 14, '2022-09-11 10:01:58', NULL),(702, '00000079', 238, 14, '2022-09-11 10:01:58', NULL),(703, '00000079', 323, 1, '2022-09-11 10:01:58', NULL),(704, '00000079', 333, 1, '2022-09-11 10:01:59', NULL),(705, '00000079', 348, 12, '2022-09-11 10:01:59', NULL),(706, '00000079', 349, 12, '2022-09-11 10:01:59', NULL),(707, '00000079', 365, 16, '2022-09-11 10:01:59', NULL),(708, '00000079', 371, 1, '2022-09-11 10:01:59', NULL),(709, '00000079', 409, 3, '2022-09-11 10:01:59', NULL),(710, '00000079', 414, 5, '2022-09-11 10:01:59', NULL),(711, '00000079', 429, 1, '2022-09-11 10:01:59', NULL),(712, '00000079', 432, 2, '2022-09-11 10:02:00', NULL),(713, '00000080', 38, 1, '2022-09-11 10:39:24', NULL),(714, '00000080', 52, 1, '2022-09-11 10:39:24', NULL),(715, '00000080', 54, 1, '2022-09-11 10:39:24', NULL),(716, '00000080', 61, 25, '2022-09-11 10:39:25', NULL),(717, '00000080', 62, 75, '2022-09-11 10:39:25', NULL),(718, '00000080', 64, 48, '2022-09-11 10:39:25', NULL),(719, '00000080', 65, 60, '2022-09-11 10:39:25', NULL),(720, '00000080', 73, 60, '2022-09-11 10:39:25', NULL),(721, '00000080', 82, 1, '2022-09-11 10:39:25', NULL),(722, '00000080', 89, 2, '2022-09-11 10:39:25', NULL),(723, '00000080', 95, 2, '2022-09-11 10:39:25', NULL),(724, '00000080', 110, 2, '2022-09-11 10:39:25', NULL),(725, '00000080', 111, 6, '2022-09-11 10:39:25', NULL),(726, '00000080', 114, 34, '2022-09-11 10:39:25', NULL),(727, '00000080', 115, 290, '2022-09-11 10:39:25', NULL),(728, '00000080', 126, 7, '2022-09-11 10:39:26', NULL),(729, '00000080', 143, 56, '2022-09-11 10:39:26', NULL),(730, '00000080', 152, 4, '2022-09-11 10:39:26', NULL),(731, '00000080', 166, 21, '2022-09-11 10:39:26', NULL),(732, '00000080', 167, 96, '2022-09-11 10:39:26', NULL),(733, '00000080', 204, 90, '2022-09-11 10:39:26', NULL),(734, '00000080', 205, 20, '2022-09-11 10:39:26', NULL),(735, '00000080', 210, 54, '2022-09-11 10:39:26', NULL),(736, '00000080', 226, 30, '2022-09-11 10:39:26', NULL),(737, '00000080', 227, 10, '2022-09-11 10:39:26', NULL),(738, '00000080', 236, 98, '2022-09-11 10:39:26', NULL),(739, '00000080', 237, 28, '2022-09-11 10:39:26', NULL),(740, '00000080', 238, 28, '2022-09-11 10:39:26', NULL),(741, '00000080', 245, 1, '2022-09-11 10:39:26', NULL),(742, '00000080', 321, 3, '2022-09-11 10:39:26', NULL),(743, '00000080', 323, 6, '2022-09-11 10:39:27', NULL),(744, '00000080', 332, 2, '2022-09-11 10:39:27', NULL),(745, '00000080', 346, 6, '2022-09-11 10:39:27', NULL),(746, '00000080', 349, 48, '2022-09-11 10:39:27', NULL),(747, '00000080', 350, 12, '2022-09-11 10:39:27', NULL),(748, '00000080', 365, 12, '2022-09-11 10:39:27', NULL),(749, '00000080', 387, 36, '2022-09-11 10:39:27', NULL),(750, '00000080', 388, 18, '2022-09-11 10:39:27', NULL),(751, '00000080', 414, 5, '2022-09-11 10:39:27', NULL),(752, '00000080', 427, 2, '2022-09-11 10:39:27', NULL),(753, '00000081', 45, 24, '2022-09-11 14:40:59', NULL),(754, '00000081', 47, 12, '2022-09-11 14:40:59', NULL),(755, '00000081', 50, 36, '2022-09-11 14:40:59', NULL),(756, '00000081', 53, 6, '2022-09-11 14:40:59', NULL),(757, '00000081', 54, 120, '2022-09-11 14:40:59', NULL),(758, '00000081', 146, 15, '2022-09-11 14:40:59', NULL),(759, '00000081', 148, 36, '2022-09-11 14:41:00', NULL),(760, '00000081', 149, 24, '2022-09-11 14:41:00', NULL),(761, '00000081', 150, 72, '2022-09-11 14:41:00', NULL),(762, '00000081', 157, 19, '2022-09-11 14:41:00', NULL),(763, '00000081', 158, 12, '2022-09-11 14:41:00', NULL),(764, '00000081', 162, 23, '2022-09-11 14:41:00', NULL),(765, '00000081', 164, 96, '2022-09-11 14:41:00', NULL),(766, '00000081', 235, 12, '2022-09-11 14:41:00', NULL),(767, '00000081', 273, 24, '2022-09-11 14:41:00', NULL),(768, '00000081', 274, 12, '2022-09-11 14:41:00', NULL),(769, '00000081', 355, 60, '2022-09-11 14:41:01', NULL),(770, '00000081', 360, 56, '2022-09-11 14:41:01', NULL),(771, '00000081', 503, 48, '2022-09-11 14:41:01', NULL),(772, '00000081', 404, 24, '2022-09-11 14:41:01', NULL),(773, '00000082', 56, 5, '2022-09-11 19:38:38', NULL),(774, '00000082', 59, 225, '2022-09-11 19:38:38', NULL),(775, '00000082', 62, 25, '2022-09-11 19:38:38', NULL),(776, '00000082', 65, 6, '2022-09-11 19:38:38', NULL),(777, '00000082', 71, 20, '2022-09-11 19:38:38', NULL),(778, '00000082', 114, 20, '2022-09-11 19:38:38', NULL),(779, '00000082', 115, 120, '2022-09-11 19:38:38', NULL),(780, '00000082', 126, 30, '2022-09-11 19:38:38', NULL),(781, '00000082', 439, 18, '2022-09-11 19:38:39', NULL),(782, '00000083', 114, 126, '2022-09-11 20:07:20', NULL),(783, '00000083', 115, 420, '2022-09-11 20:07:20', NULL),(784, '00000083', 236, 168, '2022-09-11 20:07:20', NULL),(785, '00000083', 237, 168, '2022-09-11 20:07:20', NULL),(786, '00000083', 238, 168, '2022-09-11 20:07:20', NULL),(787, '00000083', 239, 30, '2022-09-11 20:07:20', NULL),(788, '00000083', 240, 30, '2022-09-11 20:07:20', NULL),(789, '00000083', 243, 66, '2022-09-11 20:07:20', NULL),(790, '00000083', 248, 144, '2022-09-11 20:07:20', NULL),(791, '00000084', 38, 36, '2022-09-11 21:15:09', NULL),(792, '00000084', 61, 50, '2022-09-11 21:15:09', NULL),(793, '00000084', 62, 35, '2022-09-11 21:15:09', NULL),(794, '00000084', 64, 24, '2022-09-11 21:15:09', NULL),(795, '00000084', 65, 6, '2022-09-11 21:15:09', NULL),(796, '00000084', 70, 5, '2022-09-11 21:15:09', NULL),(797, '00000084', 71, 20, '2022-09-11 21:15:09', NULL),(798, '00000084', 72, 6, '2022-09-11 21:15:09', NULL),(799, '00000084', 82, 1, '2022-09-11 21:15:09', NULL),(800, '00000084', 83, 23, '2022-09-11 21:15:09', NULL),(801, '00000084', 88, 1, '2022-09-11 21:15:09', NULL),(802, '00000084', 89, 11, '2022-09-11 21:15:09', NULL),(803, '00000084', 95, 1, '2022-09-11 21:15:09', NULL),(804, '00000084', 107, 6, '2022-09-11 21:15:09', NULL),(805, '00000084', 111, 1, '2022-09-11 21:15:10', NULL),(806, '00000084', 112, 1, '2022-09-11 21:15:10', NULL),(807, '00000084', 113, 100, '2022-09-11 21:15:10', NULL),(808, '00000084', 114, 43, '2022-09-11 21:15:10', NULL),(809, '00000084', 115, 310, '2022-09-11 21:15:10', NULL),(810, '00000084', 143, 32, '2022-09-11 21:15:10', NULL),(811, '00000084', 166, 4, '2022-09-11 21:15:10', NULL),(812, '00000084', 167, 64, '2022-09-11 21:15:10', NULL),(813, '00000084', 204, 54, '2022-09-11 21:15:10', NULL),(814, '00000084', 206, 7, '2022-09-11 21:15:10', NULL),(815, '00000084', 209, 2, '2022-09-11 21:15:10', NULL),(816, '00000084', 226, 90, '2022-09-11 21:15:10', NULL),(817, '00000084', 236, 28, '2022-09-11 21:15:10', NULL),(818, '00000084', 237, 42, '2022-09-11 21:15:10', NULL),(819, '00000084', 302, 5, '2022-09-11 21:15:10', NULL),(820, '00000084', 349, 24, '2022-09-11 21:15:11', NULL),(821, '00000084', 350, 12, '2022-09-11 21:15:11', NULL),(822, '00000084', 356, 6, '2022-09-11 21:15:11', NULL),(823, '00000084', 357, 1, '2022-09-11 21:15:11', NULL),(824, '00000084', 365, 10, '2022-09-11 21:15:11', NULL),(825, '00000084', 387, 36, '2022-09-11 21:15:11', NULL),(826, '00000084', 432, 2, '2022-09-11 21:15:11', NULL),(827, '00000085', 43, 7, '2022-09-11 23:57:24', NULL),(828, '00000085', 45, 7, '2022-09-11 23:57:24', NULL),(829, '00000085', 47, 1, '2022-09-11 23:57:24', NULL),(830, '00000085', 52, 10, '2022-09-11 23:57:24', NULL),(831, '00000085', 54, 8, '2022-09-11 23:57:24', NULL),(832, '00000085', 58, 6, '2022-09-11 23:57:24', NULL),(833, '00000085', 61, 40, '2022-09-11 23:57:24', NULL),(834, '00000085', 62, 75, '2022-09-11 23:57:24', NULL),(835, '00000085', 64, 12, '2022-09-11 23:57:24', NULL),(836, '00000085', 65, 30, '2022-09-11 23:57:24', NULL),(837, '00000085', 70, 5, '2022-09-11 23:57:24', NULL),(838, '00000085', 71, 5, '2022-09-11 23:57:24', NULL),(839, '00000085', 72, 6, '2022-09-11 23:57:25', NULL),(840, '00000085', 73, 54, '2022-09-11 23:57:25', NULL),(841, '00000085', 82, 3, '2022-09-11 23:57:25', NULL),(842, '00000085', 83, 2, '2022-09-11 23:57:25', NULL),(843, '00000085', 89, 2, '2022-09-11 23:57:25', NULL),(844, '00000085', 102, 1, '2022-09-11 23:57:25', NULL),(845, '00000085', 108, 6, '2022-09-11 23:57:25', NULL),(846, '00000085', 110, 2, '2022-09-11 23:57:25', NULL),(847, '00000085', 113, 400, '2022-09-11 23:57:25', NULL),(848, '00000085', 114, 38, '2022-09-11 23:57:26', NULL),(849, '00000085', 115, 260, '2022-09-11 23:57:26', NULL),(850, '00000085', 143, 16, '2022-09-11 23:57:26', NULL),(851, '00000085', 153, 24, '2022-09-11 23:57:26', NULL),(852, '00000085', 167, 120, '2022-09-11 23:57:26', NULL),(853, '00000085', 181, 73, '2022-09-11 23:57:26', NULL),(854, '00000085', 182, 74, '2022-09-11 23:57:26', NULL),(855, '00000085', 184, 74, '2022-09-11 23:57:26', NULL),(856, '00000085', 207, 80, '2022-09-11 23:57:26', NULL),(857, '00000085', 225, 15, '2022-09-11 23:57:26', NULL),(858, '00000085', 227, 5, '2022-09-11 23:57:26', NULL),(859, '00000085', 236, 28, '2022-09-11 23:57:27', NULL),(860, '00000085', 237, 14, '2022-09-11 23:57:27', NULL),(861, '00000085', 238, 14, '2022-09-11 23:57:27', NULL),(862, '00000085', 241, 11, '2022-09-11 23:57:27', NULL),(863, '00000085', 245, 1, '2022-09-11 23:57:27', NULL),(864, '00000085', 246, 1, '2022-09-11 23:57:27', NULL),(865, '00000085', 247, 1, '2022-09-11 23:57:27', NULL),(866, '00000085', 250, 10, '2022-09-11 23:57:27', NULL),(867, '00000085', 251, 14, '2022-09-11 23:57:27', NULL),(868, '00000085', 252, 14, '2022-09-11 23:57:27', NULL),(869, '00000085', 281, 1, '2022-09-11 23:57:27', NULL),(870, '00000085', 302, 5, '2022-09-11 23:57:27', NULL),(871, '00000085', 332, 1, '2022-09-11 23:57:27', NULL),(872, '00000085', 348, 12, '2022-09-11 23:57:27', NULL),(873, '00000085', 350, 12, '2022-09-11 23:57:28', NULL),(874, '00000085', 514, 8, '2022-09-11 23:57:28', NULL),(875, '00000085', 365, 16, '2022-09-11 23:57:28', NULL),(876, '00000085', 388, 18, '2022-09-11 23:57:28', NULL),(877, '00000085', 409, 1, '2022-09-11 23:57:28', NULL),(878, '00000085', 419, 36, '2022-09-11 23:57:28', NULL),(879, '00000085', 420, 36, '2022-09-11 23:57:28', NULL),(880, '00000086', 38, 54, '2022-09-12 00:13:15', NULL),(881, '00000086', 45, 1, '2022-09-12 00:13:15', NULL),(882, '00000086', 52, 1, '2022-09-12 00:13:15', NULL),(883, '00000086', 54, 2, '2022-09-12 00:13:15', NULL),(884, '00000086', 61, 65, '2022-09-12 00:13:15', NULL),(885, '00000086', 62, 110, '2022-09-12 00:13:15', NULL),(886, '00000086', 64, 42, '2022-09-12 00:13:16', NULL),(887, '00000086', 65, 42, '2022-09-12 00:13:16', NULL),(888, '00000086', 70, 20, '2022-09-12 00:13:16', NULL),(889, '00000086', 71, 25, '2022-09-12 00:13:16', NULL),(890, '00000086', 73, 30, '2022-09-12 00:13:16', NULL),(891, '00000086', 82, 1, '2022-09-12 00:13:16', NULL),(892, '00000086', 88, 2, '2022-09-12 00:13:16', NULL),(893, '00000086', 89, 1, '2022-09-12 00:13:16', NULL),(894, '00000086', 95, 12, '2022-09-12 00:13:16', NULL),(895, '00000086', 108, 12, '2022-09-12 00:13:17', NULL),(896, '00000086', 114, 23, '2022-09-12 00:13:17', NULL),(897, '00000086', 115, 200, '2022-09-12 00:13:17', NULL),(898, '00000086', 143, 32, '2022-09-12 00:13:17', NULL),(899, '00000086', 166, 4, '2022-09-12 00:13:17', NULL),(900, '00000086', 167, 88, '2022-09-12 00:13:17', NULL),(901, '00000086', 204, 54, '2022-09-12 00:13:17', NULL),(902, '00000086', 208, 96, '2022-09-12 00:13:17', NULL),(903, '00000086', 226, 30, '2022-09-12 00:13:17', NULL),(904, '00000086', 275, 1, '2022-09-12 00:13:17', NULL),(905, '00000086', 282, 1, '2022-09-12 00:13:17', NULL),(906, '00000086', 302, 12, '2022-09-12 00:13:17', NULL),(907, '00000086', 318, 6, '2022-09-12 00:13:17', NULL),(908, '00000086', 349, 36, '2022-09-12 00:13:17', NULL),(909, '00000086', 350, 12, '2022-09-12 00:13:18', NULL),(910, '00000086', 365, 7, '2022-09-12 00:13:18', NULL),(911, '00000086', 387, 54, '2022-09-12 00:13:18', NULL),(912, '00000086', 409, 1, '2022-09-12 00:13:18', NULL),(913, '00000086', 427, 2, '2022-09-12 00:13:18', NULL),(914, '00000086', 432, 2, '2022-09-12 00:13:18', NULL),(915, '00000087', 175, 4, '2022-09-12 00:23:19', NULL),(916, '00000087', 429, 12, '2022-09-12 00:23:19', NULL),(917, '00000087', 432, 12, '2022-09-12 00:23:19', NULL),(918, '00000087', 432, 36, '2022-09-12 00:23:19', NULL),(919, '00000087', 498, 27, '2022-09-12 00:23:19', NULL),(920, '00000087', 499, 27, '2022-09-12 00:23:19', NULL),(921, '00000088', 61, 10, '2022-09-12 00:31:41', NULL),(922, '00000088', 62, 5, '2022-09-12 00:31:41', NULL),(923, '00000088', 64, 6, '2022-09-12 00:31:41', NULL),(924, '00000088', 65, 2, '2022-09-12 00:31:41', NULL),(925, '00000088', 102, 1, '2022-09-12 00:31:41', NULL),(926, '00000088', 113, 100, '2022-09-12 00:31:41', NULL),(927, '00000088', 114, 3, '2022-09-12 00:31:41', NULL),(928, '00000088', 115, 20, '2022-09-12 00:31:41', NULL),(929, '00000088', 212, 36, '2022-09-12 00:31:41', NULL),(930, '00000088', 217, 36, '2022-09-12 00:31:41', NULL),(931, '00000088', 226, 15, '2022-09-12 00:31:42', NULL),(932, '00000088', 432, 1, '2022-09-12 00:31:42', NULL),(933, '00000089', 61, 60, '2022-09-12 00:49:29', NULL),(934, '00000089', 62, 80, '2022-09-12 00:49:29', NULL),(935, '00000089', 64, 24, '2022-09-12 00:49:29', NULL),(936, '00000089', 65, 72, '2022-09-12 00:49:29', NULL),(937, '00000089', 70, 15, '2022-09-12 00:49:29', NULL),(938, '00000089', 71, 10, '2022-09-12 00:49:29', NULL),(939, '00000089', 73, 33, '2022-09-12 00:49:29', NULL),(940, '00000089', 82, 3, '2022-09-12 00:49:29', NULL),(941, '00000089', 83, 2, '2022-09-12 00:49:30', NULL),(942, '00000089', 88, 3, '2022-09-12 00:49:30', NULL),(943, '00000089', 89, 4, '2022-09-12 00:49:30', NULL),(944, '00000089', 95, 7, '2022-09-12 00:49:30', NULL),(945, '00000089', 108, 24, '2022-09-12 00:49:30', NULL),(946, '00000089', 111, 2, '2022-09-12 00:49:30', NULL),(947, '00000089', 113, 300, '2022-09-12 00:49:30', NULL),(948, '00000089', 114, 44, '2022-09-12 00:49:30', NULL),(949, '00000089', 115, 400, '2022-09-12 00:49:30', NULL),(950, '00000089', 126, 8, '2022-09-12 00:49:30', NULL),(951, '00000089', 143, 160, '2022-09-12 00:49:30', NULL),(952, '00000089', 152, 8, '2022-09-12 00:49:30', NULL),(953, '00000089', 153, 16, '2022-09-12 00:49:31', NULL),(954, '00000089', 166, 8, '2022-09-12 00:49:31', NULL),(955, '00000089', 167, 216, '2022-09-12 00:49:31', NULL),(956, '00000089', 204, 36, '2022-09-12 00:49:31', NULL),(957, '00000089', 207, 32, '2022-09-12 00:49:31', NULL),(958, '00000089', 513, 32, '2022-09-12 00:49:31', NULL),(959, '00000089', 226, 15, '2022-09-12 00:49:31', NULL),(960, '00000089', 234, 6, '2022-09-12 00:49:31', NULL),(961, '00000089', 236, 14, '2022-09-12 00:49:31', NULL),(962, '00000089', 237, 14, '2022-09-12 00:49:31', NULL),(963, '00000089', 240, 4, '2022-09-12 00:49:31', NULL),(964, '00000089', 349, 24, '2022-09-12 00:49:31', NULL),(965, '00000089', 365, 4, '2022-09-12 00:49:31', NULL),(966, '00000089', 660, 1, '2022-09-12 00:49:31', NULL),(967, '00000089', 427, 3, '2022-09-12 00:49:32', NULL),(968, '00000089', 432, 1, '2022-09-12 00:49:32', NULL),(969, '00000090', 519, 1320, '2022-09-16 16:05:40', NULL),(970, '00000091', 519, 1200, '2022-09-17 09:29:33', NULL),(971, '00000092', 520, 2400, '2022-09-17 09:38:58', NULL),(972, '00000093', 519, 2400, '2022-09-17 09:45:19', NULL),(973, '00000094', 519, 2400, '2022-09-20 10:27:36', NULL),(974, '00000094', 520, 2400, '2022-09-20 10:27:36', NULL),(975, '00000095', 520, 2400, '2022-09-21 07:39:06', NULL),(976, '00000096', 520, 2400, '2022-09-23 08:02:28', NULL),(977, '00000097', 38, 18, '2022-09-23 16:53:57', NULL),(978, '00000097', 61, 32, '2022-09-23 16:53:58', NULL),(979, '00000097', 62, 40, '2022-09-23 16:53:58', NULL),(980, '00000097', 64, 36, '2022-09-23 16:53:58', NULL),(981, '00000097', 65, 25, '2022-09-23 16:53:58', NULL),(982, '00000097', 73, 25, '2022-09-23 16:53:58', NULL),(983, '00000097', 512, 106, '2022-09-23 16:53:58', NULL),(984, '00000097', 89, 1, '2022-09-23 16:53:58', NULL),(985, '00000097', 108, 12, '2022-09-23 16:53:58', NULL),(986, '00000097', 110, 1, '2022-09-23 16:53:58', NULL),(987, '00000097', 114, 15, '2022-09-23 16:53:58', NULL),(988, '00000097', 115, 220, '2022-09-23 16:53:58', NULL),(989, '00000097', 119, 1, '2022-09-23 16:53:58', NULL),(990, '00000097', 126, 18, '2022-09-23 16:53:58', NULL),(991, '00000097', 140, 3, '2022-09-23 16:53:58', NULL),(992, '00000097', 143, 48, '2022-09-23 16:53:58', NULL),(993, '00000097', 153, 4, '2022-09-23 16:53:58', NULL),(994, '00000097', 165, 3, '2022-09-23 16:53:58', NULL),(995, '00000097', 166, 24, '2022-09-23 16:53:58', NULL),(996, '00000097', 167, 60, '2022-09-23 16:53:58', NULL),(997, '00000097', 234, 3, '2022-09-23 16:53:58', NULL),(998, '00000097', 236, 28, '2022-09-23 16:53:58', NULL),(999, '00000097', 349, 12, '2022-09-23 16:53:58', NULL),(1000, '00000097', 387, 18, '2022-09-23 16:53:58', NULL),(1001, '00000097', 423, 1, '2022-09-23 16:53:58', NULL),(1002, '00000097', 424, 1, '2022-09-23 16:53:58', NULL),(1003, '00000097', 432, 5, '2022-09-23 16:53:58', NULL),(1004, '00000097', 437, 1, '2022-09-23 16:53:58', NULL),(1005, '00000098', 59, 25, '2022-09-23 17:05:11', NULL),(1006, '00000098', 60, 50, '2022-09-23 17:05:11', NULL),(1007, '00000098', 512, 125, '2022-09-23 17:05:11', NULL),(1008, '00000098', 114, 6, '2022-09-23 17:05:11', NULL),(1009, '00000098', 193, 2, '2022-09-23 17:05:11', NULL),(1010, '00000098', 217, 90, '2022-09-23 17:05:11', NULL),(1011, '00000098', 506, 1, '2022-09-23 17:05:11', NULL),(1012, '00000098', 495, 5, '2022-09-23 17:05:11', NULL),(1013, '00000098', 392, 2, '2022-09-23 17:05:11', NULL),(1014, '00000098', 393, 2, '2022-09-23 17:05:11', NULL),(1015, '00000098', 396, 4, '2022-09-23 17:05:11', NULL),(1016, '00000098', 397, 10, '2022-09-23 17:05:11', NULL),(1017, '00000098', 481, 4, '2022-09-23 17:05:11', NULL),(1018, '00000098', 398, 2, '2022-09-23 17:05:11', NULL),(1019, '00000098', 399, 6, '2022-09-23 17:05:11', NULL),(1020, '00000099', 43, 6, '2022-09-23 17:11:11', NULL),(1021, '00000099', 52, 6, '2022-09-23 17:11:11', NULL),(1022, '00000099', 53, 6, '2022-09-23 17:11:11', NULL),(1023, '00000099', 58, 6, '2022-09-23 17:11:11', NULL),(1024, '00000099', 77, 24, '2022-09-23 17:11:11', NULL),(1025, '00000099', 114, 11, '2022-09-23 17:11:11', NULL),(1026, '00000099', 115, 50, '2022-09-23 17:11:11', NULL),(1027, '00000099', 126, 12, '2022-09-23 17:11:11', NULL),(1028, '00000099', 153, 24, '2022-09-23 17:11:11', NULL),(1029, '00000099', 226, 30, '2022-09-23 17:11:11', NULL),(1030, '00000099', 432, 12, '2022-09-23 17:11:11', NULL),(1031, '00000100', 737, 4, '2022-09-27 09:53:06', NULL),(1032, '00000101', 710, 1, '2022-09-27 14:42:14', NULL),(1033, '00000102', 520, 4800, '2022-09-28 07:46:40', '2022-09-28 07:49:18');
UNLOCK TABLES;
COMMIT;
BEGIN;
LOCK TABLES `db_deca`.`usuario` WRITE;
DELETE FROM `db_deca`.`usuario`;
INSERT INTO `db_deca`.`usuario` (`id_usuario`,`tipo_usuario`,`documento`,`nombre`,`usuario`,`contrasena`,`habilitado`,`fecha`,`usuarioCreador`,`devolucionIngreso`,`cambioEstado`,`actualizarArribo`,`devolucionSalida`,`consolidar`,`actualizarSalida`) VALUES (1, 'Desarrollador', '6816182', 'Jose Chirivella', 'admin', 'admin', 1, '2021-03-06 14:17:00', 'DECA', 1, 1, 1, 1, 1, 1),(2, 'Operativo', '1013610413', 'ELIAS RAMOS', 'INVENTARIO', 'Elias.123', 0, '2022-01-13 07:11:00', 'FACTURACION', 1, 1, 1, 1, 1, 1),(3, 'Operativo', '18920505', 'MIYERLINA BOSCAN', 'SERVIC', '3105', 0, '2022-01-06 13:38:00', 'FACTURACION', 0, 0, 0, 0, 0, 0),(4, 'Administrativo', '1083026045', 'JAIRO LAFAURIE', 'JLAFAURIE', '2597', 1, '2021-04-21 15:05:00', 'DECA', 0, 0, 0, 0, 0, 0),(5, 'Administrativo', '1221981737', 'NAIBER BLANCO', 'cordinador', 'naiber1221', 1, '2022-01-06 13:39:00', 'FACTURACION', 1, 1, 1, 1, 1, 1),(6, 'Administrativo', '1004377626', 'YAN JAVID OLIVERO RETAMOZO', 'AUXFACTURACION', 'Yan.123', 1, '2022-01-13 07:32:00', 'FACTURACION', 1, 0, 1, 1, 0, 1),(7, 'Administrativo', '1065632720', 'ISABEL CABALLERO', 'ISA_VALLEDUPAR', 'Isa.123', 1, '2022-02-04 16:39:00', 'AUXFACTURACION', 1, 1, 1, 1, 1, 1);
UNLOCK TABLES;
COMMIT;
